Year,Gender.Code,Race,min_age,max_age,Hispanic.Origin,rural_urban_class,nation,label_cause,attr,value,Education,source,measure1,measure2
2010,A,All,25,34,All Origins,666,us,all-cause,overall,13.9810637496852,666,nvss,Deaths,age-adjusted rate
2010,A,All,35,44,All Origins,666,us,all-cause,overall,27.8979831977205,666,nvss,Deaths,age-adjusted rate
2010,A,All,45,54,All Origins,666,us,all-cause,overall,55.0787082375262,666,nvss,Deaths,age-adjusted rate
2010,A,All,55,64,All Origins,666,us,all-cause,overall,73.8924438017949,666,nvss,Deaths,age-adjusted rate
2010,A,All,65,74,All Origins,666,us,all-cause,overall,123.251865815095,666,nvss,Deaths,age-adjusted rate
2010,A,All,75,84,All Origins,666,us,all-cause,overall,214.70116227616,666,nvss,Deaths,age-adjusted rate
2010,A,All,85,150,All Origins,666,us,all-cause,overall,214.262690255465,666,nvss,Deaths,age-adjusted rate
2010,A,All,25,34,All Origins,666,us,all-cause,overall,4.95682191371496,higher,nvss,Deaths,age-adjusted rate
2010,A,All,35,44,All Origins,666,us,all-cause,overall,11.5420054544505,higher,nvss,Deaths,age-adjusted rate
2010,A,All,45,64,All Origins,666,us,all-cause,overall,73.1409663363335,higher,nvss,Deaths,age-adjusted rate
2010,A,All,65,150,All Origins,666,us,all-cause,overall,429.321314364167,higher,nvss,Deaths,age-adjusted rate
2010,A,All,25,34,All Origins,666,us,all-cause,overall,24.361359660265,lower,nvss,Deaths,age-adjusted rate
2010,A,All,35,44,All Origins,666,us,all-cause,overall,43.3775619623974,lower,nvss,Deaths,age-adjusted rate
2010,A,All,45,64,All Origins,666,us,all-cause,overall,205.492182507469,lower,nvss,Deaths,age-adjusted rate
2010,A,All,65,150,All Origins,666,us,all-cause,overall,684.539719207063,lower,nvss,Deaths,age-adjusted rate
2010,A,All,25,34,All Origins,666,us,all-cause,overall,10.3821611788403,middle,nvss,Deaths,age-adjusted rate
2010,A,All,35,44,All Origins,666,us,all-cause,overall,19.4546972767083,middle,nvss,Deaths,age-adjusted rate
2010,A,All,45,64,All Origins,666,us,all-cause,overall,99.3231095564058,middle,nvss,Deaths,age-adjusted rate
2010,A,All,65,150,All Origins,666,us,all-cause,overall,408.092798089098,middle,nvss,Deaths,age-adjusted rate
2010,A,All,25,34,All Origins,666,us,cvd_ihd,total,0.337824447002016,666,nvss,Deaths,age-adjusted rate
2010,A,All,35,44,All Origins,666,us,cvd_ihd,total,2.11828674241101,666,nvss,Deaths,age-adjusted rate
2010,A,All,45,54,All Origins,666,us,cvd_ihd,total,6.91694327615777,666,nvss,Deaths,age-adjusted rate
2010,A,All,55,64,All Origins,666,us,cvd_ihd,total,11.0209773150057,666,nvss,Deaths,age-adjusted rate
2010,A,All,65,74,All Origins,666,us,cvd_ihd,total,18.471314870703,666,nvss,Deaths,age-adjusted rate
2010,A,All,75,84,All Origins,666,us,cvd_ihd,total,34.3616892618973,666,nvss,Deaths,age-adjusted rate
2010,A,All,85,150,All Origins,666,us,cvd_ihd,total,39.9640681571266,666,nvss,Deaths,age-adjusted rate
2010,A,All,25,34,All Origins,666,us,cvd_ihd,total,0.131847758091781,higher,nvss,Deaths,age-adjusted rate
2010,A,All,35,44,All Origins,666,us,cvd_ihd,total,0.687411693913357,higher,nvss,Deaths,age-adjusted rate
2010,A,All,45,64,All Origins,666,us,cvd_ihd,total,9.40793683529849,higher,nvss,Deaths,age-adjusted rate
2010,A,All,65,150,All Origins,666,us,cvd_ihd,total,69.1431699635157,higher,nvss,Deaths,age-adjusted rate
2010,A,All,25,34,All Origins,666,us,cvd_ihd,total,0.583699507629743,lower,nvss,Deaths,age-adjusted rate
2010,A,All,35,44,All Origins,666,us,cvd_ihd,total,3.49586985246035,lower,nvss,Deaths,age-adjusted rate
2010,A,All,45,64,All Origins,666,us,cvd_ihd,total,29.5532839010031,lower,nvss,Deaths,age-adjusted rate
2010,A,All,65,150,All Origins,666,us,cvd_ihd,total,117.883232872907,lower,nvss,Deaths,age-adjusted rate
2010,A,All,25,34,All Origins,666,us,cvd_ihd,total,0.257728910576367,middle,nvss,Deaths,age-adjusted rate
2010,A,All,35,44,All Origins,666,us,cvd_ihd,total,1.42672119205569,middle,nvss,Deaths,age-adjusted rate
2010,A,All,45,64,All Origins,666,us,cvd_ihd,total,13.594138163285,middle,nvss,Deaths,age-adjusted rate
2010,A,All,65,150,All Origins,666,us,cvd_ihd,total,65.0356414249658,middle,nvss,Deaths,age-adjusted rate
2010,A,All,25,34,All Origins,666,us,cvd_stroke,total,0.0891435493062769,666,nvss,Deaths,age-adjusted rate
2010,A,All,35,44,All Origins,666,us,cvd_stroke,total,0.389218822683123,666,nvss,Deaths,age-adjusted rate
2010,A,All,45,54,All Origins,666,us,cvd_stroke,total,0.979400807040017,666,nvss,Deaths,age-adjusted rate
2010,A,All,55,64,All Origins,666,us,cvd_stroke,total,1.28411249480138,666,nvss,Deaths,age-adjusted rate
2010,A,All,65,74,All Origins,666,us,cvd_stroke,total,2.49452326405186,666,nvss,Deaths,age-adjusted rate
2010,A,All,75,84,All Origins,666,us,cvd_stroke,total,5.62929828373378,666,nvss,Deaths,age-adjusted rate
2010,A,All,85,150,All Origins,666,us,cvd_stroke,total,5.89584715958505,666,nvss,Deaths,age-adjusted rate
2010,A,All,25,34,All Origins,666,us,cvd_stroke,total,0.0337791776929355,higher,nvss,Deaths,age-adjusted rate
2010,A,All,35,44,All Origins,666,us,cvd_stroke,total,0.127715833841826,higher,nvss,Deaths,age-adjusted rate
2010,A,All,45,64,All Origins,666,us,cvd_stroke,total,1.21357751694985,higher,nvss,Deaths,age-adjusted rate
2010,A,All,65,150,All Origins,666,us,cvd_stroke,total,11.8242107083826,higher,nvss,Deaths,age-adjusted rate
2010,A,All,25,34,All Origins,666,us,cvd_stroke,total,0.154894771889752,lower,nvss,Deaths,age-adjusted rate
2010,A,All,35,44,All Origins,666,us,cvd_stroke,total,0.599819716064527,lower,nvss,Deaths,age-adjusted rate
2010,A,All,45,64,All Origins,666,us,cvd_stroke,total,3.66928569528051,lower,nvss,Deaths,age-adjusted rate
2010,A,All,65,150,All Origins,666,us,cvd_stroke,total,17.0275780816421,lower,nvss,Deaths,age-adjusted rate
2010,A,All,25,34,All Origins,666,us,cvd_stroke,total,0.0619434291514016,middle,nvss,Deaths,age-adjusted rate
2010,A,All,35,44,All Origins,666,us,cvd_stroke,total,0.307213687340459,middle,nvss,Deaths,age-adjusted rate
2010,A,All,45,64,All Origins,666,us,cvd_stroke,total,1.69126481682817,middle,nvss,Deaths,age-adjusted rate
2010,A,All,65,150,All Origins,666,us,cvd_stroke,total,10.6164925171366,middle,nvss,Deaths,age-adjusted rate
2010,A,All,25,34,All Origins,666,us,lri,total,0.0309206407187824,666,nvss,Deaths,age-adjusted rate
2010,A,All,35,44,All Origins,666,us,lri,total,0.0559427665630178,666,nvss,Deaths,age-adjusted rate
2010,A,All,45,54,All Origins,666,us,lri,total,0.100397573549084,666,nvss,Deaths,age-adjusted rate
2010,A,All,55,64,All Origins,666,us,lri,total,0.108392946088702,666,nvss,Deaths,age-adjusted rate
2010,A,All,65,74,All Origins,666,us,lri,total,0.1728069888625,666,nvss,Deaths,age-adjusted rate
2010,A,All,75,84,All Origins,666,us,lri,total,0.286607391303376,666,nvss,Deaths,age-adjusted rate
2010,A,All,85,150,All Origins,666,us,lri,total,0.322588704740737,666,nvss,Deaths,age-adjusted rate
2010,A,All,25,34,All Origins,666,us,lri,total,0.00980685803988451,higher,nvss,Deaths,age-adjusted rate
2010,A,All,35,44,All Origins,666,us,lri,total,0.0162775082347425,higher,nvss,Deaths,age-adjusted rate
2010,A,All,45,64,All Origins,666,us,lri,total,0.104499769940442,higher,nvss,Deaths,age-adjusted rate
2010,A,All,65,150,All Origins,666,us,lri,total,0.694489404742689,higher,nvss,Deaths,age-adjusted rate
2010,A,All,25,34,All Origins,666,us,lri,total,0.0507564789243255,lower,nvss,Deaths,age-adjusted rate
2010,A,All,35,44,All Origins,666,us,lri,total,0.0855496515618774,lower,nvss,Deaths,age-adjusted rate
2010,A,All,45,64,All Origins,666,us,lri,total,0.322864651659989,lower,nvss,Deaths,age-adjusted rate
2010,A,All,65,150,All Origins,666,us,lri,total,0.935739786364033,lower,nvss,Deaths,age-adjusted rate
2010,A,All,25,34,All Origins,666,us,lri,total,0.0232287859317756,middle,nvss,Deaths,age-adjusted rate
2010,A,All,35,44,All Origins,666,us,lri,total,0.0468631048485446,middle,nvss,Deaths,age-adjusted rate
2010,A,All,45,64,All Origins,666,us,lri,total,0.171993032219814,middle,nvss,Deaths,age-adjusted rate
2010,A,All,65,150,All Origins,666,us,lri,total,0.594425023442812,middle,nvss,Deaths,age-adjusted rate
2010,A,All,25,34,All Origins,666,us,ncd_lri,total,4.66112211686326,666,nvss,Deaths,age-adjusted rate
2010,A,All,35,44,All Origins,666,us,ncd_lri,total,15.9674939030401,666,nvss,Deaths,age-adjusted rate
2010,A,All,45,54,All Origins,666,us,ncd_lri,total,42.0450053311093,666,nvss,Deaths,age-adjusted rate
2010,A,All,55,64,All Origins,666,us,ncd_lri,total,65.0713452066419,666,nvss,Deaths,age-adjusted rate
2010,A,All,65,74,All Origins,666,us,ncd_lri,total,114.816347033593,666,nvss,Deaths,age-adjusted rate
2010,A,All,75,84,All Origins,666,us,ncd_lri,total,200.872012813964,666,nvss,Deaths,age-adjusted rate
2010,A,All,85,150,All Origins,666,us,ncd_lri,total,199.012330222501,666,nvss,Deaths,age-adjusted rate
2010,A,All,25,34,All Origins,666,us,ncd_lri,total,2.07469530088223,higher,nvss,Deaths,age-adjusted rate
2010,A,All,35,44,All Origins,666,us,ncd_lri,total,7.19090229170202,higher,nvss,Deaths,age-adjusted rate
2010,A,All,45,64,All Origins,666,us,ncd_lri,total,61.9624484933649,higher,nvss,Deaths,age-adjusted rate
2010,A,All,65,150,All Origins,666,us,ncd_lri,total,399.150873010591,higher,nvss,Deaths,age-adjusted rate
2010,A,All,25,34,All Origins,666,us,ncd_lri,total,7.7762426158889,lower,nvss,Deaths,age-adjusted rate
2010,A,All,35,44,All Origins,666,us,ncd_lri,total,24.2922124230476,lower,nvss,Deaths,age-adjusted rate
2010,A,All,45,64,All Origins,666,us,ncd_lri,total,171.745719325473,lower,nvss,Deaths,age-adjusted rate
2010,A,All,65,150,All Origins,666,us,ncd_lri,total,638.413741802004,lower,nvss,Deaths,age-adjusted rate
2010,A,All,25,34,All Origins,666,us,ncd_lri,total,3.46993816514191,middle,nvss,Deaths,age-adjusted rate
2010,A,All,35,44,All Origins,666,us,ncd_lri,total,11.3460783849976,middle,nvss,Deaths,age-adjusted rate
2010,A,All,45,64,All Origins,666,us,ncd_lri,total,83.4405085477516,middle,nvss,Deaths,age-adjusted rate
2010,A,All,65,150,All Origins,666,us,ncd_lri,total,380.154821987286,middle,nvss,Deaths,age-adjusted rate
2010,A,All,25,34,All Origins,666,us,neo_lung,total,0.0549334787237943,666,nvss,Deaths,age-adjusted rate
2010,A,All,35,44,All Origins,666,us,neo_lung,total,0.539589805146838,666,nvss,Deaths,age-adjusted rate
2010,A,All,45,54,All Origins,666,us,neo_lung,total,3.63619032797323,666,nvss,Deaths,age-adjusted rate
2010,A,All,55,64,All Origins,666,us,neo_lung,total,7.41127874493143,666,nvss,Deaths,age-adjusted rate
2010,A,All,65,74,All Origins,666,us,neo_lung,total,14.7327021308893,666,nvss,Deaths,age-adjusted rate
2010,A,All,75,84,All Origins,666,us,neo_lung,total,16.0832685983437,666,nvss,Deaths,age-adjusted rate
2010,A,All,85,150,All Origins,666,us,neo_lung,total,5.16421709636126,666,nvss,Deaths,age-adjusted rate
2010,A,All,25,34,All Origins,666,us,neo_lung,total,0.032689526799615,higher,nvss,Deaths,age-adjusted rate
2010,A,All,35,44,All Origins,666,us,neo_lung,total,0.22162453519611,higher,nvss,Deaths,age-adjusted rate
2010,A,All,45,64,All Origins,666,us,neo_lung,total,4.72713581947566,higher,nvss,Deaths,age-adjusted rate
2010,A,All,65,150,All Origins,666,us,neo_lung,total,23.2304266228099,higher,nvss,Deaths,age-adjusted rate
2010,A,All,25,34,All Origins,666,us,neo_lung,total,0.0831356120312228,lower,nvss,Deaths,age-adjusted rate
2010,A,All,35,44,All Origins,666,us,neo_lung,total,0.865218066932624,lower,nvss,Deaths,age-adjusted rate
2010,A,All,45,64,All Origins,666,us,neo_lung,total,19.662254226564,lower,nvss,Deaths,age-adjusted rate
2010,A,All,65,150,All Origins,666,us,neo_lung,total,44.5053604559582,lower,nvss,Deaths,age-adjusted rate
2010,A,All,25,34,All Origins,666,us,neo_lung,total,0.0431391738732976,middle,nvss,Deaths,age-adjusted rate
2010,A,All,35,44,All Origins,666,us,neo_lung,total,0.342361015976868,middle,nvss,Deaths,age-adjusted rate
2010,A,All,45,64,All Origins,666,us,neo_lung,total,8.25566554655109,middle,nvss,Deaths,age-adjusted rate
2010,A,All,65,150,All Origins,666,us,neo_lung,total,27.0509584502498,middle,nvss,Deaths,age-adjusted rate
2010,A,All,25,34,All Origins,666,us,resp_copd,total,0.0180918642503514,666,nvss,Deaths,age-adjusted rate
2010,A,All,35,44,All Origins,666,us,resp_copd,total,0.154735311770049,666,nvss,Deaths,age-adjusted rate
2010,A,All,45,54,All Origins,666,us,resp_copd,total,1.15472194293916,666,nvss,Deaths,age-adjusted rate
2010,A,All,55,64,All Origins,666,us,resp_copd,total,3.24087793294534,666,nvss,Deaths,age-adjusted rate
2010,A,All,65,74,All Origins,666,us,resp_copd,total,9.43489905974803,666,nvss,Deaths,age-adjusted rate
2010,A,All,75,84,All Origins,666,us,resp_copd,total,16.2440567161921,666,nvss,Deaths,age-adjusted rate
2010,A,All,85,150,All Origins,666,us,resp_copd,total,10.2889849235391,666,nvss,Deaths,age-adjusted rate
2010,A,All,25,34,All Origins,666,us,resp_copd,total,0.002179301786641,higher,nvss,Deaths,age-adjusted rate
2010,A,All,35,44,All Origins,666,us,resp_copd,total,0.0162775082347425,higher,nvss,Deaths,age-adjusted rate
2010,A,All,45,64,All Origins,666,us,resp_copd,total,1.02528076167981,higher,nvss,Deaths,age-adjusted rate
2010,A,All,65,150,All Origins,666,us,resp_copd,total,19.0813810221106,higher,nvss,Deaths,age-adjusted rate
2010,A,All,25,34,All Origins,666,us,resp_copd,total,0.0341293565180809,lower,nvss,Deaths,age-adjusted rate
2010,A,All,35,44,All Origins,666,us,resp_copd,total,0.306228866386266,lower,nvss,Deaths,age-adjusted rate
2010,A,All,45,64,All Origins,666,us,resp_copd,total,8.76946420735183,lower,nvss,Deaths,age-adjusted rate
2010,A,All,65,150,All Origins,666,us,resp_copd,total,46.9035405371438,lower,nvss,Deaths,age-adjusted rate
2010,A,All,25,34,All Origins,666,us,resp_copd,total,0.0154858572878504,middle,nvss,Deaths,age-adjusted rate
2010,A,All,35,44,All Origins,666,us,resp_copd,total,0.0624841397980595,middle,nvss,Deaths,age-adjusted rate
2010,A,All,45,64,All Origins,666,us,resp_copd,total,2.86846157068824,middle,nvss,Deaths,age-adjusted rate
2010,A,All,65,150,All Origins,666,us,resp_copd,total,25.6434339128749,middle,nvss,Deaths,age-adjusted rate
2010,A,All,25,34,All Origins,666,us,t2_dm,total,0.012828776468431,666,nvss,Deaths,age-adjusted rate
2010,A,All,35,44,All Origins,666,us,t2_dm,total,0.0753838698366906,666,nvss,Deaths,age-adjusted rate
2010,A,All,45,54,All Origins,666,us,t2_dm,total,0.279315040441033,666,nvss,Deaths,age-adjusted rate
2010,A,All,55,64,All Origins,666,us,t2_dm,total,0.618812245832435,666,nvss,Deaths,age-adjusted rate
2010,A,All,65,74,All Origins,666,us,t2_dm,total,1.13925726398687,666,nvss,Deaths,age-adjusted rate
2010,A,All,75,84,All Origins,666,us,t2_dm,total,1.84169247138964,666,nvss,Deaths,age-adjusted rate
2010,A,All,85,150,All Origins,666,us,t2_dm,total,1.34407297274458,666,nvss,Deaths,age-adjusted rate
2010,A,All,25,34,All Origins,666,us,t2_dm,total,0.00435860357328201,higher,nvss,Deaths,age-adjusted rate
2010,A,All,35,44,All Origins,666,us,t2_dm,total,0.0225380883250281,higher,nvss,Deaths,age-adjusted rate
2010,A,All,45,64,All Origins,666,us,t2_dm,total,0.411098151558155,higher,nvss,Deaths,age-adjusted rate
2010,A,All,65,150,All Origins,666,us,t2_dm,total,2.60718153583731,higher,nvss,Deaths,age-adjusted rate
2010,A,All,25,34,All Origins,666,us,t2_dm,total,0.0253782394621627,lower,nvss,Deaths,age-adjusted rate
2010,A,All,35,44,All Origins,666,us,t2_dm,total,0.130268787605586,lower,nvss,Deaths,age-adjusted rate
2010,A,All,45,64,All Origins,666,us,t2_dm,total,1.55543599478963,lower,nvss,Deaths,age-adjusted rate
2010,A,All,65,150,All Origins,666,us,t2_dm,total,5.60777864853036,lower,nvss,Deaths,age-adjusted rate
2010,A,All,25,34,All Origins,666,us,t2_dm,total,0.00553066331708943,middle,nvss,Deaths,age-adjusted rate
2010,A,All,35,44,All Origins,666,us,t2_dm,total,0.0455613519360851,middle,nvss,Deaths,age-adjusted rate
2010,A,All,45,64,All Origins,666,us,t2_dm,total,0.709949016329567,middle,nvss,Deaths,age-adjusted rate
2010,A,All,65,150,All Origins,666,us,t2_dm,total,3.0167839920323,middle,nvss,Deaths,age-adjusted rate
2010,A,American Indian or Alaska Native,25,34,All Origins,666,us,all-cause,overall,16.5027334226271,666,nvss,Deaths,age-adjusted rate
2010,A,American Indian or Alaska Native,35,44,All Origins,666,us,all-cause,overall,33.0747185050979,666,nvss,Deaths,age-adjusted rate
2010,A,American Indian or Alaska Native,45,54,All Origins,666,us,all-cause,overall,55.1623659827062,666,nvss,Deaths,age-adjusted rate
2010,A,American Indian or Alaska Native,55,64,All Origins,666,us,all-cause,overall,67.3934520448415,666,nvss,Deaths,age-adjusted rate
2010,A,American Indian or Alaska Native,65,74,All Origins,666,us,all-cause,overall,111.79592757521,666,nvss,Deaths,age-adjusted rate
2010,A,American Indian or Alaska Native,75,84,All Origins,666,us,all-cause,overall,170.170941820057,666,nvss,Deaths,age-adjusted rate
2010,A,American Indian or Alaska Native,85,150,All Origins,666,us,all-cause,overall,146.06303326525,666,nvss,Deaths,age-adjusted rate
2010,A,American Indian or Alaska Native,25,34,All Origins,666,us,cvd_ihd,total,0.165856617312836,666,nvss,Deaths,age-adjusted rate
2010,A,American Indian or Alaska Native,35,44,All Origins,666,us,cvd_ihd,total,2.10268828984299,666,nvss,Deaths,age-adjusted rate
2010,A,American Indian or Alaska Native,45,54,All Origins,666,us,cvd_ihd,total,5.42621641806312,666,nvss,Deaths,age-adjusted rate
2010,A,American Indian or Alaska Native,55,64,All Origins,666,us,cvd_ihd,total,9.24324240615016,666,nvss,Deaths,age-adjusted rate
2010,A,American Indian or Alaska Native,65,74,All Origins,666,us,cvd_ihd,total,16.2554306666734,666,nvss,Deaths,age-adjusted rate
2010,A,American Indian or Alaska Native,75,84,All Origins,666,us,cvd_ihd,total,24.8165956820917,666,nvss,Deaths,age-adjusted rate
2010,A,American Indian or Alaska Native,85,150,All Origins,666,us,cvd_ihd,total,25.9524625919166,666,nvss,Deaths,age-adjusted rate
2010,A,American Indian or Alaska Native,25,34,All Origins,666,us,cvd_stroke,total,0.0207320771641044,666,nvss,Deaths,age-adjusted rate
2010,A,American Indian or Alaska Native,35,44,All Origins,666,us,cvd_stroke,total,0.255732359575499,666,nvss,Deaths,age-adjusted rate
2010,A,American Indian or Alaska Native,45,54,All Origins,666,us,cvd_stroke,total,0.900201802074988,666,nvss,Deaths,age-adjusted rate
2010,A,American Indian or Alaska Native,55,64,All Origins,666,us,cvd_stroke,total,1.04640480069624,666,nvss,Deaths,age-adjusted rate
2010,A,American Indian or Alaska Native,65,74,All Origins,666,us,cvd_stroke,total,1.95224534967402,666,nvss,Deaths,age-adjusted rate
2010,A,American Indian or Alaska Native,75,84,All Origins,666,us,cvd_stroke,total,3.48192031253838,666,nvss,Deaths,age-adjusted rate
2010,A,American Indian or Alaska Native,85,150,All Origins,666,us,cvd_stroke,total,3.43173059066666,666,nvss,Deaths,age-adjusted rate
2010,A,American Indian or Alaska Native,25,34,All Origins,666,us,lri,total,0.0207320771641044,666,nvss,Deaths,age-adjusted rate
2010,A,American Indian or Alaska Native,35,44,All Origins,666,us,lri,total,0.198902946336499,666,nvss,Deaths,age-adjusted rate
2010,A,American Indian or Alaska Native,45,54,All Origins,666,us,lri,total,0.275061661745135,666,nvss,Deaths,age-adjusted rate
2010,A,American Indian or Alaska Native,55,64,All Origins,666,us,lri,total,0.149486400099463,666,nvss,Deaths,age-adjusted rate
2010,A,American Indian or Alaska Native,65,74,All Origins,666,us,lri,total,0.318733934640656,666,nvss,Deaths,age-adjusted rate
2010,A,American Indian or Alaska Native,75,84,All Origins,666,us,lri,total,0.443153494323066,666,nvss,Deaths,age-adjusted rate
2010,A,American Indian or Alaska Native,85,150,All Origins,666,us,lri,total,0.357471936527777,666,nvss,Deaths,age-adjusted rate
2010,A,American Indian or Alaska Native,25,34,All Origins,666,us,ncd_lri,total,5.20375136819021,666,nvss,Deaths,age-adjusted rate
2010,A,American Indian or Alaska Native,35,44,All Origins,666,us,ncd_lri,total,18.4411445960554,666,nvss,Deaths,age-adjusted rate
2010,A,American Indian or Alaska Native,45,54,All Origins,666,us,ncd_lri,total,40.4840754877613,666,nvss,Deaths,age-adjusted rate
2010,A,American Indian or Alaska Native,55,64,All Origins,666,us,ncd_lri,total,58.1252952386747,666,nvss,Deaths,age-adjusted rate
2010,A,American Indian or Alaska Native,65,74,All Origins,666,us,ncd_lri,total,102.393276503311,666,nvss,Deaths,age-adjusted rate
2010,A,American Indian or Alaska Native,75,84,All Origins,666,us,ncd_lri,total,157.382798126735,666,nvss,Deaths,age-adjusted rate
2010,A,American Indian or Alaska Native,85,150,All Origins,666,us,ncd_lri,total,135.338875169416,666,nvss,Deaths,age-adjusted rate
2010,A,American Indian or Alaska Native,35,44,All Origins,666,us,neo_lung,total,0.1420735330975,666,nvss,Deaths,age-adjusted rate
2010,A,American Indian or Alaska Native,45,54,All Origins,666,us,neo_lung,total,2.20049329396108,666,nvss,Deaths,age-adjusted rate
2010,A,American Indian or Alaska Native,55,64,All Origins,666,us,neo_lung,total,4.63407840308337,666,nvss,Deaths,age-adjusted rate
2010,A,American Indian or Alaska Native,65,74,All Origins,666,us,neo_lung,total,11.4345799052335,666,nvss,Deaths,age-adjusted rate
2010,A,American Indian or Alaska Native,75,84,All Origins,666,us,neo_lung,total,10.9522220739843,666,nvss,Deaths,age-adjusted rate
2010,A,American Indian or Alaska Native,85,150,All Origins,666,us,neo_lung,total,3.43173059066666,666,nvss,Deaths,age-adjusted rate
2010,A,American Indian or Alaska Native,25,34,All Origins,666,us,resp_copd,total,0.0414641543282089,666,nvss,Deaths,age-adjusted rate
2010,A,American Indian or Alaska Native,35,44,All Origins,666,us,resp_copd,total,0.1420735330975,666,nvss,Deaths,age-adjusted rate
2010,A,American Indian or Alaska Native,45,54,All Origins,666,us,resp_copd,total,1.02522983014096,666,nvss,Deaths,age-adjusted rate
2010,A,American Indian or Alaska Native,55,64,All Origins,666,us,resp_copd,total,2.91498480193954,666,nvss,Deaths,age-adjusted rate
2010,A,American Indian or Alaska Native,65,74,All Origins,666,us,resp_copd,total,8.04803184967656,666,nvss,Deaths,age-adjusted rate
2010,A,American Indian or Alaska Native,75,84,All Origins,666,us,resp_copd,total,11.9651443467228,666,nvss,Deaths,age-adjusted rate
2010,A,American Indian or Alaska Native,85,150,All Origins,666,us,resp_copd,total,7.86438260361109,666,nvss,Deaths,age-adjusted rate
2010,A,American Indian or Alaska Native,35,44,All Origins,666,us,t2_dm,total,0.113658826478,666,nvss,Deaths,age-adjusted rate
2010,A,American Indian or Alaska Native,45,54,All Origins,666,us,t2_dm,total,0.700156957169435,666,nvss,Deaths,age-adjusted rate
2010,A,American Indian or Alaska Native,55,64,All Origins,666,us,t2_dm,total,1.59452160106094,666,nvss,Deaths,age-adjusted rate
2010,A,American Indian or Alaska Native,65,74,All Origins,666,us,t2_dm,total,2.35066276797484,666,nvss,Deaths,age-adjusted rate
2010,A,American Indian or Alaska Native,75,84,All Origins,666,us,t2_dm,total,3.79845852276914,666,nvss,Deaths,age-adjusted rate
2010,A,American Indian or Alaska Native,85,150,All Origins,666,us,t2_dm,total,1.71586529533333,666,nvss,Deaths,age-adjusted rate
2010,A,Asian or Pacific Islander,25,34,All Origins,666,us,all-cause,overall,5.38160794481173,666,nvss,Deaths,age-adjusted rate
2010,A,Asian or Pacific Islander,35,44,All Origins,666,us,all-cause,overall,10.6900486493431,666,nvss,Deaths,age-adjusted rate
2010,A,Asian or Pacific Islander,45,54,All Origins,666,us,all-cause,overall,22.8125032280424,666,nvss,Deaths,age-adjusted rate
2010,A,Asian or Pacific Islander,55,64,All Origins,666,us,all-cause,overall,34.6514507644673,666,nvss,Deaths,age-adjusted rate
2010,A,Asian or Pacific Islander,65,74,All Origins,666,us,all-cause,overall,65.0583360267256,666,nvss,Deaths,age-adjusted rate
2010,A,Asian or Pacific Islander,75,84,All Origins,666,us,all-cause,overall,127.0287128992,666,nvss,Deaths,age-adjusted rate
2010,A,Asian or Pacific Islander,85,150,All Origins,666,us,all-cause,overall,142.908306474241,666,nvss,Deaths,age-adjusted rate
2010,A,Asian or Pacific Islander,25,34,All Origins,666,us,cvd_ihd,total,0.174666222770205,666,nvss,Deaths,age-adjusted rate
2010,A,Asian or Pacific Islander,35,44,All Origins,666,us,cvd_ihd,total,0.851679700085025,666,nvss,Deaths,age-adjusted rate
2010,A,Asian or Pacific Islander,45,54,All Origins,666,us,cvd_ihd,total,2.70063640874038,666,nvss,Deaths,age-adjusted rate
2010,A,Asian or Pacific Islander,55,64,All Origins,666,us,cvd_ihd,total,4.71169593604935,666,nvss,Deaths,age-adjusted rate
2010,A,Asian or Pacific Islander,65,74,All Origins,666,us,cvd_ihd,total,10.2255204455799,666,nvss,Deaths,age-adjusted rate
2010,A,Asian or Pacific Islander,75,84,All Origins,666,us,cvd_ihd,total,21.9055524324557,666,nvss,Deaths,age-adjusted rate
2010,A,Asian or Pacific Islander,85,150,All Origins,666,us,cvd_ihd,total,27.5987755341883,666,nvss,Deaths,age-adjusted rate
2010,A,Asian or Pacific Islander,25,34,All Origins,666,us,cvd_stroke,total,0.0519277959587096,666,nvss,Deaths,age-adjusted rate
2010,A,Asian or Pacific Islander,35,44,All Origins,666,us,cvd_stroke,total,0.375913798658218,666,nvss,Deaths,age-adjusted rate
2010,A,Asian or Pacific Islander,45,54,All Origins,666,us,cvd_stroke,total,0.915766557607428,666,nvss,Deaths,age-adjusted rate
2010,A,Asian or Pacific Islander,55,64,All Origins,666,us,cvd_stroke,total,1.29059497378743,666,nvss,Deaths,age-adjusted rate
2010,A,Asian or Pacific Islander,65,74,All Origins,666,us,cvd_stroke,total,2.77891001493466,666,nvss,Deaths,age-adjusted rate
2010,A,Asian or Pacific Islander,75,84,All Origins,666,us,cvd_stroke,total,5.12891397435514,666,nvss,Deaths,age-adjusted rate
2010,A,Asian or Pacific Islander,85,150,All Origins,666,us,cvd_stroke,total,5.7557297675389,666,nvss,Deaths,age-adjusted rate
2010,A,Asian or Pacific Islander,25,34,All Origins,666,us,lri,total,0.00472070872351906,666,nvss,Deaths,age-adjusted rate
2010,A,Asian or Pacific Islander,35,44,All Origins,666,us,lri,total,0.0293682655201733,666,nvss,Deaths,age-adjusted rate
2010,A,Asian or Pacific Islander,45,54,All Origins,666,us,lri,total,0.0233316320409536,666,nvss,Deaths,age-adjusted rate
2010,A,Asian or Pacific Islander,55,64,All Origins,666,us,lri,total,0.0819425380182496,666,nvss,Deaths,age-adjusted rate
2010,A,Asian or Pacific Islander,65,74,All Origins,666,us,lri,total,0.188155365594534,666,nvss,Deaths,age-adjusted rate
2010,A,Asian or Pacific Islander,75,84,All Origins,666,us,lri,total,0.26427610173204,666,nvss,Deaths,age-adjusted rate
2010,A,Asian or Pacific Islander,85,150,All Origins,666,us,lri,total,0.502728624972203,666,nvss,Deaths,age-adjusted rate
2010,A,Asian or Pacific Islander,25,34,All Origins,666,us,ncd_lri,total,2.27538160473619,666,nvss,Deaths,age-adjusted rate
2010,A,Asian or Pacific Islander,35,44,All Origins,666,us,ncd_lri,total,7.36556099245945,666,nvss,Deaths,age-adjusted rate
2010,A,Asian or Pacific Islander,45,54,All Origins,666,us,ncd_lri,total,18.8286270570496,666,nvss,Deaths,age-adjusted rate
2010,A,Asian or Pacific Islander,55,64,All Origins,666,us,ncd_lri,total,30.8974582415063,666,nvss,Deaths,age-adjusted rate
2010,A,Asian or Pacific Islander,65,74,All Origins,666,us,ncd_lri,total,60.2241904799122,666,nvss,Deaths,age-adjusted rate
2010,A,Asian or Pacific Islander,75,84,All Origins,666,us,ncd_lri,total,119.071065835936,666,nvss,Deaths,age-adjusted rate
2010,A,Asian or Pacific Islander,85,150,All Origins,666,us,ncd_lri,total,134.156724492582,666,nvss,Deaths,age-adjusted rate
2010,A,Asian or Pacific Islander,25,34,All Origins,666,us,neo_lung,total,0.0330449610646334,666,nvss,Deaths,age-adjusted rate
2010,A,Asian or Pacific Islander,35,44,All Origins,666,us,neo_lung,total,0.346545533138044,666,nvss,Deaths,age-adjusted rate
2010,A,Asian or Pacific Islander,45,54,All Origins,666,us,neo_lung,total,1.52238899067222,666,nvss,Deaths,age-adjusted rate
2010,A,Asian or Pacific Islander,55,64,All Origins,666,us,neo_lung,total,3.33915842424367,666,nvss,Deaths,age-adjusted rate
2010,A,Asian or Pacific Islander,65,74,All Origins,666,us,neo_lung,total,6.17294334046684,666,nvss,Deaths,age-adjusted rate
2010,A,Asian or Pacific Islander,75,84,All Origins,666,us,neo_lung,total,9.48457565104987,666,nvss,Deaths,age-adjusted rate
2010,A,Asian or Pacific Islander,85,150,All Origins,666,us,neo_lung,total,3.80637387478954,666,nvss,Deaths,age-adjusted rate
2010,A,Asian or Pacific Islander,35,44,All Origins,666,us,resp_copd,total,0.00587365310403465,666,nvss,Deaths,age-adjusted rate
2010,A,Asian or Pacific Islander,45,54,All Origins,666,us,resp_copd,total,0.0933265281638143,666,nvss,Deaths,age-adjusted rate
2010,A,Asian or Pacific Islander,55,64,All Origins,666,us,resp_copd,total,0.302163108942296,666,nvss,Deaths,age-adjusted rate
2010,A,Asian or Pacific Islander,65,74,All Origins,666,us,resp_copd,total,1.38221826263677,666,nvss,Deaths,age-adjusted rate
2010,A,Asian or Pacific Islander,75,84,All Origins,666,us,resp_copd,total,4.65908979349818,666,nvss,Deaths,age-adjusted rate
2010,A,Asian or Pacific Islander,85,150,All Origins,666,us,resp_copd,total,5.56079417826396,666,nvss,Deaths,age-adjusted rate
2010,A,Asian or Pacific Islander,35,44,All Origins,666,us,t2_dm,total,0.0352419186242079,666,nvss,Deaths,age-adjusted rate
2010,A,Asian or Pacific Islander,45,54,All Origins,666,us,t2_dm,total,0.169154332296914,666,nvss,Deaths,age-adjusted rate
2010,A,Asian or Pacific Islander,55,64,All Origins,666,us,t2_dm,total,0.378984238334405,666,nvss,Deaths,age-adjusted rate
2010,A,Asian or Pacific Islander,65,74,All Origins,666,us,t2_dm,total,0.687490758903107,666,nvss,Deaths,age-adjusted rate
2010,A,Asian or Pacific Islander,75,84,All Origins,666,us,t2_dm,total,1.41926054633873,666,nvss,Deaths,age-adjusted rate
2010,A,Asian or Pacific Islander,85,150,All Origins,666,us,t2_dm,total,1.43636749992058,666,nvss,Deaths,age-adjusted rate
2010,A,Black or African American,25,34,All Origins,666,us,all-cause,overall,20.5547615614641,666,nvss,Deaths,age-adjusted rate
2010,A,Black or African American,35,44,All Origins,666,us,all-cause,overall,40.8531782576643,666,nvss,Deaths,age-adjusted rate
2010,A,Black or African American,45,54,All Origins,666,us,all-cause,overall,79.833624715637,666,nvss,Deaths,age-adjusted rate
2010,A,Black or African American,55,64,All Origins,666,us,all-cause,overall,111.148065102311,666,nvss,Deaths,age-adjusted rate
2010,A,Black or African American,65,74,All Origins,666,us,all-cause,overall,165.86512302134,666,nvss,Deaths,age-adjusted rate
2010,A,Black or African American,75,84,All Origins,666,us,all-cause,overall,239.50181032349,666,nvss,Deaths,age-adjusted rate
2010,A,Black or African American,85,150,All Origins,666,us,all-cause,overall,201.978230256236,666,nvss,Deaths,age-adjusted rate
2010,A,Black or African American,25,34,All Origins,666,us,cvd_ihd,total,0.549506489171133,666,nvss,Deaths,age-adjusted rate
2010,A,Black or African American,35,44,All Origins,666,us,cvd_ihd,total,3.00861245885033,666,nvss,Deaths,age-adjusted rate
2010,A,Black or African American,45,54,All Origins,666,us,cvd_ihd,total,9.58900057634958,666,nvss,Deaths,age-adjusted rate
2010,A,Black or African American,55,64,All Origins,666,us,cvd_ihd,total,15.8385350494433,666,nvss,Deaths,age-adjusted rate
2010,A,Black or African American,65,74,All Origins,666,us,cvd_ihd,total,25.4602017479124,666,nvss,Deaths,age-adjusted rate
2010,A,Black or African American,75,84,All Origins,666,us,cvd_ihd,total,39.7360475094317,666,nvss,Deaths,age-adjusted rate
2010,A,Black or African American,85,150,All Origins,666,us,cvd_ihd,total,36.0058824423054,666,nvss,Deaths,age-adjusted rate
2010,A,Black or African American,25,34,All Origins,666,us,cvd_stroke,total,0.163242513519458,666,nvss,Deaths,age-adjusted rate
2010,A,Black or African American,35,44,All Origins,666,us,cvd_stroke,total,0.860434094511784,666,nvss,Deaths,age-adjusted rate
2010,A,Black or African American,45,54,All Origins,666,us,cvd_stroke,total,2.42351658102042,666,nvss,Deaths,age-adjusted rate
2010,A,Black or African American,55,64,All Origins,666,us,cvd_stroke,total,2.98230323383003,666,nvss,Deaths,age-adjusted rate
2010,A,Black or African American,65,74,All Origins,666,us,cvd_stroke,total,4.22706855931144,666,nvss,Deaths,age-adjusted rate
2010,A,Black or African American,75,84,All Origins,666,us,cvd_stroke,total,6.35094667646035,666,nvss,Deaths,age-adjusted rate
2010,A,Black or African American,85,150,All Origins,666,us,cvd_stroke,total,5.83405195542064,666,nvss,Deaths,age-adjusted rate
2010,A,Black or African American,25,34,All Origins,666,us,lri,total,0.0459838066251994,666,nvss,Deaths,age-adjusted rate
2010,A,Black or African American,35,44,All Origins,666,us,lri,total,0.0552305668774456,666,nvss,Deaths,age-adjusted rate
2010,A,Black or African American,45,54,All Origins,666,us,lri,total,0.140087663642799,666,nvss,Deaths,age-adjusted rate
2010,A,Black or African American,55,64,All Origins,666,us,lri,total,0.14558264170886,666,nvss,Deaths,age-adjusted rate
2010,A,Black or African American,65,74,All Origins,666,us,lri,total,0.223971543067994,666,nvss,Deaths,age-adjusted rate
2010,A,Black or African American,75,84,All Origins,666,us,lri,total,0.311932547959742,666,nvss,Deaths,age-adjusted rate
2010,A,Black or African American,85,150,All Origins,666,us,lri,total,0.354641768833185,666,nvss,Deaths,age-adjusted rate
2010,A,Black or African American,25,34,All Origins,666,us,ncd_lri,total,7.70918518071468,666,nvss,Deaths,age-adjusted rate
2010,A,Black or African American,35,44,All Origins,666,us,ncd_lri,total,26.0862687977998,666,nvss,Deaths,age-adjusted rate
2010,A,Black or African American,45,54,All Origins,666,us,ncd_lri,total,63.8332787332353,666,nvss,Deaths,age-adjusted rate
2010,A,Black or African American,55,64,All Origins,666,us,ncd_lri,total,98.3003969715044,666,nvss,Deaths,age-adjusted rate
2010,A,Black or African American,65,74,All Origins,666,us,ncd_lri,total,154.035640112819,666,nvss,Deaths,age-adjusted rate
2010,A,Black or African American,75,84,All Origins,666,us,ncd_lri,total,224.308615687531,666,nvss,Deaths,age-adjusted rate
2010,A,Black or African American,85,150,All Origins,666,us,ncd_lri,total,187.979623293062,666,nvss,Deaths,age-adjusted rate
2010,A,Black or African American,25,34,All Origins,666,us,neo_lung,total,0.0574797582814993,666,nvss,Deaths,age-adjusted rate
2010,A,Black or African American,35,44,All Origins,666,us,neo_lung,total,0.485447614133338,666,nvss,Deaths,age-adjusted rate
2010,A,Black or African American,45,54,All Origins,666,us,neo_lung,total,4.84936795643489,666,nvss,Deaths,age-adjusted rate
2010,A,Black or African American,55,64,All Origins,666,us,neo_lung,total,9.59989066797835,666,nvss,Deaths,age-adjusted rate
2010,A,Black or African American,65,74,All Origins,666,us,neo_lung,total,15.70639877374,666,nvss,Deaths,age-adjusted rate
2010,A,Black or African American,75,84,All Origins,666,us,neo_lung,total,15.4718543788032,666,nvss,Deaths,age-adjusted rate
2010,A,Black or African American,85,150,All Origins,666,us,neo_lung,total,5.02733936038251,666,nvss,Deaths,age-adjusted rate
2010,A,Black or African American,25,34,All Origins,666,us,resp_copd,total,0.0252910936438597,666,nvss,Deaths,age-adjusted rate
2010,A,Black or African American,35,44,All Origins,666,us,resp_copd,total,0.168598572573255,666,nvss,Deaths,age-adjusted rate
2010,A,Black or African American,45,54,All Origins,666,us,resp_copd,total,1.08334459883764,666,nvss,Deaths,age-adjusted rate
2010,A,Black or African American,55,64,All Origins,666,us,resp_copd,total,2.78747940448435,666,nvss,Deaths,age-adjusted rate
2010,A,Black or African American,65,74,All Origins,666,us,resp_copd,total,6.62451042877166,666,nvss,Deaths,age-adjusted rate
2010,A,Black or African American,75,84,All Origins,666,us,resp_copd,total,9.36629464007119,666,nvss,Deaths,age-adjusted rate
2010,A,Black or African American,85,150,All Origins,666,us,resp_copd,total,6.16141358818973,666,nvss,Deaths,age-adjusted rate
2010,A,Black or African American,25,34,All Origins,666,us,t2_dm,total,0.0252910936438597,666,nvss,Deaths,age-adjusted rate
2010,A,Black or African American,35,44,All Origins,666,us,t2_dm,total,0.14534359704591,666,nvss,Deaths,age-adjusted rate
2010,A,Black or African American,45,54,All Origins,666,us,t2_dm,total,0.499646000325982,666,nvss,Deaths,age-adjusted rate
2010,A,Black or African American,55,64,All Origins,666,us,t2_dm,total,0.976260067930001,666,nvss,Deaths,age-adjusted rate
2010,A,Black or African American,65,74,All Origins,666,us,t2_dm,total,1.95580784087544,666,nvss,Deaths,age-adjusted rate
2010,A,Black or African American,75,84,All Origins,666,us,t2_dm,total,2.4205965721676,666,nvss,Deaths,age-adjusted rate
2010,A,Black or African American,85,150,All Origins,666,us,t2_dm,total,1.710854247448,666,nvss,Deaths,age-adjusted rate
2010,A,White,25,34,Hispanic or Latino,666,us,all-cause,overall,10.6943681046555,666,nvss,Deaths,age-adjusted rate
2010,A,White,35,44,Hispanic or Latino,666,us,all-cause,overall,19.6338804988373,666,nvss,Deaths,age-adjusted rate
2010,A,White,45,54,Hispanic or Latino,666,us,all-cause,overall,39.3988221755964,666,nvss,Deaths,age-adjusted rate
2010,A,White,55,64,Hispanic or Latino,666,us,all-cause,overall,57.6130863072238,666,nvss,Deaths,age-adjusted rate
2010,A,White,65,74,Hispanic or Latino,666,us,all-cause,overall,96.5864232229559,666,nvss,Deaths,age-adjusted rate
2010,A,White,75,84,Hispanic or Latino,666,us,all-cause,overall,169.783993575265,666,nvss,Deaths,age-adjusted rate
2010,A,White,85,150,Hispanic or Latino,666,us,all-cause,overall,171.589033019703,666,nvss,Deaths,age-adjusted rate
2010,A,White,25,34,Hispanic or Latino,666,us,cvd_ihd,total,0.179195176016346,666,nvss,Deaths,age-adjusted rate
2010,A,White,35,44,Hispanic or Latino,666,us,cvd_ihd,total,1.06373620836894,666,nvss,Deaths,age-adjusted rate
2010,A,White,45,54,Hispanic or Latino,666,us,cvd_ihd,total,4.06376094757177,666,nvss,Deaths,age-adjusted rate
2010,A,White,55,64,Hispanic or Latino,666,us,cvd_ihd,total,8.35696670483778,666,nvss,Deaths,age-adjusted rate
2010,A,White,65,74,Hispanic or Latino,666,us,cvd_ihd,total,15.4514334703095,666,nvss,Deaths,age-adjusted rate
2010,A,White,75,84,Hispanic or Latino,666,us,cvd_ihd,total,30.5506638253078,666,nvss,Deaths,age-adjusted rate
2010,A,White,85,150,Hispanic or Latino,666,us,cvd_ihd,total,36.2615652561332,666,nvss,Deaths,age-adjusted rate
2010,A,White,25,34,Hispanic or Latino,666,us,cvd_stroke,total,0.0895975880081729,666,nvss,Deaths,age-adjusted rate
2010,A,White,35,44,Hispanic or Latino,666,us,cvd_stroke,total,0.420603742159674,666,nvss,Deaths,age-adjusted rate
2010,A,White,45,54,Hispanic or Latino,666,us,cvd_stroke,total,0.969485713138394,666,nvss,Deaths,age-adjusted rate
2010,A,White,55,64,Hispanic or Latino,666,us,cvd_stroke,total,1.30367511380121,666,nvss,Deaths,age-adjusted rate
2010,A,White,65,74,Hispanic or Latino,666,us,cvd_stroke,total,2.33011379117839,666,nvss,Deaths,age-adjusted rate
2010,A,White,75,84,Hispanic or Latino,666,us,cvd_stroke,total,5.13946686110185,666,nvss,Deaths,age-adjusted rate
2010,A,White,85,150,Hispanic or Latino,666,us,cvd_stroke,total,4.92817578278966,666,nvss,Deaths,age-adjusted rate
2010,A,White,25,34,Hispanic or Latino,666,us,lri,total,0.0376309869634326,666,nvss,Deaths,age-adjusted rate
2010,A,White,35,44,Hispanic or Latino,666,us,lri,total,0.0684703766306446,666,nvss,Deaths,age-adjusted rate
2010,A,White,45,54,Hispanic or Latino,666,us,lri,total,0.110413650662984,666,nvss,Deaths,age-adjusted rate
2010,A,White,55,64,Hispanic or Latino,666,us,lri,total,0.134459765100573,666,nvss,Deaths,age-adjusted rate
2010,A,White,65,74,Hispanic or Latino,666,us,lri,total,0.226598221894412,666,nvss,Deaths,age-adjusted rate
2010,A,White,75,84,Hispanic or Latino,666,us,lri,total,0.440211294312792,666,nvss,Deaths,age-adjusted rate
2010,A,White,85,150,Hispanic or Latino,666,us,lri,total,0.311001384350804,666,nvss,Deaths,age-adjusted rate
2010,A,White,25,34,Hispanic or Latino,666,us,ncd_lri,total,3.64482988017247,666,nvss,Deaths,age-adjusted rate
2010,A,White,35,44,Hispanic or Latino,666,us,ncd_lri,total,11.2340325086136,666,nvss,Deaths,age-adjusted rate
2010,A,White,45,54,Hispanic or Latino,666,us,ncd_lri,total,29.916713297929,666,nvss,Deaths,age-adjusted rate
2010,A,White,55,64,Hispanic or Latino,666,us,ncd_lri,total,50.1505693441419,666,nvss,Deaths,age-adjusted rate
2010,A,White,65,74,Hispanic or Latino,666,us,ncd_lri,total,89.4977467719948,666,nvss,Deaths,age-adjusted rate
2010,A,White,75,84,Hispanic or Latino,666,us,ncd_lri,total,159.015324788138,666,nvss,Deaths,age-adjusted rate
2010,A,White,85,150,Hispanic or Latino,666,us,ncd_lri,total,160.985081972511,666,nvss,Deaths,age-adjusted rate
2010,A,White,25,34,Hispanic or Latino,666,us,neo_lung,total,0.062718311605721,666,nvss,Deaths,age-adjusted rate
2010,A,White,35,44,Hispanic or Latino,666,us,neo_lung,total,0.217637982861692,666,nvss,Deaths,age-adjusted rate
2010,A,White,45,54,Hispanic or Latino,666,us,neo_lung,total,1.15261079228676,666,nvss,Deaths,age-adjusted rate
2010,A,White,55,64,Hispanic or Latino,666,us,neo_lung,total,2.68627226363971,666,nvss,Deaths,age-adjusted rate
2010,A,White,65,74,Hispanic or Latino,666,us,neo_lung,total,5.86590114036101,666,nvss,Deaths,age-adjusted rate
2010,A,White,75,84,Hispanic or Latino,666,us,neo_lung,total,8.08888253299756,666,nvss,Deaths,age-adjusted rate
2010,A,White,85,150,Hispanic or Latino,666,us,neo_lung,total,3.22962976056604,666,nvss,Deaths,age-adjusted rate
2010,A,White,25,34,Hispanic or Latino,666,us,resp_copd,total,0.00895975880081729,666,nvss,Deaths,age-adjusted rate
2010,A,White,35,44,Hispanic or Latino,666,us,resp_copd,total,0.0611342648487898,666,nvss,Deaths,age-adjusted rate
2010,A,White,45,54,Hispanic or Latino,666,us,resp_copd,total,0.28545968220186,666,nvss,Deaths,age-adjusted rate
2010,A,White,55,64,Hispanic or Latino,666,us,resp_copd,total,0.987986969652036,666,nvss,Deaths,age-adjusted rate
2010,A,White,65,74,Hispanic or Latino,666,us,resp_copd,total,2.95860319907421,666,nvss,Deaths,age-adjusted rate
2010,A,White,75,84,Hispanic or Latino,666,us,resp_copd,total,7.27449163851889,666,nvss,Deaths,age-adjusted rate
2010,A,White,85,150,Hispanic or Latino,666,us,resp_copd,total,7.4281484493019,666,nvss,Deaths,age-adjusted rate
2010,A,White,25,34,Hispanic or Latino,666,us,t2_dm,total,0.0143356140813077,666,nvss,Deaths,age-adjusted rate
2010,A,White,35,44,Hispanic or Latino,666,us,t2_dm,total,0.0758064884124993,666,nvss,Deaths,age-adjusted rate
2010,A,White,45,54,Hispanic or Latino,666,us,t2_dm,total,0.325854920249294,666,nvss,Deaths,age-adjusted rate
2010,A,White,55,64,Hispanic or Latino,666,us,t2_dm,total,1.02890950685656,666,nvss,Deaths,age-adjusted rate
2010,A,White,65,74,Hispanic or Latino,666,us,t2_dm,total,1.91112085258117,666,nvss,Deaths,age-adjusted rate
2010,A,White,75,84,Hispanic or Latino,666,us,t2_dm,total,3.02095000722154,666,nvss,Deaths,age-adjusted rate
2010,A,White,85,150,Hispanic or Latino,666,us,t2_dm,total,2.03945138583893,666,nvss,Deaths,age-adjusted rate
2010,A,White,25,34,Not Hispanic or Latino,666,us,all-cause,overall,14.3000479991264,666,nvss,Deaths,age-adjusted rate
2010,A,White,35,44,Not Hispanic or Latino,666,us,all-cause,overall,28.8654603002852,666,nvss,Deaths,age-adjusted rate
2010,A,White,45,54,Not Hispanic or Latino,666,us,all-cause,overall,55.1622207993633,666,nvss,Deaths,age-adjusted rate
2010,A,White,55,64,Not Hispanic or Latino,666,us,all-cause,overall,72.4012631373514,666,nvss,Deaths,age-adjusted rate
2010,A,White,65,74,Not Hispanic or Latino,666,us,all-cause,overall,123.348645084182,666,nvss,Deaths,age-adjusted rate
2010,A,White,75,84,Not Hispanic or Latino,666,us,all-cause,overall,219.32485761819,666,nvss,Deaths,age-adjusted rate
2010,A,White,85,150,Not Hispanic or Latino,666,us,all-cause,overall,219.989642686979,666,nvss,Deaths,age-adjusted rate
2010,A,White,25,34,Not Hispanic or Latino,666,us,cvd_ihd,total,0.357025538993607,666,nvss,Deaths,age-adjusted rate
2010,A,White,35,44,Not Hispanic or Latino,666,us,cvd_ihd,total,2.3315665996948,666,nvss,Deaths,age-adjusted rate
2010,A,White,45,54,Not Hispanic or Latino,666,us,cvd_ihd,total,7.18073324563576,666,nvss,Deaths,age-adjusted rate
2010,A,White,55,64,Not Hispanic or Latino,666,us,cvd_ihd,total,10.9605821219934,666,nvss,Deaths,age-adjusted rate
2010,A,White,65,74,Not Hispanic or Latino,666,us,cvd_ihd,total,18.2848166563732,666,nvss,Deaths,age-adjusted rate
2010,A,White,75,84,Not Hispanic or Latino,666,us,cvd_ihd,total,34.623708101995,666,nvss,Deaths,age-adjusted rate
2010,A,White,85,150,Not Hispanic or Latino,666,us,cvd_ihd,total,40.8956138581859,666,nvss,Deaths,age-adjusted rate
2010,A,White,25,34,Not Hispanic or Latino,666,us,cvd_stroke,total,0.0772249598450121,666,nvss,Deaths,age-adjusted rate
2010,A,White,35,44,Not Hispanic or Latino,666,us,cvd_stroke,total,0.279762384422467,666,nvss,Deaths,age-adjusted rate
2010,A,White,45,54,Not Hispanic or Latino,666,us,cvd_stroke,total,0.715923404430153,666,nvss,Deaths,age-adjusted rate
2010,A,White,55,64,Not Hispanic or Latino,666,us,cvd_stroke,total,1.03135792304932,666,nvss,Deaths,age-adjusted rate
2010,A,White,65,74,Not Hispanic or Latino,666,us,cvd_stroke,total,2.28362779182514,666,nvss,Deaths,age-adjusted rate
2010,A,White,75,84,Not Hispanic or Latino,666,us,cvd_stroke,total,5.6236387800912,666,nvss,Deaths,age-adjusted rate
2010,A,White,85,150,Not Hispanic or Latino,666,us,cvd_stroke,total,5.96454696486545,666,nvss,Deaths,age-adjusted rate
2010,A,White,25,34,Not Hispanic or Latino,666,us,lri,total,0.0279800579148594,666,nvss,Deaths,age-adjusted rate
2010,A,White,35,44,Not Hispanic or Latino,666,us,lri,total,0.0524954588618817,666,nvss,Deaths,age-adjusted rate
2010,A,White,45,54,Not Hispanic or Latino,666,us,lri,total,0.0937365178172812,666,nvss,Deaths,age-adjusted rate
2010,A,White,55,64,Not Hispanic or Latino,666,us,lri,total,0.100897137076057,666,nvss,Deaths,age-adjusted rate
2010,A,White,65,74,Not Hispanic or Latino,666,us,lri,total,0.159098899801583,666,nvss,Deaths,age-adjusted rate
2010,A,White,75,84,Not Hispanic or Latino,666,us,lri,total,0.27137864829858,666,nvss,Deaths,age-adjusted rate
2010,A,White,85,150,Not Hispanic or Latino,666,us,lri,total,0.312936343572053,666,nvss,Deaths,age-adjusted rate
2010,A,White,25,34,Not Hispanic or Latino,666,us,ncd_lri,total,4.49135889649324,666,nvss,Deaths,age-adjusted rate
2010,A,White,35,44,Not Hispanic or Latino,666,us,ncd_lri,total,15.8145770764032,666,nvss,Deaths,age-adjusted rate
2010,A,White,45,54,Not Hispanic or Latino,666,us,ncd_lri,total,41.5467765943898,666,nvss,Deaths,age-adjusted rate
2010,A,White,55,64,Not Hispanic or Latino,666,us,ncd_lri,total,63.7742426137952,666,nvss,Deaths,age-adjusted rate
2010,A,White,65,74,Not Hispanic or Latino,666,us,ncd_lri,total,115.060478427449,666,nvss,Deaths,age-adjusted rate
2010,A,White,75,84,Not Hispanic or Latino,666,us,ncd_lri,total,205.170252213444,666,nvss,Deaths,age-adjusted rate
2010,A,White,85,150,Not Hispanic or Latino,666,us,ncd_lri,total,204.167436369445,666,nvss,Deaths,age-adjusted rate
2010,A,White,25,34,Not Hispanic or Latino,666,us,neo_lung,total,0.0559601158297189,666,nvss,Deaths,age-adjusted rate
2010,A,White,35,44,Not Hispanic or Latino,666,us,neo_lung,total,0.664515686568698,666,nvss,Deaths,age-adjusted rate
2010,A,White,45,54,Not Hispanic or Latino,666,us,neo_lung,total,3.9795021669676,666,nvss,Deaths,age-adjusted rate
2010,A,White,55,64,Not Hispanic or Latino,666,us,neo_lung,total,7.86650835284544,666,nvss,Deaths,age-adjusted rate
2010,A,White,65,74,Not Hispanic or Latino,666,us,neo_lung,total,15.8709820167685,666,nvss,Deaths,age-adjusted rate
2010,A,White,75,84,Not Hispanic or Latino,666,us,neo_lung,total,17.0434205973316,666,nvss,Deaths,age-adjusted rate
2010,A,White,85,150,Not Hispanic or Latino,666,us,neo_lung,total,5.32880246877585,666,nvss,Deaths,age-adjusted rate
2010,A,White,25,34,Not Hispanic or Latino,666,us,resp_copd,total,0.020705242856996,666,nvss,Deaths,age-adjusted rate
2010,A,White,35,44,Not Hispanic or Latino,666,us,resp_copd,total,0.192696745334468,666,nvss,Deaths,age-adjusted rate
2010,A,White,45,54,Not Hispanic or Latino,666,us,resp_copd,total,1.38368859787161,666,nvss,Deaths,age-adjusted rate
2010,A,White,55,64,Not Hispanic or Latino,666,us,resp_copd,total,3.72026662612623,666,nvss,Deaths,age-adjusted rate
2010,A,White,65,74,Not Hispanic or Latino,666,us,resp_copd,total,10.7778910863164,666,nvss,Deaths,age-adjusted rate
2010,A,White,75,84,Not Hispanic or Latino,666,us,resp_copd,total,18.1272522221644,666,nvss,Deaths,age-adjusted rate
2010,A,White,85,150,Not Hispanic or Latino,666,us,resp_copd,total,10.9465198793564,666,nvss,Deaths,age-adjusted rate
2010,A,White,25,34,Not Hispanic or Latino,666,us,t2_dm,total,0.0111920231659438,666,nvss,Deaths,age-adjusted rate
2010,A,White,35,44,Not Hispanic or Latino,666,us,t2_dm,total,0.0633786637478816,666,nvss,Deaths,age-adjusted rate
2010,A,White,45,54,Not Hispanic or Latino,666,us,t2_dm,total,0.232191374409779,666,nvss,Deaths,age-adjusted rate
2010,A,White,55,64,Not Hispanic or Latino,666,us,t2_dm,total,0.522457987921956,666,nvss,Deaths,age-adjusted rate
2010,A,White,65,74,Not Hispanic or Latino,666,us,t2_dm,total,0.980788859309514,666,nvss,Deaths,age-adjusted rate
2010,A,White,75,84,Not Hispanic or Latino,666,us,t2_dm,total,1.69516988216276,666,nvss,Deaths,age-adjusted rate
2010,A,White,85,150,Not Hispanic or Latino,666,us,t2_dm,total,1.26852744949555,666,nvss,Deaths,age-adjusted rate
