Year,Gender.Code,Race,Hispanic.Origin,county,rural_urban_class,attr,Education,source,measure1,measure2,scenario,method,min_age,max_age,mean,lower,upper
1991,A,American Indian or Alaska Native,All Origins,4019,666,attributable,666,nvss,Deaths,age-adjusted rate,A,di_gee,25,150,0,0,0
1991,A,American Indian or Alaska Native,All Origins,5119,666,attributable,666,nvss,Deaths,age-adjusted rate,A,di_gee,25,150,2910.02988649073,1746.01793189444,4074.04184108701
1991,A,American Indian or Alaska Native,All Origins,6019,666,attributable,666,nvss,Deaths,age-adjusted rate,A,di_gee,25,150,213366.757869219,128020.054721532,298713.461016906
1991,A,American Indian or Alaska Native,All Origins,9011,666,attributable,666,nvss,Deaths,age-adjusted rate,A,di_gee,25,150,982.12006234781,589.272037408686,1374.96808728693
1991,A,American Indian or Alaska Native,All Origins,12011,666,attributable,666,nvss,Deaths,age-adjusted rate,A,di_gee,25,150,17876.096411996,10725.6578471976,25026.5349767944
1991,A,American Indian or Alaska Native,All Origins,12099,666,attributable,666,nvss,Deaths,age-adjusted rate,A,di_gee,25,150,40728.0765863328,24436.8459517997,57019.3072208658
1991,A,American Indian or Alaska Native,All Origins,17099,666,attributable,666,nvss,Deaths,age-adjusted rate,A,di_gee,25,150,417.849602701897,250.709761621138,584.989443782655
1991,A,American Indian or Alaska Native,All Origins,17099,666,attributable,666,nvss,Deaths,age-adjusted rate,B,di_gee,25,150,339.301605764297,203.580963458578,475.022248070015
1991,A,American Indian or Alaska Native,All Origins,17099,666,attributable,666,nvss,Deaths,age-adjusted rate,D,di_gee,25,150,242.358289831641,145.414973898984,339.301605764297
1991,A,American Indian or Alaska Native,All Origins,17119,666,attributable,666,nvss,Deaths,age-adjusted rate,A,di_gee,25,150,116.465214449827,69.8791286698964,163.051300229758
1991,A,American Indian or Alaska Native,All Origins,17119,666,attributable,666,nvss,Deaths,age-adjusted rate,B,di_gee,25,150,83.0872652823466,49.852359169408,116.322171395285
1991,A,American Indian or Alaska Native,All Origins,17119,666,attributable,666,nvss,Deaths,age-adjusted rate,D,di_gee,25,150,59.3480466302476,35.6088279781485,83.0872652823464
1991,A,American Indian or Alaska Native,All Origins,17179,666,attributable,666,nvss,Deaths,age-adjusted rate,A,di_gee,25,150,3584.94619271039,2150.96771562623,5018.92466979454
1991,A,American Indian or Alaska Native,All Origins,17179,666,attributable,666,nvss,Deaths,age-adjusted rate,B,di_gee,25,150,2311.23538025979,1386.74122815587,3235.7295323637
1991,A,American Indian or Alaska Native,All Origins,17179,666,attributable,666,nvss,Deaths,age-adjusted rate,D,di_gee,25,150,1650.88241447128,990.529448682766,2311.23538025978
1991,A,American Indian or Alaska Native,All Origins,18039,666,attributable,666,nvss,Deaths,age-adjusted rate,A,di_gee,25,150,39050.5378059758,23430.3226835855,54670.752928366
1991,A,American Indian or Alaska Native,All Origins,18039,666,attributable,666,nvss,Deaths,age-adjusted rate,B,di_gee,25,150,18090.1956787611,10854.1174072567,25326.2739502655
1991,A,American Indian or Alaska Native,All Origins,18039,666,attributable,666,nvss,Deaths,age-adjusted rate,D,di_gee,25,150,12921.5683419722,7752.94100518333,18090.1956787611
1991,A,American Indian or Alaska Native,All Origins,26099,666,attributable,666,nvss,Deaths,age-adjusted rate,A,di_gee,25,150,310.210174326324,186.126104595794,434.294244056853
1991,A,American Indian or Alaska Native,All Origins,26099,666,attributable,666,nvss,Deaths,age-adjusted rate,B,di_gee,25,150,310.210174326324,186.126104595794,434.294244056853
1991,A,American Indian or Alaska Native,All Origins,26099,666,attributable,666,nvss,Deaths,age-adjusted rate,D,di_gee,25,150,255.866825369149,153.520095221489,358.213555516808
1991,A,American Indian or Alaska Native,All Origins,29019,666,attributable,666,nvss,Deaths,age-adjusted rate,A,di_gee,25,150,196.116303816242,117.669782289745,274.562825342739
1991,A,American Indian or Alaska Native,All Origins,29019,666,attributable,666,nvss,Deaths,age-adjusted rate,B,di_gee,25,150,192.17741283529,115.306447701174,269.048377969406
1991,A,American Indian or Alaska Native,All Origins,29019,666,attributable,666,nvss,Deaths,age-adjusted rate,D,di_gee,25,150,140.724171756135,84.4345030536811,197.013840458589
1991,A,American Indian or Alaska Native,All Origins,29099,666,attributable,666,nvss,Deaths,age-adjusted rate,A,di_gee,25,150,164.925097778491,98.9550586670945,230.895136889887
1991,A,American Indian or Alaska Native,All Origins,29099,666,attributable,666,nvss,Deaths,age-adjusted rate,B,di_gee,25,150,145.535357199041,87.3212143194247,203.749500078657
1991,A,American Indian or Alaska Native,All Origins,29099,666,attributable,666,nvss,Deaths,age-adjusted rate,D,di_gee,25,150,103.953826570744,62.3722959424462,145.535357199041
1991,A,American Indian or Alaska Native,All Origins,29510,666,attributable,666,nvss,Deaths,age-adjusted rate,A,di_gee,25,150,135.89765496571,81.5385929794262,190.256716951994
1991,A,American Indian or Alaska Native,All Origins,29510,666,attributable,666,nvss,Deaths,age-adjusted rate,B,di_gee,25,150,105.268563728566,63.1611382371397,147.375989219992
1991,A,American Indian or Alaska Native,All Origins,29510,666,attributable,666,nvss,Deaths,age-adjusted rate,D,di_gee,25,150,75.1918312346901,45.115098740814,105.268563728566
1991,A,American Indian or Alaska Native,All Origins,37119,666,attributable,666,nvss,Deaths,age-adjusted rate,A,di_gee,25,150,822.635782568131,493.581469540878,1151.69009559538
1991,A,American Indian or Alaska Native,All Origins,37119,666,attributable,666,nvss,Deaths,age-adjusted rate,B,di_gee,25,150,822.635782568131,493.581469540878,1151.69009559538
1991,A,American Indian or Alaska Native,All Origins,37119,666,attributable,666,nvss,Deaths,age-adjusted rate,D,di_gee,25,150,808.638628613375,485.183177168025,1132.09408005872
1991,A,American Indian or Alaska Native,All Origins,39017,666,attributable,666,nvss,Deaths,age-adjusted rate,A,di_gee,25,150,2176.70020752962,1306.02012451777,3047.38029054146
1991,A,American Indian or Alaska Native,All Origins,39017,666,attributable,666,nvss,Deaths,age-adjusted rate,B,di_gee,25,150,1085.59937460248,651.359624761487,1519.83912444347
1991,A,American Indian or Alaska Native,All Origins,39017,666,attributable,666,nvss,Deaths,age-adjusted rate,D,di_gee,25,150,775.428124716056,465.256874829634,1085.59937460248
1991,A,American Indian or Alaska Native,All Origins,39099,666,attributable,666,nvss,Deaths,age-adjusted rate,A,di_gee,25,150,88.213152184174,52.9278913105044,123.498413057843
1991,A,American Indian or Alaska Native,All Origins,39099,666,attributable,666,nvss,Deaths,age-adjusted rate,B,di_gee,25,150,42.1201990782755,25.2721194469653,58.9682787095856
1991,A,American Indian or Alaska Native,All Origins,39099,666,attributable,666,nvss,Deaths,age-adjusted rate,D,di_gee,25,150,30.0858564844825,18.0515138906895,42.1201990782754
1991,A,American Indian or Alaska Native,All Origins,46099,666,attributable,666,nvss,Deaths,age-adjusted rate,A,di_gee,25,150,60.3217658849751,36.1930595309851,84.450472238965
1991,A,American Indian or Alaska Native,All Origins,46099,666,attributable,666,nvss,Deaths,age-adjusted rate,B,di_gee,25,150,60.3217658849751,36.1930595309851,84.450472238965
1991,A,American Indian or Alaska Native,All Origins,46099,666,attributable,666,nvss,Deaths,age-adjusted rate,D,di_gee,25,150,60.3217658849751,36.1930595309851,84.450472238965
1991,A,American Indian or Alaska Native,All Origins,48339,666,attributable,666,nvss,Deaths,age-adjusted rate,A,di_gee,25,150,272.665782008691,163.599469205215,381.732094812167
1991,A,American Indian or Alaska Native,All Origins,48339,666,attributable,666,nvss,Deaths,age-adjusted rate,B,di_gee,25,150,272.665782008691,163.599469205215,381.732094812167
1991,A,American Indian or Alaska Native,All Origins,48339,666,attributable,666,nvss,Deaths,age-adjusted rate,D,di_gee,25,150,272.665782008691,163.599469205215,381.732094812167
1991,A,American Indian or Alaska Native,All Origins,48439,666,attributable,666,nvss,Deaths,age-adjusted rate,A,di_gee,25,150,68.6181288439515,41.1708773063709,96.0653803815319
1991,A,American Indian or Alaska Native,All Origins,48439,666,attributable,666,nvss,Deaths,age-adjusted rate,B,di_gee,25,150,68.6181288439515,41.1708773063709,96.0653803815319
1991,A,American Indian or Alaska Native,All Origins,48439,666,attributable,666,nvss,Deaths,age-adjusted rate,D,di_gee,25,150,68.6181288439515,41.1708773063709,96.0653803815319
1991,A,American Indian or Alaska Native,All Origins,51059,666,attributable,666,nvss,Deaths,age-adjusted rate,A,di_gee,25,150,1214.93341351677,728.960048110063,1700.90677892348
1991,A,American Indian or Alaska Native,All Origins,51510,666,attributable,666,nvss,Deaths,age-adjusted rate,A,di_gee,25,150,766.49776167102,459.898657002612,1073.09686633943
1991,A,American Indian or Alaska Native,All Origins,51510,666,attributable,666,nvss,Deaths,age-adjusted rate,B,di_gee,25,150,555.781538982261,333.468923389357,778.094154575164
1991,A,American Indian or Alaska Native,All Origins,51510,666,attributable,666,nvss,Deaths,age-adjusted rate,D,di_gee,25,150,396.986813558758,238.192088135255,555.78153898226
1991,A,American Indian or Alaska Native,All Origins,55079,666,attributable,666,nvss,Deaths,age-adjusted rate,A,di_gee,25,150,177.959690663327,106.775814397996,249.143566928657
1991,A,American Indian or Alaska Native,All Origins,55079,666,attributable,666,nvss,Deaths,age-adjusted rate,B,di_gee,25,150,177.959690663327,106.775814397996,249.143566928657
1991,A,American Indian or Alaska Native,All Origins,55079,666,attributable,666,nvss,Deaths,age-adjusted rate,D,di_gee,25,150,177.959690663327,106.775814397996,249.143566928657
1991,A,American Indian or Alaska Native,All Origins,55139,666,attributable,666,nvss,Deaths,age-adjusted rate,A,di_gee,25,150,22.0797958811091,13.2478775286654,30.9117142335526
1991,A,American Indian or Alaska Native,All Origins,55139,666,attributable,666,nvss,Deaths,age-adjusted rate,B,di_gee,25,150,22.0797958811091,13.2478775286654,30.9117142335526
1991,A,American Indian or Alaska Native,All Origins,55139,666,attributable,666,nvss,Deaths,age-adjusted rate,D,di_gee,25,150,21.5527364428656,12.9316418657193,30.1738310200117
1991,A,Asian or Pacific Islander,All Origins,4019,666,attributable,666,nvss,Deaths,age-adjusted rate,A,di_gee,25,150,0,0,0
1991,A,Asian or Pacific Islander,All Origins,5119,666,attributable,666,nvss,Deaths,age-adjusted rate,A,di_gee,25,150,1474.47357113356,1151.93247744809,1797.01466481902
1991,A,Asian or Pacific Islander,All Origins,6019,666,attributable,666,nvss,Deaths,age-adjusted rate,A,di_gee,25,150,456888.974328203,356944.511193908,556833.437462497
1991,A,Asian or Pacific Islander,All Origins,9011,666,attributable,666,nvss,Deaths,age-adjusted rate,A,di_gee,25,150,182.093676913294,142.260685088511,221.926668738077
1991,A,Asian or Pacific Islander,All Origins,12011,666,attributable,666,nvss,Deaths,age-adjusted rate,A,di_gee,25,150,5202.37589745862,4064.35616988954,6340.39562502768
1991,A,Asian or Pacific Islander,All Origins,12099,666,attributable,666,nvss,Deaths,age-adjusted rate,A,di_gee,25,150,433965.622932785,339035.642916237,528895.602949331
1991,A,Asian or Pacific Islander,All Origins,17119,666,attributable,666,nvss,Deaths,age-adjusted rate,A,di_gee,25,150,189.668373236978,148.178416591389,231.158329882567
1991,A,Asian or Pacific Islander,All Origins,17119,666,attributable,666,nvss,Deaths,age-adjusted rate,B,di_gee,25,150,134.471874364145,105.056151846988,163.887596881301
1991,A,Asian or Pacific Islander,All Origins,17119,666,attributable,666,nvss,Deaths,age-adjusted rate,D,di_gee,25,150,96.0513388315321,75.0401084621343,117.06256920093
1991,A,Asian or Pacific Islander,All Origins,17179,666,attributable,666,nvss,Deaths,age-adjusted rate,A,di_gee,25,150,188.474370189982,147.245601710923,229.70313866904
1991,A,Asian or Pacific Islander,All Origins,17179,666,attributable,666,nvss,Deaths,age-adjusted rate,B,di_gee,25,150,122.782458073949,95.9237953702722,149.641120777625
1991,A,Asian or Pacific Islander,All Origins,17179,666,attributable,666,nvss,Deaths,age-adjusted rate,D,di_gee,25,150,87.7017557671061,68.5169966930516,106.886514841161
1991,A,Asian or Pacific Islander,All Origins,18039,666,attributable,666,nvss,Deaths,age-adjusted rate,A,di_gee,25,150,4104.26544879389,3206.45738187022,5002.07351571755
1991,A,Asian or Pacific Islander,All Origins,18039,666,attributable,666,nvss,Deaths,age-adjusted rate,B,di_gee,25,150,1902.18617214788,1486.08294699053,2318.28939730523
1991,A,Asian or Pacific Islander,All Origins,18039,666,attributable,666,nvss,Deaths,age-adjusted rate,D,di_gee,25,150,1358.70440867706,1061.48781927895,1655.92099807516
1991,A,Asian or Pacific Islander,All Origins,22019,666,attributable,666,nvss,Deaths,age-adjusted rate,A,di_gee,25,150,2063.55747724938,1612.15427910107,2514.96067539768
1991,A,Asian or Pacific Islander,All Origins,22019,666,attributable,666,nvss,Deaths,age-adjusted rate,B,di_gee,25,150,1590.54813839606,1242.61573312192,1938.4805436702
1991,A,Asian or Pacific Islander,All Origins,22019,666,attributable,666,nvss,Deaths,age-adjusted rate,D,di_gee,25,150,1136.10581314004,887.582666515657,1384.62895976443
1991,A,Asian or Pacific Islander,All Origins,26099,666,attributable,666,nvss,Deaths,age-adjusted rate,A,di_gee,25,150,12375.6610959906,9668.48523124267,15082.8369607386
1991,A,Asian or Pacific Islander,All Origins,26099,666,attributable,666,nvss,Deaths,age-adjusted rate,B,di_gee,25,150,12375.6610959906,9668.48523124267,15082.8369607386
1991,A,Asian or Pacific Islander,All Origins,26099,666,attributable,666,nvss,Deaths,age-adjusted rate,D,di_gee,25,150,10074.2800294293,7870.53127299165,12278.028785867
1991,A,Asian or Pacific Islander,All Origins,29019,666,attributable,666,nvss,Deaths,age-adjusted rate,A,di_gee,25,150,168.852653268522,131.916135366033,205.789171171012
1991,A,Asian or Pacific Islander,All Origins,29019,666,attributable,666,nvss,Deaths,age-adjusted rate,B,di_gee,25,150,160.323436973198,125.252685135311,195.394188811085
1991,A,Asian or Pacific Islander,All Origins,29019,666,attributable,666,nvss,Deaths,age-adjusted rate,D,di_gee,25,150,116.206166536086,90.7860676063169,141.626265465854
1991,A,Asian or Pacific Islander,All Origins,29099,666,attributable,666,nvss,Deaths,age-adjusted rate,A,di_gee,25,150,610.524170463593,476.972008174682,744.076332752504
1991,A,Asian or Pacific Islander,All Origins,29099,666,attributable,666,nvss,Deaths,age-adjusted rate,B,di_gee,25,150,522.067287068121,407.865068021969,636.269506114271
1991,A,Asian or Pacific Islander,All Origins,29099,666,attributable,666,nvss,Deaths,age-adjusted rate,D,di_gee,25,150,372.905205048657,291.332191444263,454.478218653051
1991,A,Asian or Pacific Islander,All Origins,29510,666,attributable,666,nvss,Deaths,age-adjusted rate,A,di_gee,25,150,239.472752584426,187.088087956583,291.857417212269
1991,A,Asian or Pacific Islander,All Origins,29510,666,attributable,666,nvss,Deaths,age-adjusted rate,B,di_gee,25,150,183.470110983673,143.336024205994,223.604197761351
1991,A,Asian or Pacific Islander,All Origins,29510,666,attributable,666,nvss,Deaths,age-adjusted rate,D,di_gee,25,150,131.050079274052,102.382874432853,159.717284115251
1991,A,Asian or Pacific Islander,All Origins,37119,666,attributable,666,nvss,Deaths,age-adjusted rate,A,di_gee,25,150,3143.07091078379,2455.52414904983,3830.61767251774
1991,A,Asian or Pacific Islander,All Origins,37119,666,attributable,666,nvss,Deaths,age-adjusted rate,B,di_gee,25,150,3143.07091078379,2455.52414904983,3830.61767251774
1991,A,Asian or Pacific Islander,All Origins,37119,666,attributable,666,nvss,Deaths,age-adjusted rate,D,di_gee,25,150,3102.37939332286,2423.73390103348,3781.02488561223
1991,A,Asian or Pacific Islander,All Origins,39017,666,attributable,666,nvss,Deaths,age-adjusted rate,A,di_gee,25,150,13452.1164415039,10509.4659699249,16394.7669130829
1991,A,Asian or Pacific Islander,All Origins,39017,666,attributable,666,nvss,Deaths,age-adjusted rate,B,di_gee,25,150,6643.79154909777,5190.46214773262,8097.1209504629
1991,A,Asian or Pacific Islander,All Origins,39017,666,attributable,666,nvss,Deaths,age-adjusted rate,D,di_gee,25,150,4745.56539221269,3707.47296266616,5783.65782175921
1991,A,Asian or Pacific Islander,All Origins,39099,666,attributable,666,nvss,Deaths,age-adjusted rate,A,di_gee,25,150,1232.72521853288,963.066576978814,1502.38386008695
1991,A,Asian or Pacific Islander,All Origins,39099,666,attributable,666,nvss,Deaths,age-adjusted rate,B,di_gee,25,150,547.873082232485,428.025845494128,667.720318970841
1991,A,Asian or Pacific Islander,All Origins,39099,666,attributable,666,nvss,Deaths,age-adjusted rate,D,di_gee,25,150,391.337915880346,305.73274678152,476.943084979172
1991,A,Asian or Pacific Islander,All Origins,45019,666,attributable,666,nvss,Deaths,age-adjusted rate,A,di_gee,25,150,680.897804554285,531.951409808034,829.844199300534
1991,A,Asian or Pacific Islander,All Origins,45019,666,attributable,666,nvss,Deaths,age-adjusted rate,B,di_gee,25,150,325.618158234497,254.3891861207,396.847130348293
1991,A,Asian or Pacific Islander,All Origins,45019,666,attributable,666,nvss,Deaths,age-adjusted rate,D,di_gee,25,150,232.584398738926,181.706561514786,283.462235963066
1991,A,Asian or Pacific Islander,All Origins,46099,666,attributable,666,nvss,Deaths,age-adjusted rate,A,di_gee,25,150,2462.5153000884,1923.84007819406,3001.19052198274
1991,A,Asian or Pacific Islander,All Origins,46099,666,attributable,666,nvss,Deaths,age-adjusted rate,B,di_gee,25,150,2462.5153000884,1923.84007819406,3001.19052198274
1991,A,Asian or Pacific Islander,All Origins,46099,666,attributable,666,nvss,Deaths,age-adjusted rate,D,di_gee,25,150,2462.5153000884,1923.84007819406,3001.19052198274
1991,A,Asian or Pacific Islander,All Origins,48039,666,attributable,666,nvss,Deaths,age-adjusted rate,A,di_gee,25,150,93.4903262251092,73.0393173633665,113.941335086852
1991,A,Asian or Pacific Islander,All Origins,48039,666,attributable,666,nvss,Deaths,age-adjusted rate,B,di_gee,25,150,93.4903262251092,73.0393173633665,113.941335086852
1991,A,Asian or Pacific Islander,All Origins,48039,666,attributable,666,nvss,Deaths,age-adjusted rate,D,di_gee,25,150,93.4903262251092,73.0393173633665,113.941335086852
1991,A,Asian or Pacific Islander,All Origins,48157,666,attributable,666,nvss,Deaths,age-adjusted rate,A,di_gee,25,150,52599.7821730815,41093.5798227198,64105.984523443
1991,A,Asian or Pacific Islander,All Origins,48157,666,attributable,666,nvss,Deaths,age-adjusted rate,B,di_gee,25,150,49719.5533172838,38843.4010291279,60595.7056054396
1991,A,Asian or Pacific Islander,All Origins,48157,666,attributable,666,nvss,Deaths,age-adjusted rate,D,di_gee,25,150,35513.9666552027,27745.2864493771,43282.6468610283
1991,A,Asian or Pacific Islander,All Origins,48439,666,attributable,666,nvss,Deaths,age-adjusted rate,A,di_gee,25,150,2304.09089813362,1800.07101416689,2808.11078210035
1991,A,Asian or Pacific Islander,All Origins,48439,666,attributable,666,nvss,Deaths,age-adjusted rate,B,di_gee,25,150,2304.09089813362,1800.07101416689,2808.11078210035
1991,A,Asian or Pacific Islander,All Origins,48439,666,attributable,666,nvss,Deaths,age-adjusted rate,D,di_gee,25,150,2304.09089813362,1800.07101416689,2808.11078210035
1991,A,Asian or Pacific Islander,All Origins,49011,666,attributable,666,nvss,Deaths,age-adjusted rate,A,di_gee,25,150,128.605231698864,100.472837264737,156.73762613299
1991,A,Asian or Pacific Islander,All Origins,49011,666,attributable,666,nvss,Deaths,age-adjusted rate,B,di_gee,25,150,128.605231698864,100.472837264737,156.73762613299
1991,A,Asian or Pacific Islander,All Origins,49011,666,attributable,666,nvss,Deaths,age-adjusted rate,D,di_gee,25,150,128.605231698864,100.472837264737,156.73762613299
1991,A,Asian or Pacific Islander,All Origins,51059,666,attributable,666,nvss,Deaths,age-adjusted rate,A,di_gee,25,150,181280.778713089,141625.6083696,220935.949056577
1991,A,Asian or Pacific Islander,All Origins,51510,666,attributable,666,nvss,Deaths,age-adjusted rate,A,di_gee,25,150,3534.58912894373,2761.39775698729,4307.78050090017
1991,A,Asian or Pacific Islander,All Origins,51510,666,attributable,666,nvss,Deaths,age-adjusted rate,B,di_gee,25,150,2628.70173232124,2053.67322837597,3203.73023626651
1991,A,Asian or Pacific Islander,All Origins,51510,666,attributable,666,nvss,Deaths,age-adjusted rate,D,di_gee,25,150,1877.64409451517,1466.90944883998,2288.37874019037
1991,A,Asian or Pacific Islander,All Origins,51650,666,attributable,666,nvss,Deaths,age-adjusted rate,A,di_gee,25,150,2579.01535461646,2014.85574579411,3143.17496343881
1991,A,Asian or Pacific Islander,All Origins,51650,666,attributable,666,nvss,Deaths,age-adjusted rate,B,di_gee,25,150,1482.38803589691,1158.11565304446,1806.66041874936
1991,A,Asian or Pacific Islander,All Origins,51650,666,attributable,666,nvss,Deaths,age-adjusted rate,D,di_gee,25,150,1058.84859706922,827.225466460327,1290.47172767811
1991,A,Asian or Pacific Islander,All Origins,54039,666,attributable,666,nvss,Deaths,age-adjusted rate,A,di_gee,25,150,195.949261374454,153.085360448792,238.813162300116
1991,A,Asian or Pacific Islander,All Origins,54039,666,attributable,666,nvss,Deaths,age-adjusted rate,B,di_gee,25,150,97.2032891182457,75.9400696236294,118.466508612862
1991,A,Asian or Pacific Islander,All Origins,54039,666,attributable,666,nvss,Deaths,age-adjusted rate,D,di_gee,25,150,69.4309207987469,54.242906874021,84.6189347234728
1991,A,Asian or Pacific Islander,All Origins,55079,666,attributable,666,nvss,Deaths,age-adjusted rate,A,di_gee,25,150,5304.84514265647,4144.41026770036,6465.28001761256
1991,A,Asian or Pacific Islander,All Origins,55079,666,attributable,666,nvss,Deaths,age-adjusted rate,B,di_gee,25,150,5304.84514265647,4144.41026770036,6465.28001761256
1991,A,Asian or Pacific Islander,All Origins,55079,666,attributable,666,nvss,Deaths,age-adjusted rate,D,di_gee,25,150,5304.84514265647,4144.41026770036,6465.28001761256
1991,A,Asian or Pacific Islander,All Origins,55139,666,attributable,666,nvss,Deaths,age-adjusted rate,A,di_gee,25,150,4357.54783847871,3404.33424881149,5310.76142814592
1991,A,Asian or Pacific Islander,All Origins,55139,666,attributable,666,nvss,Deaths,age-adjusted rate,B,di_gee,25,150,4357.54783847871,3404.33424881149,5310.76142814592
1991,A,Asian or Pacific Islander,All Origins,55139,666,attributable,666,nvss,Deaths,age-adjusted rate,D,di_gee,25,150,4192.80329447579,3275.62757380921,5109.97901514237
1991,A,Black or African American,All Origins,4019,666,attributable,666,nvss,Deaths,age-adjusted rate,A,di_gee,25,150,0,0,0
1991,A,Black or African American,All Origins,5119,666,attributable,666,nvss,Deaths,age-adjusted rate,A,di_gee,25,150,3900.8698389283,3732.08220166698,4069.65747618963
1991,A,Black or African American,All Origins,6019,666,attributable,666,nvss,Deaths,age-adjusted rate,A,di_gee,25,150,157197.224135075,150395.421167692,163999.027102458
1991,A,Black or African American,All Origins,9011,666,attributable,666,nvss,Deaths,age-adjusted rate,A,di_gee,25,150,2795.5439372617,2674.5829015148,2916.5049730086
1991,A,Black or African American,All Origins,12011,666,attributable,666,nvss,Deaths,age-adjusted rate,A,di_gee,25,150,116059.515868924,111037.709893826,121081.321844022
1991,A,Black or African American,All Origins,12099,666,attributable,666,nvss,Deaths,age-adjusted rate,A,di_gee,25,150,344065748.490362,329178288.219145,358953208.76158
1991,A,Black or African American,All Origins,17099,666,attributable,666,nvss,Deaths,age-adjusted rate,A,di_gee,25,150,1113.67834807846,1065.49034263276,1161.86635352416
1991,A,Black or African American,All Origins,17099,666,attributable,666,nvss,Deaths,age-adjusted rate,B,di_gee,25,150,877.027258747045,839.078963897414,914.975553596677
1991,A,Black or African American,All Origins,17099,666,attributable,666,nvss,Deaths,age-adjusted rate,D,di_gee,25,150,626.448041962175,599.342117069581,653.553966854769
1991,A,Black or African American,All Origins,17119,666,attributable,666,nvss,Deaths,age-adjusted rate,A,di_gee,25,150,219447.743847007,209952.408776704,228943.07891731
1991,A,Black or African American,All Origins,17119,666,attributable,666,nvss,Deaths,age-adjusted rate,B,di_gee,25,150,154231.81069291,147558.318884082,160905.302501738
1991,A,Black or African American,All Origins,17119,666,attributable,666,nvss,Deaths,age-adjusted rate,D,di_gee,25,150,110165.579066364,105398.799202916,114932.358929813
1991,A,Black or African American,All Origins,18039,666,attributable,666,nvss,Deaths,age-adjusted rate,A,di_gee,25,150,36574.3256753901,34991.7827375127,38156.8686132676
1991,A,Black or African American,All Origins,18039,666,attributable,666,nvss,Deaths,age-adjusted rate,B,di_gee,25,150,16970.1090573462,16235.8254923649,17704.3926223276
1991,A,Black or African American,All Origins,18039,666,attributable,666,nvss,Deaths,age-adjusted rate,D,di_gee,25,150,12121.506469533,11597.0182088321,12645.994730234
1991,A,Black or African American,All Origins,22019,666,attributable,666,nvss,Deaths,age-adjusted rate,A,di_gee,25,150,882.166208542152,843.995555287925,920.33686179638
1991,A,Black or African American,All Origins,22019,666,attributable,666,nvss,Deaths,age-adjusted rate,B,di_gee,25,150,674.767002023251,645.570352897245,703.963651149258
1991,A,Black or African American,All Origins,22019,666,attributable,666,nvss,Deaths,age-adjusted rate,D,di_gee,25,150,481.976430016608,461.12168064089,502.831179392327
1991,A,Black or African American,All Origins,26099,666,attributable,666,nvss,Deaths,age-adjusted rate,A,di_gee,25,150,44626.3413053211,42695.3938449947,46557.2887656475
1991,A,Black or African American,All Origins,26099,666,attributable,666,nvss,Deaths,age-adjusted rate,B,di_gee,25,150,44626.3413053211,42695.3938449947,46557.2887656475
1991,A,Black or African American,All Origins,26099,666,attributable,666,nvss,Deaths,age-adjusted rate,D,di_gee,25,150,37958.4700863674,36316.0362845535,39600.9038881814
1991,A,Black or African American,All Origins,28059,666,attributable,666,nvss,Deaths,age-adjusted rate,A,di_gee,25,150,472.107387319673,451.679663829879,492.535110809466
1991,A,Black or African American,All Origins,28059,666,attributable,666,nvss,Deaths,age-adjusted rate,B,di_gee,25,150,340.233569567901,325.511924730829,354.955214404974
1991,A,Black or African American,All Origins,28059,666,attributable,666,nvss,Deaths,age-adjusted rate,D,di_gee,25,150,243.023978262787,232.508517664878,253.539438860696
1991,A,Black or African American,All Origins,29019,666,attributable,666,nvss,Deaths,age-adjusted rate,A,di_gee,25,150,13879.1690641823,13278.628095059,14479.7100333056
1991,A,Black or African American,All Origins,29019,666,attributable,666,nvss,Deaths,age-adjusted rate,B,di_gee,25,150,12533.4233853376,11991.111796549,13075.7349741263
1991,A,Black or African American,All Origins,29019,666,attributable,666,nvss,Deaths,age-adjusted rate,D,di_gee,25,150,9054.2775109726,8662.50588790168,9446.04913404354
1991,A,Black or African American,All Origins,29099,666,attributable,666,nvss,Deaths,age-adjusted rate,A,di_gee,25,150,10233.7670531642,9790.95982490231,10676.5742814261
1991,A,Black or African American,All Origins,29099,666,attributable,666,nvss,Deaths,age-adjusted rate,B,di_gee,25,150,9547.43503354864,9134.32486382779,9960.5452032695
1991,A,Black or African American,All Origins,29099,666,attributable,666,nvss,Deaths,age-adjusted rate,D,di_gee,25,150,6819.59645253474,6524.51775987699,7114.6751451925
1991,A,Black or African American,All Origins,29510,666,attributable,666,nvss,Deaths,age-adjusted rate,A,di_gee,25,150,23311.3632307534,22302.6984755766,24320.0279859302
1991,A,Black or African American,All Origins,29510,666,attributable,666,nvss,Deaths,age-adjusted rate,B,di_gee,25,150,15825.3462105509,15140.5956533637,16510.0967677383
1991,A,Black or African American,All Origins,29510,666,attributable,666,nvss,Deaths,age-adjusted rate,D,di_gee,25,150,11303.8187218221,10814.711180974,11792.9262626702
1991,A,Black or African American,All Origins,37119,666,attributable,666,nvss,Deaths,age-adjusted rate,A,di_gee,25,150,77558.7425903778,74202.8354590634,80914.6497216923
1991,A,Black or African American,All Origins,37119,666,attributable,666,nvss,Deaths,age-adjusted rate,B,di_gee,25,150,77558.7425903778,74202.8354590634,80914.6497216923
1991,A,Black or African American,All Origins,37119,666,attributable,666,nvss,Deaths,age-adjusted rate,D,di_gee,25,150,76490.9425211222,73181.2382774198,79800.6467648246
1991,A,Black or African American,All Origins,39017,666,attributable,666,nvss,Deaths,age-adjusted rate,A,di_gee,25,150,138650.420800925,132651.123747039,144649.717854811
1991,A,Black or African American,All Origins,39017,666,attributable,666,nvss,Deaths,age-adjusted rate,B,di_gee,25,150,68500.2324644205,65536.2800981716,71464.1848306696
1991,A,Black or African American,All Origins,39017,666,attributable,666,nvss,Deaths,age-adjusted rate,D,di_gee,25,150,48928.7374745861,46811.6286415511,51045.8463076211
1991,A,Black or African American,All Origins,39099,666,attributable,666,nvss,Deaths,age-adjusted rate,A,di_gee,25,150,21390.5231167357,20464.9716357231,22316.0745977483
1991,A,Black or African American,All Origins,39099,666,attributable,666,nvss,Deaths,age-adjusted rate,B,di_gee,25,150,10004.9077846227,9572.00312086497,10437.8124483804
1991,A,Black or African American,All Origins,39099,666,attributable,666,nvss,Deaths,age-adjusted rate,D,di_gee,25,150,7146.36270330191,6837.14508633212,7455.58032027171
1991,A,Black or African American,All Origins,45019,666,attributable,666,nvss,Deaths,age-adjusted rate,A,di_gee,25,150,4300.94214115991,4114.84368312896,4487.04059919088
1991,A,Black or African American,All Origins,45019,666,attributable,666,nvss,Deaths,age-adjusted rate,B,di_gee,25,150,2059.42601354017,1970.31623410815,2148.5357929722
1991,A,Black or African American,All Origins,45019,666,attributable,666,nvss,Deaths,age-adjusted rate,D,di_gee,25,150,1471.01858110012,1407.36873864868,1534.66842355157
1991,A,Black or African American,All Origins,48039,666,attributable,666,nvss,Deaths,age-adjusted rate,A,di_gee,25,150,2029.44944955342,1941.63673298621,2117.26216612064
1991,A,Black or African American,All Origins,48039,666,attributable,666,nvss,Deaths,age-adjusted rate,B,di_gee,25,150,2029.44944955342,1941.63673298621,2117.26216612064
1991,A,Black or African American,All Origins,48039,666,attributable,666,nvss,Deaths,age-adjusted rate,D,di_gee,25,150,2029.44944955342,1941.63673298621,2117.26216612064
1991,A,Black or African American,All Origins,48157,666,attributable,666,nvss,Deaths,age-adjusted rate,A,di_gee,25,150,959.67686115155,918.152381582493,1001.20134072061
1991,A,Black or African American,All Origins,48157,666,attributable,666,nvss,Deaths,age-adjusted rate,B,di_gee,25,150,897.72160323584,858.877880018905,936.565326452776
1991,A,Black or African American,All Origins,48157,666,attributable,666,nvss,Deaths,age-adjusted rate,D,di_gee,25,150,641.229716597029,613.484200013504,668.975233180555
1991,A,Black or African American,All Origins,48339,666,attributable,666,nvss,Deaths,age-adjusted rate,A,di_gee,25,150,2083.1935031824,1993.05532275624,2173.33168360857
1991,A,Black or African American,All Origins,48339,666,attributable,666,nvss,Deaths,age-adjusted rate,B,di_gee,25,150,2083.1935031824,1993.05532275624,2173.33168360857
1991,A,Black or African American,All Origins,48339,666,attributable,666,nvss,Deaths,age-adjusted rate,D,di_gee,25,150,2083.1935031824,1993.05532275624,2173.33168360857
1991,A,Black or African American,All Origins,48439,666,attributable,666,nvss,Deaths,age-adjusted rate,A,di_gee,25,150,131607.69063369,125913.127096656,137302.254170725
1991,A,Black or African American,All Origins,48439,666,attributable,666,nvss,Deaths,age-adjusted rate,B,di_gee,25,150,131607.69063369,125913.127096656,137302.254170725
1991,A,Black or African American,All Origins,48439,666,attributable,666,nvss,Deaths,age-adjusted rate,D,di_gee,25,150,131607.69063369,125913.127096656,137302.254170725
1991,A,Black or African American,All Origins,49011,666,attributable,666,nvss,Deaths,age-adjusted rate,A,di_gee,25,150,0,0,0
1991,A,Black or African American,All Origins,49011,666,attributable,666,nvss,Deaths,age-adjusted rate,B,di_gee,25,150,0,0,0
1991,A,Black or African American,All Origins,49011,666,attributable,666,nvss,Deaths,age-adjusted rate,D,di_gee,25,150,0,0,0
1991,A,Black or African American,All Origins,51059,666,attributable,666,nvss,Deaths,age-adjusted rate,A,di_gee,25,150,27096.920690585,25924.4577760885,28269.3836050815
1991,A,Black or African American,All Origins,51510,666,attributable,666,nvss,Deaths,age-adjusted rate,A,di_gee,25,150,65624.098930016,62784.5946493903,68463.6032106417
1991,A,Black or African American,All Origins,51510,666,attributable,666,nvss,Deaths,age-adjusted rate,B,di_gee,25,150,47340.8278695016,45292.4266636097,49389.2290753935
1991,A,Black or African American,All Origins,51510,666,attributable,666,nvss,Deaths,age-adjusted rate,D,di_gee,25,150,33814.877049644,32351.7333311498,35278.0207681382
1991,A,Black or African American,All Origins,51650,666,attributable,666,nvss,Deaths,age-adjusted rate,A,di_gee,25,150,3432.10700326817,3283.60237331907,3580.61163321727
1991,A,Black or African American,All Origins,51650,666,attributable,666,nvss,Deaths,age-adjusted rate,B,di_gee,25,150,1954.32091224237,1869.75894969342,2038.88287479132
1991,A,Black or African American,All Origins,51650,666,attributable,666,nvss,Deaths,age-adjusted rate,D,di_gee,25,150,1395.94350874455,1335.54210692387,1456.34491056523
1991,A,Black or African American,All Origins,51770,666,attributable,666,nvss,Deaths,age-adjusted rate,A,di_gee,25,150,5886.05001179219,5631.36515551272,6140.73486807166
1991,A,Black or African American,All Origins,51770,666,attributable,666,nvss,Deaths,age-adjusted rate,B,di_gee,25,150,5280.48691056759,5052.00430386034,5508.96951727484
1991,A,Black or African American,All Origins,51770,666,attributable,666,nvss,Deaths,age-adjusted rate,D,di_gee,25,150,4035.20159476442,3860.60152576019,4209.80166376865
1991,A,Black or African American,All Origins,54039,666,attributable,666,nvss,Deaths,age-adjusted rate,A,di_gee,25,150,2388.04602328372,2284.71710881471,2491.37493775273
1991,A,Black or African American,All Origins,54039,666,attributable,666,nvss,Deaths,age-adjusted rate,B,di_gee,25,150,1148.98954506435,1099.27365128753,1198.70543884118
1991,A,Black or African American,All Origins,54039,666,attributable,666,nvss,Deaths,age-adjusted rate,D,di_gee,25,150,820.706817903111,785.19546520538,856.218170600842
1991,A,Black or African American,All Origins,55079,666,attributable,666,nvss,Deaths,age-adjusted rate,A,di_gee,25,150,399855.187784752,382553.76139022,417156.614179285
1991,A,Black or African American,All Origins,55079,666,attributable,666,nvss,Deaths,age-adjusted rate,B,di_gee,25,150,399855.187784752,382553.76139022,417156.614179285
1991,A,Black or African American,All Origins,55079,666,attributable,666,nvss,Deaths,age-adjusted rate,D,di_gee,25,150,399855.187784752,382553.76139022,417156.614179285
1991,A,Black or African American,All Origins,55139,666,attributable,666,nvss,Deaths,age-adjusted rate,A,di_gee,25,150,4720.66666250253,4516.40704729809,4924.92627770697
1991,A,Black or African American,All Origins,55139,666,attributable,666,nvss,Deaths,age-adjusted rate,B,di_gee,25,150,4720.66666250253,4516.40704729809,4924.92627770697
1991,A,Black or African American,All Origins,55139,666,attributable,666,nvss,Deaths,age-adjusted rate,D,di_gee,25,150,4617.26403226396,4417.47856932947,4817.04949519846
1991,A,White,All Origins,4019,666,attributable,666,nvss,Deaths,age-adjusted rate,A,di_gee,25,150,113.773007030687,108.355244791131,117.384848523725
1991,A,White,All Origins,5119,666,attributable,666,nvss,Deaths,age-adjusted rate,A,di_gee,25,150,1035.19526604236,985.900253373682,1068.05860782149
1991,A,White,All Origins,6019,666,attributable,666,nvss,Deaths,age-adjusted rate,A,di_gee,25,150,9688839.72296667,9227466.40282542,9996421.93639419
1991,A,White,All Origins,9011,666,attributable,666,nvss,Deaths,age-adjusted rate,A,di_gee,25,150,220.154612838219,209.671059845923,227.143648166416
1991,A,White,All Origins,12011,666,attributable,666,nvss,Deaths,age-adjusted rate,A,di_gee,25,150,55297.5679718663,52664.3504493966,57053.0463201795
1991,A,White,All Origins,12099,666,attributable,666,nvss,Deaths,age-adjusted rate,A,di_gee,25,150,2085925.80010948,1986596.00010428,2152145.66677963
1991,A,White,All Origins,17099,666,attributable,666,nvss,Deaths,age-adjusted rate,A,di_gee,25,150,821.966583775472,782.825317881404,848.060761038186
1991,A,White,All Origins,17099,666,attributable,666,nvss,Deaths,age-adjusted rate,B,di_gee,25,150,670.529770288041,638.599781226707,691.816429662265
1991,A,White,All Origins,17099,666,attributable,666,nvss,Deaths,age-adjusted rate,D,di_gee,25,150,478.949835920029,456.142700876219,494.154592615903
1991,A,White,All Origins,17119,666,attributable,666,nvss,Deaths,age-adjusted rate,A,di_gee,25,150,290.815564220332,276.967204019364,300.04780435431
1991,A,White,All Origins,17119,666,attributable,666,nvss,Deaths,age-adjusted rate,B,di_gee,25,150,207.691717494952,197.801635709478,214.285105351934
1991,A,White,All Origins,17119,666,attributable,666,nvss,Deaths,age-adjusted rate,D,di_gee,25,150,148.351226782108,141.286882649627,153.060789537096
1991,A,White,All Origins,17179,666,attributable,666,nvss,Deaths,age-adjusted rate,A,di_gee,25,150,431.50457573612,410.956738796305,445.203133695997
1991,A,White,All Origins,17179,666,attributable,666,nvss,Deaths,age-adjusted rate,B,di_gee,25,150,284.484503455539,270.937622338609,293.515757533492
1991,A,White,All Origins,17179,666,attributable,666,nvss,Deaths,age-adjusted rate,D,di_gee,25,150,203.203216753956,193.526873099006,209.654112523923
1991,A,White,All Origins,18039,666,attributable,666,nvss,Deaths,age-adjusted rate,A,di_gee,25,150,5516.52383726503,5253.8322259667,5691.65157813059
1991,A,White,All Origins,18039,666,attributable,666,nvss,Deaths,age-adjusted rate,B,di_gee,25,150,2558.23068415455,2436.41017538529,2639.44435666739
1991,A,White,All Origins,18039,666,attributable,666,nvss,Deaths,age-adjusted rate,D,di_gee,25,150,1827.30763153896,1740.29298241806,1885.31739761956
1991,A,White,All Origins,22019,666,attributable,666,nvss,Deaths,age-adjusted rate,A,di_gee,25,150,141.758662372405,135.008249878481,146.258937368354
1991,A,White,All Origins,22019,666,attributable,666,nvss,Deaths,age-adjusted rate,B,di_gee,25,150,111.534577695772,106.223407329307,115.075357940083
1991,A,White,All Origins,22019,666,attributable,666,nvss,Deaths,age-adjusted rate,D,di_gee,25,150,79.6675554969802,75.8738623780765,82.1966842429161
1991,A,White,All Origins,26099,666,attributable,666,nvss,Deaths,age-adjusted rate,A,di_gee,25,150,892.677133949299,850.168698999334,921.01609058261
1991,A,White,All Origins,26099,666,attributable,666,nvss,Deaths,age-adjusted rate,B,di_gee,25,150,892.677133949299,850.168698999334,921.01609058261
1991,A,White,All Origins,26099,666,attributable,666,nvss,Deaths,age-adjusted rate,D,di_gee,25,150,753.493023168875,717.612403017977,777.413436602807
1991,A,White,All Origins,28059,666,attributable,666,nvss,Deaths,age-adjusted rate,A,di_gee,25,150,519.948132999712,495.188698094965,536.454422936211
1991,A,White,All Origins,28059,666,attributable,666,nvss,Deaths,age-adjusted rate,B,di_gee,25,150,373.590846706461,355.800806387107,385.450873586031
1991,A,White,All Origins,28059,666,attributable,666,nvss,Deaths,age-adjusted rate,D,di_gee,25,150,266.850604790329,254.143433133648,275.322052561451
1991,A,White,All Origins,29019,666,attributable,666,nvss,Deaths,age-adjusted rate,A,di_gee,25,150,107.507260983688,102.387867603513,110.920189903806
1991,A,White,All Origins,29019,666,attributable,666,nvss,Deaths,age-adjusted rate,B,di_gee,25,150,103.405183089267,98.4811267516827,106.687887314323
1991,A,White,All Origins,29019,666,attributable,666,nvss,Deaths,age-adjusted rate,D,di_gee,25,150,76.1691946080842,72.5420901029375,78.5872642781821
1991,A,White,All Origins,29099,666,attributable,666,nvss,Deaths,age-adjusted rate,A,di_gee,25,150,156.50589443016,149.053232790628,161.47433552318
1991,A,White,All Origins,29099,666,attributable,666,nvss,Deaths,age-adjusted rate,B,di_gee,25,150,138.599276351246,131.999310810711,142.99925337827
1991,A,White,All Origins,29099,666,attributable,666,nvss,Deaths,age-adjusted rate,D,di_gee,25,150,98.9994831080331,94.2852220076507,102.142323841621
1991,A,White,All Origins,29510,666,attributable,666,nvss,Deaths,age-adjusted rate,A,di_gee,25,150,280.054600099486,266.718666761416,288.945222324867
1991,A,White,All Origins,29510,666,attributable,666,nvss,Deaths,age-adjusted rate,B,di_gee,25,150,222.223150867684,211.641096064461,229.277854069832
1991,A,White,All Origins,29510,666,attributable,666,nvss,Deaths,age-adjusted rate,D,di_gee,25,150,158.730822048345,151.172211474615,163.769895764166
1991,A,White,All Origins,37119,666,attributable,666,nvss,Deaths,age-adjusted rate,A,di_gee,25,150,397.625831510388,378.691268105133,410.24887378056
1991,A,White,All Origins,37119,666,attributable,666,nvss,Deaths,age-adjusted rate,B,di_gee,25,150,397.625831510388,378.691268105133,410.24887378056
1991,A,White,All Origins,37119,666,attributable,666,nvss,Deaths,age-adjusted rate,D,di_gee,25,150,388.834347833981,370.318426508554,401.178295384266
1991,A,White,All Origins,39017,666,attributable,666,nvss,Deaths,age-adjusted rate,A,di_gee,25,150,693.675886088501,660.643701036669,715.697342789724
1991,A,White,All Origins,39017,666,attributable,666,nvss,Deaths,age-adjusted rate,B,di_gee,25,150,341.970915724097,325.686586403902,352.827135270894
1991,A,White,All Origins,39017,666,attributable,666,nvss,Deaths,age-adjusted rate,D,di_gee,25,150,244.264939802927,232.633276002788,252.019382336353
1991,A,White,All Origins,39099,666,attributable,666,nvss,Deaths,age-adjusted rate,A,di_gee,25,150,536.603783841634,511.051222706319,553.638824598511
1991,A,White,All Origins,39099,666,attributable,666,nvss,Deaths,age-adjusted rate,B,di_gee,25,150,256.54123884861,244.324989379629,264.685405161264
1991,A,White,All Origins,39099,666,attributable,666,nvss,Deaths,age-adjusted rate,D,di_gee,25,150,183.243742034721,174.517849556878,189.061003686617
1991,A,White,All Origins,45019,666,attributable,666,nvss,Deaths,age-adjusted rate,A,di_gee,25,150,630.49265129428,600.469191708839,650.508291017908
1991,A,White,All Origins,45019,666,attributable,666,nvss,Deaths,age-adjusted rate,B,di_gee,25,150,304.072677396362,289.593026091774,313.725778266088
1991,A,White,All Origins,45019,666,attributable,666,nvss,Deaths,age-adjusted rate,D,di_gee,25,150,217.19476956883,206.852161494124,224.089841618634
1991,A,White,All Origins,46099,666,attributable,666,nvss,Deaths,age-adjusted rate,A,di_gee,25,150,138.14169499613,131.563519043934,142.527145630928
1991,A,White,All Origins,46099,666,attributable,666,nvss,Deaths,age-adjusted rate,B,di_gee,25,150,138.14169499613,131.563519043934,142.527145630928
1991,A,White,All Origins,46099,666,attributable,666,nvss,Deaths,age-adjusted rate,D,di_gee,25,150,138.14169499613,131.563519043934,142.527145630928
1991,A,White,All Origins,48039,666,attributable,666,nvss,Deaths,age-adjusted rate,A,di_gee,25,150,124.95855538666,119.008147987296,128.925493652904
1991,A,White,All Origins,48039,666,attributable,666,nvss,Deaths,age-adjusted rate,B,di_gee,25,150,124.95855538666,119.008147987296,128.925493652904
1991,A,White,All Origins,48039,666,attributable,666,nvss,Deaths,age-adjusted rate,D,di_gee,25,150,124.95855538666,119.008147987296,128.925493652904
1991,A,White,All Origins,48157,666,attributable,666,nvss,Deaths,age-adjusted rate,A,di_gee,25,150,152.40088791087,145.143702772257,157.239011336611
1991,A,White,All Origins,48157,666,attributable,666,nvss,Deaths,age-adjusted rate,B,di_gee,25,150,143.810102834703,136.962002699717,148.375502924693
1991,A,White,All Origins,48157,666,attributable,666,nvss,Deaths,age-adjusted rate,D,di_gee,25,150,102.721502024788,97.8300019283695,105.982502089067
1991,A,White,All Origins,48339,666,attributable,666,nvss,Deaths,age-adjusted rate,A,di_gee,25,150,1544.84582865765,1471.28174157872,1593.88855337694
1991,A,White,All Origins,48339,666,attributable,666,nvss,Deaths,age-adjusted rate,B,di_gee,25,150,1544.84582865765,1471.28174157872,1593.88855337694
1991,A,White,All Origins,48339,666,attributable,666,nvss,Deaths,age-adjusted rate,D,di_gee,25,150,1544.84582865765,1471.28174157872,1593.88855337694
1991,A,White,All Origins,48439,666,attributable,666,nvss,Deaths,age-adjusted rate,A,di_gee,25,150,339.930864596736,323.743680568321,350.72232061568
1991,A,White,All Origins,48439,666,attributable,666,nvss,Deaths,age-adjusted rate,B,di_gee,25,150,339.930864596736,323.743680568321,350.72232061568
1991,A,White,All Origins,48439,666,attributable,666,nvss,Deaths,age-adjusted rate,D,di_gee,25,150,339.930864596736,323.743680568321,350.72232061568
1991,A,White,All Origins,49011,666,attributable,666,nvss,Deaths,age-adjusted rate,A,di_gee,25,150,1.12734122999873,1.07365831428451,1.16312984047489
1991,A,White,All Origins,49011,666,attributable,666,nvss,Deaths,age-adjusted rate,B,di_gee,25,150,1.12734122999873,1.07365831428451,1.16312984047489
1991,A,White,All Origins,49011,666,attributable,666,nvss,Deaths,age-adjusted rate,D,di_gee,25,150,1.12734122999873,1.07365831428451,1.16312984047489
1991,A,White,All Origins,51059,666,attributable,666,nvss,Deaths,age-adjusted rate,A,di_gee,25,150,2009.98976826778,1914.27596977884,2073.79896726041
1991,A,White,All Origins,51510,666,attributable,666,nvss,Deaths,age-adjusted rate,A,di_gee,25,150,241.521198613116,230.020189155349,249.188538251628
1991,A,White,All Origins,51510,666,attributable,666,nvss,Deaths,age-adjusted rate,B,di_gee,25,150,178.548575199293,170.046262094565,184.216783935779
1991,A,White,All Origins,51510,666,attributable,666,nvss,Deaths,age-adjusted rate,D,di_gee,25,150,127.534696570924,121.461615781832,131.583417096985
1991,A,White,All Origins,51650,666,attributable,666,nvss,Deaths,age-adjusted rate,A,di_gee,25,150,453.510698127267,431.914950597398,467.90786314718
1991,A,White,All Origins,51650,666,attributable,666,nvss,Deaths,age-adjusted rate,B,di_gee,25,150,259.489761879878,247.133106552265,267.727532098287
1991,A,White,All Origins,51650,666,attributable,666,nvss,Deaths,age-adjusted rate,D,di_gee,25,150,185.349829914199,176.523647537332,191.233951498776
1991,A,White,All Origins,51770,666,attributable,666,nvss,Deaths,age-adjusted rate,A,di_gee,25,150,240.85722163011,229.387830123915,248.50348263424
1991,A,White,All Origins,51770,666,attributable,666,nvss,Deaths,age-adjusted rate,B,di_gee,25,150,215.407501706399,205.150001625142,222.245835093904
1991,A,White,All Origins,51770,666,attributable,666,nvss,Deaths,age-adjusted rate,D,di_gee,25,150,163.977751376754,156.16928702548,169.183394277603
1991,A,White,All Origins,54039,666,attributable,666,nvss,Deaths,age-adjusted rate,A,di_gee,25,150,394.976833532264,376.168412887871,407.515780628526
1991,A,White,All Origins,54039,666,attributable,666,nvss,Deaths,age-adjusted rate,B,di_gee,25,150,199.955187216318,190.433511634589,206.302970937471
1991,A,White,All Origins,54039,666,attributable,666,nvss,Deaths,age-adjusted rate,D,di_gee,25,150,142.825133725942,136.023936881849,147.359264955337
1991,A,White,All Origins,55079,666,attributable,666,nvss,Deaths,age-adjusted rate,A,di_gee,25,150,1188.47173644126,1131.87784422977,1226.20099791558
1991,A,White,All Origins,55079,666,attributable,666,nvss,Deaths,age-adjusted rate,B,di_gee,25,150,1188.47173644126,1131.87784422977,1226.20099791558
1991,A,White,All Origins,55079,666,attributable,666,nvss,Deaths,age-adjusted rate,D,di_gee,25,150,1188.47173644126,1131.87784422977,1226.20099791558
1991,A,White,All Origins,55139,666,attributable,666,nvss,Deaths,age-adjusted rate,A,di_gee,25,150,205.208018240562,195.436207848154,211.722558502167
1991,A,White,All Origins,55139,666,attributable,666,nvss,Deaths,age-adjusted rate,B,di_gee,25,150,205.208018240562,195.436207848154,211.722558502167
1991,A,White,All Origins,55139,666,attributable,666,nvss,Deaths,age-adjusted rate,D,di_gee,25,150,197.208293942336,187.817422802225,203.46887470241
