Year,nation,Race,Hispanic.Origin,Gender.Code,Education,source,measure1,measure2,lower,mean,upper,method,attr,min_age,max_age
2011,us,All,All Origins,A,1,nvss,Deaths,absolute number,3096.93586641844,4461.98801614011,5671.69740345071,EPA,attributable,25,150
2011,us,All,All Origins,A,1,nvss,Deaths,age-adjusted rate,8.17539923865571,11.7789114800849,14.9723444830909,EPA,attributable,25,150
2011,us,All,All Origins,A,1,nvss,Deaths,crude rate,39.536872393965,56.9637404282291,72.4074330789242,EPA,attributable,25,150
2011,us,All,All Origins,A,1,nvss,YLL,absolute number,119487.418660747,172154.495004235,218828.064704786,EPA,attributable,25,150
2011,us,All,All Origins,A,1,nvss,YLL,age-adjusted rate,354.828917731589,511.228661809299,649.830134743761,EPA,attributable,25,150
2011,us,All,All Origins,A,1,nvss,YLL,crude rate,1525.42998242248,2197.80150271613,2793.6572288328,EPA,attributable,25,150
2011,us,All,All Origins,A,2,nvss,Deaths,absolute number,6331.13858266762,9133.22002072226,11611.2163412494,EPA,attributable,25,150
2011,us,All,All Origins,A,2,nvss,Deaths,age-adjusted rate,11.8585364637263,17.1069739246389,21.7483838922548,EPA,attributable,25,150
2011,us,All,All Origins,A,2,nvss,Deaths,crude rate,50.6882399826076,73.1222105122936,92.9614970056837,EPA,attributable,25,150
2011,us,All,All Origins,A,2,nvss,YLL,absolute number,257258.058500783,371117.204229873,471807.54832313,EPA,attributable,25,150
2011,us,All,All Origins,A,2,nvss,YLL,age-adjusted rate,528.985880847969,763.108305805618,970.152433688183,EPA,attributable,25,150
2011,us,All,All Origins,A,2,nvss,YLL,crude rate,2059.6545212967,2971.23142449869,3777.37652125945,EPA,attributable,25,150
2011,us,All,All Origins,A,3,nvss,Deaths,absolute number,20750.9354706246,29970.8603805696,38108.0166579107,EPA,attributable,25,150
2011,us,All,All Origins,A,3,nvss,Deaths,age-adjusted rate,10.0423945248775,14.5043679894707,18.4423366542242,EPA,attributable,25,150
2011,us,All,All Origins,A,3,nvss,Deaths,crude rate,46.877373417256,67.7056326296846,86.0878647901321,EPA,attributable,25,150
2011,us,All,All Origins,A,3,nvss,YLL,absolute number,817497.430937925,1180722.73892418,1501291.62900066,EPA,attributable,25,150
2011,us,All,All Origins,A,3,nvss,YLL,age-adjusted rate,444.213603816761,641.58379355902,815.775242416581,EPA,attributable,25,150
2011,us,All,All Origins,A,3,nvss,YLL,crude rate,1846.76649358647,2667.31014672313,3391.49087521816,EPA,attributable,25,150
2011,us,All,All Origins,A,4,nvss,Deaths,absolute number,7626.12334632365,11013.4849976239,14003.4556277776,EPA,attributable,25,150
2011,us,All,All Origins,A,4,nvss,Deaths,age-adjusted rate,4.75445766933431,6.86628655675944,8.73036456180136,EPA,attributable,25,150
2011,us,All,All Origins,A,4,nvss,Deaths,crude rate,21.5629972350658,31.1408215901316,39.5950158777198,EPA,attributable,25,150
2011,us,All,All Origins,A,4,nvss,YLL,absolute number,299933.240544032,433157.201242077,550751.88723228,EPA,attributable,25,150
2011,us,All,All Origins,A,4,nvss,YLL,age-adjusted rate,207.930562444005,300.288892013334,381.812130831471,EPA,attributable,25,150
2011,us,All,All Origins,A,4,nvss,YLL,crude rate,848.066487106201,1224.75956768184,1557.2606004756,EPA,attributable,25,150
2011,us,All,All Origins,A,5,nvss,Deaths,absolute number,3540.95721978456,5115.6533045489,6504.74775218811,EPA,attributable,25,150
2011,us,All,All Origins,A,5,nvss,Deaths,age-adjusted rate,5.53195498057056,7.99206599245312,10.1622158901037,EPA,attributable,25,150
2011,us,All,All Origins,A,5,nvss,Deaths,crude rate,25.8231170212245,37.3068935103987,47.4371340776945,EPA,attributable,25,150
2011,us,All,All Origins,A,5,nvss,YLL,absolute number,137646.028684648,198858.477466016,252856.117741677,EPA,attributable,25,150
2011,us,All,All Origins,A,5,nvss,YLL,age-adjusted rate,237.839652449074,343.609122755201,436.912068862398,EPA,attributable,25,150
2011,us,All,All Origins,A,5,nvss,YLL,crude rate,1003.81035002924,1450.21400020752,1844.00226060148,EPA,attributable,25,150
2011,us,All,All Origins,A,6,nvss,Deaths,absolute number,4884.698631189,7053.07082524395,8967.66440263792,EPA,attributable,25,150
2011,us,All,All Origins,A,6,nvss,Deaths,age-adjusted rate,3.43130221175223,4.9544955276829,6.29941968221962,EPA,attributable,25,150
2011,us,All,All Origins,A,6,nvss,Deaths,crude rate,15.6270036028432,22.5640047665268,28.6891238354658,EPA,attributable,25,150
2011,us,All,All Origins,A,6,nvss,YLL,absolute number,187573.912311097,270840.063714685,344361.039093686,EPA,attributable,25,150
2011,us,All,All Origins,A,6,nvss,YLL,age-adjusted rate,143.518750035169,207.228323623751,263.481553925097,EPA,attributable,25,150
2011,us,All,All Origins,A,6,nvss,YLL,crude rate,600.081688718512,866.464642145882,1101.67107633536,EPA,attributable,25,150
2011,us,All,All Origins,A,7,nvss,Deaths,absolute number,2202.94290771782,3181.2826670922,4044.93258381635,EPA,attributable,25,150
2011,us,All,All Origins,A,7,nvss,Deaths,age-adjusted rate,2.38930473526138,3.45040886627553,4.38712076580218,EPA,attributable,25,150
2011,us,All,All Origins,A,7,nvss,Deaths,crude rate,12.5793533811689,18.1659173892065,23.0975737939316,EPA,attributable,25,150
2011,us,All,All Origins,A,7,nvss,YLL,absolute number,81583.4219980059,117815.094260977,149799.36192756,EPA,attributable,25,150
2011,us,All,All Origins,A,7,nvss,YLL,age-adjusted rate,98.7537136329505,142.610812286986,181.32658483674,EPA,attributable,25,150
2011,us,All,All Origins,A,7,nvss,YLL,crude rate,465.861685185991,672.753569396813,855.391714128701,EPA,attributable,25,150
2011,us,All,All Origins,F,1,nvss,Deaths,absolute number,1135.52620923259,1635.70333311638,2079.11405771961,EPA,attributable,25,150
2011,us,All,All Origins,F,1,nvss,Deaths,age-adjusted rate,6.08982024023052,8.7722671515936,11.1502762045497,EPA,attributable,25,150
2011,us,All,All Origins,F,1,nvss,Deaths,crude rate,31.408698341631,45.2436167025797,57.5083742900942,EPA,attributable,25,150
2011,us,All,All Origins,F,1,nvss,YLL,absolute number,43004.7405628455,61947.4891081472,78740.375982359,EPA,attributable,25,150
2011,us,All,All Origins,F,1,nvss,YLL,age-adjusted rate,260.480676116788,375.217328030309,476.932219684058,EPA,attributable,25,150
2011,us,All,All Origins,F,1,nvss,YLL,crude rate,1189.51276739915,1713.46991606139,2177.96180874408,EPA,attributable,25,150
2011,us,All,All Origins,F,2,nvss,Deaths,absolute number,2232.56455623719,3220.18245829296,4093.80034878143,EPA,attributable,25,150
2011,us,All,All Origins,F,2,nvss,Deaths,age-adjusted rate,8.90399835624467,12.8428534061177,16.3270493005493,EPA,attributable,25,150
2011,us,All,All Origins,F,2,nvss,Deaths,crude rate,39.579748027225,57.0886113661763,72.576439425172,EPA,attributable,25,150
2011,us,All,All Origins,F,2,nvss,YLL,absolute number,89186.5166526055,128639.888884118,163539.187236047,EPA,attributable,25,150
2011,us,All,All Origins,F,2,nvss,YLL,age-adjusted rate,393.911064775078,568.165205961211,722.305319172035,EPA,attributable,25,150
2011,us,All,All Origins,F,2,nvss,YLL,crude rate,1581.1322663321,2280.57655670436,2899.28450458309,EPA,attributable,25,150
2011,us,All,All Origins,F,3,nvss,Deaths,absolute number,7693.98602193551,11111.6789847647,14128.4029532766,EPA,attributable,25,150
2011,us,All,All Origins,F,3,nvss,Deaths,age-adjusted rate,7.30829131478039,10.5546574669439,13.4201549496933,EPA,attributable,25,150
2011,us,All,All Origins,F,3,nvss,Deaths,crude rate,36.140613367239,52.194388305924,66.3647096804155,EPA,attributable,25,150
2011,us,All,All Origins,F,3,nvss,YLL,absolute number,297366.763767507,429458.022188044,546052.131033407,EPA,attributable,25,150
2011,us,All,All Origins,F,3,nvss,YLL,age-adjusted rate,320.141773526957,462.349763425992,587.873693254725,EPA,attributable,25,150
2011,us,All,All Origins,F,3,nvss,YLL,crude rate,1396.80748144705,2017.2737893086,2564.94603574427,EPA,attributable,25,150
2011,us,All,All Origins,F,4,nvss,Deaths,absolute number,2995.04913177657,4325.17300855237,5499.35203814547,EPA,attributable,25,150
2011,us,All,All Origins,F,4,nvss,Deaths,age-adjusted rate,3.5612098578257,5.14276997710613,6.53890665168511,EPA,attributable,25,150
2011,us,All,All Origins,F,4,nvss,Deaths,crude rate,16.2211877937893,23.4251394636522,29.7844937528625,EPA,attributable,25,150
2011,us,All,All Origins,F,4,nvss,YLL,absolute number,117840.040536508,170173.690056595,216371.698288365,EPA,attributable,25,150
2011,us,All,All Origins,F,4,nvss,YLL,age-adjusted rate,155.877666627889,225.104112377333,286.2143911352,EPA,attributable,25,150
2011,us,All,All Origins,F,4,nvss,YLL,crude rate,638.22172627819,921.660801715372,1171.86924046043,EPA,attributable,25,150
2011,us,All,All Origins,F,5,nvss,Deaths,absolute number,1665.07164643827,2405.46693188936,3058.63342065159,EPA,attributable,25,150
2011,us,All,All Origins,F,5,nvss,Deaths,age-adjusted rate,4.50609046449463,6.50978090199897,8.27740891550501,EPA,attributable,25,150
2011,us,All,All Origins,F,5,nvss,Deaths,crude rate,21.3515945484642,30.845852633011,39.2215559071176,EPA,attributable,25,150
2011,us,All,All Origins,F,5,nvss,YLL,absolute number,64665.3430087991,93419.6102490152,118786.227432133,EPA,attributable,25,150
2011,us,All,All Origins,F,5,nvss,YLL,age-adjusted rate,192.29669325326,277.80386370872,353.237107798541,EPA,attributable,25,150
2011,us,All,All Origins,F,5,nvss,YLL,crude rate,829.21848330953,1197.94102865139,1523.22296250607,EPA,attributable,25,150
2011,us,All,All Origins,F,6,nvss,Deaths,absolute number,2007.33639406357,2898.3928532977,3685.17465444443,EPA,attributable,25,150
2011,us,All,All Origins,F,6,nvss,Deaths,age-adjusted rate,2.78586000575285,4.02250303179937,5.1144296065135,EPA,attributable,25,150
2011,us,All,All Origins,F,6,nvss,Deaths,crude rate,12.2719929688042,17.7195296322491,22.529575800998,EPA,attributable,25,150
2011,us,All,All Origins,F,6,nvss,YLL,absolute number,77762.6175887247,112281.437102138,142760.739180892,EPA,attributable,25,150
2011,us,All,All Origins,F,6,nvss,YLL,age-adjusted rate,116.595795119299,168.352658925406,214.0527468436,EPA,attributable,25,150
2011,us,All,All Origins,F,6,nvss,YLL,crude rate,475.40726063995,686.440504301955,872.777872523201,EPA,attributable,25,150
2011,us,All,All Origins,F,7,nvss,Deaths,absolute number,923.536303007157,1333.61474561967,1695.65312414461,EPA,attributable,25,150
2011,us,All,All Origins,F,7,nvss,Deaths,age-adjusted rate,2.02881836956199,2.92967594779104,3.72499943474674,EPA,attributable,25,150
2011,us,All,All Origins,F,7,nvss,Deaths,crude rate,10.1946106463886,14.7213304334716,18.7177519017927,EPA,attributable,25,150
2011,us,All,All Origins,F,7,nvss,YLL,absolute number,34598.7512157477,49961.6578699775,63524.8234416507,EPA,attributable,25,150
2011,us,All,All Origins,F,7,nvss,YLL,age-adjusted rate,83.6264653285994,120.759180687462,153.541855078015,EPA,attributable,25,150
2011,us,All,All Origins,F,7,nvss,YLL,crude rate,381.924128317756,551.510154580842,701.229436525128,EPA,attributable,25,150
2011,us,All,All Origins,M,1,nvss,Deaths,absolute number,1956.00784746396,2818.75914947954,3583.05757437611,EPA,attributable,25,150
2011,us,All,All Origins,M,1,nvss,Deaths,age-adjusted rate,9.95141405838039,14.3407601680576,18.2292159839046,EPA,attributable,25,150
2011,us,All,All Origins,M,1,nvss,Deaths,crude rate,46.3760850078752,66.8315385863493,84.9527177883369,EPA,attributable,25,150
2011,us,All,All Origins,M,1,nvss,YLL,absolute number,76259.9106549274,109896.451170056,139694.557385163,EPA,attributable,25,150
2011,us,All,All Origins,M,1,nvss,YLL,age-adjusted rate,433.19602877158,624.269105669115,793.537875674736,EPA,attributable,25,150
2011,us,All,All Origins,M,1,nvss,YLL,crude rate,1808.08891120313,2605.59647965331,3312.09646056966,EPA,attributable,25,150
2011,us,All,All Origins,M,2,nvss,Deaths,absolute number,4089.35566382479,5900.12821965769,7501.06150692663,EPA,attributable,25,150
2011,us,All,All Origins,M,2,nvss,Deaths,age-adjusted rate,14.304235463849,20.6381714526506,26.2381066467418,EPA,attributable,25,150
2011,us,All,All Origins,M,2,nvss,Deaths,crude rate,59.7014466644085,86.1373329141071,109.50972727654,EPA,attributable,25,150
2011,us,All,All Origins,M,2,nvss,YLL,absolute number,167665.492662399,241908.013399593,307547.026093961,EPA,attributable,25,150
2011,us,All,All Origins,M,2,nvss,YLL,age-adjusted rate,638.628320460662,921.413857140108,1171.42912127145,EPA,attributable,25,150
2011,us,All,All Origins,M,2,nvss,YLL,crude rate,2447.78720427651,3531.67089070481,4489.94997856777,EPA,attributable,25,150
2011,us,All,All Origins,M,3,nvss,Deaths,absolute number,13035.4922439804,18828.8900530092,23941.1985299663,EPA,attributable,25,150
2011,us,All,All Origins,M,3,nvss,Deaths,age-adjusted rate,12.597686121108,18.1965086133359,23.1371166350026,EPA,attributable,25,150
2011,us,All,All Origins,M,3,nvss,Deaths,crude rate,56.7318206143614,81.9452915825354,104.194590804353,EPA,attributable,25,150
2011,us,All,All Origins,M,3,nvss,YLL,absolute number,519234.313322371,749998.973135162,953634.243046105,EPA,attributable,25,150
2011,us,All,All Origins,M,3,nvss,YLL,age-adjusted rate,556.529107301008,803.868789650733,1022.13047242241,EPA,attributable,25,150
2011,us,All,All Origins,M,3,nvss,YLL,crude rate,2259.7618385933,3264.07368502003,4150.31559956526,EPA,attributable,25,150
2011,us,All,All Origins,M,4,nvss,Deaths,absolute number,4627.02708164087,6682.62734870488,8496.89866217069,EPA,attributable,25,150
2011,us,All,All Origins,M,4,nvss,Deaths,age-adjusted rate,6.0637402969547,8.75761391253912,11.1352248231652,EPA,attributable,25,150
2011,us,All,All Origins,M,4,nvss,Deaths,crude rate,27.3741546520105,39.5353801258346,50.2688689598587,EPA,attributable,25,150
2011,us,All,All Origins,M,4,nvss,YLL,absolute number,181933.060847682,262758.532985106,334095.036412254,EPA,attributable,25,150
2011,us,All,All Origins,M,4,nvss,YLL,age-adjusted rate,264.585582611513,382.13021433315,485.875021532003,EPA,attributable,25,150
2011,us,All,All Origins,M,4,nvss,YLL,crude rate,1076.34203476327,1554.51709945881,1976.55406675832,EPA,attributable,25,150
2011,us,All,All Origins,M,5,nvss,Deaths,absolute number,1871.57242549657,2703.99374039766,3438.24479653769,EPA,attributable,25,150
2011,us,All,All Origins,M,5,nvss,Deaths,age-adjusted rate,6.87311536737407,9.93007840745434,12.6265234654796,EPA,attributable,25,150
2011,us,All,All Origins,M,5,nvss,Deaths,crude rate,31.6464411009488,45.7218633257671,58.1373234409586,EPA,attributable,25,150
2011,us,All,All Origins,M,5,nvss,YLL,absolute number,72828.5354651106,105220.562847168,133792.488974045,EPA,attributable,25,150
2011,us,All,All Origins,M,5,nvss,YLL,age-adjusted rate,297.31470898262,429.551697313478,546.193530727182,EPA,attributable,25,150
2011,us,All,All Origins,M,5,nvss,YLL,crude rate,1231.45859955351,1779.17578790362,2262.29883726944,EPA,attributable,25,150
2011,us,All,All Origins,M,6,nvss,Deaths,absolute number,2876.90269925973,4154.02665324808,5281.66289824847,EPA,attributable,25,150
2011,us,All,All Origins,M,6,nvss,Deaths,age-adjusted rate,4.11983272533306,5.94872219778614,7.56353965602681,EPA,attributable,25,150
2011,us,All,All Origins,M,6,nvss,Deaths,crude rate,19.3067630936408,27.8774838299423,35.4449993540604,EPA,attributable,25,150
2011,us,All,All Origins,M,6,nvss,YLL,absolute number,109800.374698563,158543.312275323,201580.875643936,EPA,attributable,25,150
2011,us,All,All Origins,M,6,nvss,YLL,age-adjusted rate,172.759163407794,249.450970160888,317.165979905465,EPA,attributable,25,150
2011,us,All,All Origins,M,6,nvss,YLL,crude rate,736.865317844649,1063.97695374558,1352.80008297381,EPA,attributable,25,150
2011,us,All,All Origins,M,7,nvss,Deaths,absolute number,1278.44552960056,1846.30602960835,2347.55135837398,EPA,attributable,25,150
2011,us,All,All Origins,M,7,nvss,Deaths,age-adjusted rate,2.76712274496886,3.99622454802486,5.08114159605126,EPA,attributable,25,150
2011,us,All,All Origins,M,7,nvss,Deaths,crude rate,15.1236158918246,21.8412302785247,27.770807757036,EPA,attributable,25,150
2011,us,All,All Origins,M,7,nvss,YLL,absolute number,46956.4242805,67813.5495573458,86223.945449216,EPA,attributable,25,150
2011,us,All,All Origins,M,7,nvss,YLL,age-adjusted rate,115.271201300956,166.472414408338,211.667262257163,EPA,attributable,25,150
2011,us,All,All Origins,M,7,nvss,YLL,crude rate,555.480001321375,802.213353655312,1020.00265279899,EPA,attributable,25,150
2011,us,American Indian or Alaska Native,All Origins,A,666,nvss,Deaths,absolute number,986.049358260395,1428.07649656888,1816.34328331021,EPA,attributable,25,150
2011,us,American Indian or Alaska Native,All Origins,A,666,nvss,Deaths,age-adjusted rate,415.337526396734,601.5254252958,765.068726081121,EPA,attributable,25,150
2011,us,American Indian or Alaska Native,All Origins,A,666,nvss,Deaths,crude rate,40.6312343060604,58.8454424243387,74.8443968916689,EPA,attributable,25,150
2011,us,American Indian or Alaska Native,All Origins,A,666,nvss,YLL,absolute number,28404.4798197174,41137.666880456,52322.2146074758,EPA,attributable,25,150
2011,us,American Indian or Alaska Native,All Origins,A,666,nvss,YLL,age-adjusted rate,10532.9045464861,15254.6049520049,19402.0413547142,EPA,attributable,25,150
2011,us,American Indian or Alaska Native,All Origins,A,666,nvss,YLL,crude rate,1170.43742813524,1695.1222246859,2155.9936562191,EPA,attributable,25,150
2011,us,American Indian or Alaska Native,All Origins,F,666,nvss,Deaths,absolute number,458.41022285251,663.906957663353,844.410668372281,EPA,attributable,25,150
2011,us,American Indian or Alaska Native,All Origins,F,666,nvss,Deaths,age-adjusted rate,353.107775037487,511.399390689069,650.439186263058,EPA,attributable,25,150
2011,us,American Indian or Alaska Native,All Origins,F,666,nvss,Deaths,crude rate,37.4578137391699,54.2494515186545,68.9988485388414,EPA,attributable,25,150
2011,us,American Indian or Alaska Native,All Origins,F,666,nvss,YLL,absolute number,12061.3203872717,17468.1848801023,22217.4530626582,EPA,attributable,25,150
2011,us,American Indian or Alaska Native,All Origins,F,666,nvss,YLL,age-adjusted rate,8708.94368057587,12613.0003546908,16042.2359439783,EPA,attributable,25,150
2011,us,American Indian or Alaska Native,All Origins,F,666,nvss,YLL,crude rate,985.55981082524,1427.36785303058,1815.44210205705,EPA,attributable,25,150
2011,us,American Indian or Alaska Native,All Origins,M,666,nvss,Deaths,absolute number,527.668241721762,764.211657573876,971.986172123552,EPA,attributable,25,150
2011,us,American Indian or Alaska Native,All Origins,M,666,nvss,Deaths,age-adjusted rate,488.54548180383,707.550924860095,899.92047127436,EPA,attributable,25,150
2011,us,American Indian or Alaska Native,All Origins,M,666,nvss,Deaths,crude rate,43.8618946055651,63.5243293617137,80.7953779834078,EPA,attributable,25,150
2011,us,American Indian or Alaska Native,All Origins,M,666,nvss,YLL,absolute number,16344.6998737,23671.7111158154,30107.5960397159,EPA,attributable,25,150
2011,us,American Indian or Alaska Native,All Origins,M,666,nvss,YLL,age-adjusted rate,12547.1888307498,18171.8496890246,23112.4276168637,EPA,attributable,25,150
2011,us,American Indian or Alaska Native,All Origins,M,666,nvss,YLL,crude rate,1358.63682241056,1967.68730046628,2502.66379498595,EPA,attributable,25,150
2011,us,Asian or Pacific Islander,All Origins,A,666,nvss,Deaths,absolute number,4299.45973521258,6190.24215254839,7867.7683197949,EPA,attributable,25,150
2011,us,Asian or Pacific Islander,All Origins,A,666,nvss,Deaths,age-adjusted rate,315.178333125555,453.784969145033,576.758536460256,EPA,attributable,25,150
2011,us,Asian or Pacific Islander,All Origins,A,666,nvss,Deaths,crude rate,37.1215039794726,53.4465055731851,67.9302542598168,EPA,attributable,25,150
2011,us,Asian or Pacific Islander,All Origins,A,666,nvss,YLL,absolute number,92068.2475568742,132557.293715333,168479.689542015,EPA,attributable,25,150
2011,us,Asian or Pacific Islander,All Origins,A,666,nvss,YLL,age-adjusted rate,7001.19323457151,10080.1226544428,12811.7879278152,EPA,attributable,25,150
2011,us,Asian or Pacific Islander,All Origins,A,666,nvss,YLL,crude rate,794.916577558458,1144.49870663077,1454.65241006263,EPA,attributable,25,150
2011,us,Asian or Pacific Islander,All Origins,F,666,nvss,Deaths,absolute number,2092.74319480611,3013.2073618003,3829.79078417669,EPA,attributable,25,150
2011,us,Asian or Pacific Islander,All Origins,F,666,nvss,Deaths,age-adjusted rate,258.229623635551,371.808354175846,472.568939779768,EPA,attributable,25,150
2011,us,Asian or Pacific Islander,All Origins,F,666,nvss,Deaths,crude rate,33.7081718088451,48.5342452429533,61.6870937940955,EPA,attributable,25,150
2011,us,Asian or Pacific Islander,All Origins,F,666,nvss,YLL,absolute number,40932.7778780432,58936.4944285405,74908.3671026371,EPA,attributable,25,150
2011,us,Asian or Pacific Islander,All Origins,F,666,nvss,YLL,age-adjusted rate,5565.7909587399,8013.82717800232,10185.5855861048,EPA,attributable,25,150
2011,us,Asian or Pacific Islander,All Origins,F,666,nvss,YLL,crude rate,659.311239310568,949.300174497685,1206.56185359125,EPA,attributable,25,150
2011,us,Asian or Pacific Islander,All Origins,M,666,nvss,Deaths,absolute number,2207.76326677729,3178.5121515846,4039.85114443608,EPA,attributable,25,150
2011,us,Asian or Pacific Islander,All Origins,M,666,nvss,Deaths,age-adjusted rate,389.341469412338,560.53409813696,712.432172620491,EPA,attributable,25,150
2011,us,Asian or Pacific Islander,All Origins,M,666,nvss,Deaths,crude rate,41.0845104236567,59.1492836159548,75.1780360472627,EPA,attributable,25,150
2011,us,Asian or Pacific Islander,All Origins,M,666,nvss,YLL,absolute number,51176.8552362021,73679.2113067451,93645.4013461336,EPA,attributable,25,150
2011,us,Asian or Pacific Islander,All Origins,M,666,nvss,YLL,age-adjusted rate,8788.4334106962,12652.6891762566,16081.417471823,EPA,attributable,25,150
2011,us,Asian or Pacific Islander,All Origins,M,666,nvss,YLL,crude rate,952.355750293318,1371.1045792321,1742.65761444107,EPA,attributable,25,150
2011,us,Black or African American,All Origins,A,666,nvss,Deaths,absolute number,23452.738133359,33783.7444518267,42942.9476572324,EPA,attributable,25,150
2011,us,Black or African American,All Origins,A,666,nvss,Deaths,age-adjusted rate,767.766730517665,1105.97043615684,1405.81310097383,EPA,attributable,25,150
2011,us,Black or African American,All Origins,A,666,nvss,Deaths,crude rate,92.5823989130438,133.365242379371,169.522257396835,EPA,attributable,25,150
2011,us,Black or African American,All Origins,A,666,nvss,YLL,absolute number,597677.417512684,860956.235602853,1094372.43149233,EPA,attributable,25,150
2011,us,Black or African American,All Origins,A,666,nvss,YLL,age-adjusted rate,19342.9806003852,27863.6255529818,35417.8091587395,EPA,attributable,25,150
2011,us,Black or African American,All Origins,A,666,nvss,YLL,crude rate,2359.40079895276,3398.72441324358,4320.16186919106,EPA,attributable,25,150
2011,us,Black or African American,All Origins,F,666,nvss,Deaths,absolute number,11843.9414430997,17058.3315798846,21682.6280513066,EPA,attributable,25,150
2011,us,Black or African American,All Origins,F,666,nvss,Deaths,age-adjusted rate,630.242676493361,907.712065537198,1153.7812477473,EPA,attributable,25,150
2011,us,Black or African American,All Origins,F,666,nvss,Deaths,crude rate,86.4245534734847,124.473655740089,158.216878770333,EPA,attributable,25,150
2011,us,Black or African American,All Origins,F,666,nvss,YLL,absolute number,270945.197354768,390230.991824735,496017.644527781,EPA,attributable,25,150
2011,us,Black or African American,All Origins,F,666,nvss,YLL,age-adjusted rate,15470.1608922723,22281.0232018067,28321.1248664552,EPA,attributable,25,150
2011,us,Black or African American,All Origins,F,666,nvss,YLL,crude rate,1977.07138368311,2847.49290445169,3619.41197102575,EPA,attributable,25,150
2011,us,Black or African American,All Origins,M,666,nvss,Deaths,absolute number,11595.1902664873,16706.3393589344,21236.1537864938,EPA,attributable,25,150
2011,us,Black or African American,All Origins,M,666,nvss,Deaths,age-adjusted rate,956.490053537111,1378.10998013723,1751.77546942653,EPA,attributable,25,150
2011,us,Black or African American,All Origins,M,666,nvss,Deaths,crude rate,99.7231986281282,143.68109189679,182.639278310829,EPA,attributable,25,150
2011,us,Black or African American,All Origins,M,666,nvss,YLL,absolute number,325956.895202571,469638.391650855,596977.763641891,EPA,attributable,25,150
2011,us,Black or African American,All Origins,M,666,nvss,YLL,age-adjusted rate,24271.3222905494,34970.0985975132,44452.0116460156,EPA,attributable,25,150
2011,us,Black or African American,All Origins,M,666,nvss,YLL,crude rate,2803.35755235013,4039.07495587659,5134.24365896766,EPA,attributable,25,150
2011,us,White,Hispanic or Latino,A,666,nvss,Deaths,absolute number,11088.2218809924,15977.8262633035,20309.8852889351,EPA,attributable,25,150
2011,us,White,Hispanic or Latino,A,666,nvss,Deaths,age-adjusted rate,455.801893411831,656.798136038675,834.875444325542,EPA,attributable,25,150
2011,us,White,Hispanic or Latino,A,666,nvss,Deaths,crude rate,43.403027883822,62.5425831365995,79.4997184376313,EPA,attributable,25,150
2011,us,White,Hispanic or Latino,A,666,nvss,YLL,absolute number,276454.92991286,398364.03773209,506372.254663816,EPA,attributable,25,150
2011,us,White,Hispanic or Latino,A,666,nvss,YLL,age-adjusted rate,10726.7691857951,15456.9827567207,19647.8257760914,EPA,attributable,25,150
2011,us,White,Hispanic or Latino,A,666,nvss,YLL,crude rate,1082.13752939024,1559.33075863471,1982.11122799073,EPA,attributable,25,150
2011,us,White,Hispanic or Latino,F,666,nvss,Deaths,absolute number,5104.76710143679,7355.72775141918,9350.06469096927,EPA,attributable,25,150
2011,us,White,Hispanic or Latino,F,666,nvss,Deaths,age-adjusted rate,363.300049533069,523.49817402839,665.432701995444,EPA,attributable,25,150
2011,us,White,Hispanic or Latino,F,666,nvss,Deaths,crude rate,40.0632211674428,57.7292052500611,73.3811557316232,EPA,attributable,25,150
2011,us,White,Hispanic or Latino,F,666,nvss,YLL,absolute number,109407.530113669,157651.071925462,200394.545708862,EPA,attributable,25,150
2011,us,White,Hispanic or Latino,F,666,nvss,YLL,age-adjusted rate,8120.65199044454,11701.4751150778,14874.0618200062,EPA,attributable,25,150
2011,us,White,Hispanic or Latino,F,666,nvss,YLL,crude rate,858.651920690734,1237.27677214824,1572.73600263246,EPA,attributable,25,150
2011,us,White,Hispanic or Latino,M,666,nvss,Deaths,absolute number,5982.91395651223,8621.33924936855,10958.8588644935,EPA,attributable,25,150
2011,us,White,Hispanic or Latino,M,666,nvss,Deaths,age-adjusted rate,568.412270410544,819.078304039302,1041.15651562985,EPA,attributable,25,150
2011,us,White,Hispanic or Latino,M,666,nvss,Deaths,crude rate,46.7220343870078,67.3261410407906,85.5804018628599,EPA,attributable,25,150
2011,us,White,Hispanic or Latino,M,666,nvss,YLL,absolute number,167014.316127532,240666.519576045,305918.877004626,EPA,attributable,25,150
2011,us,White,Hispanic or Latino,M,666,nvss,YLL,age-adjusted rate,13679.018078971,19711.3741421419,25055.7553763797,EPA,attributable,25,150
2011,us,White,Hispanic or Latino,M,666,nvss,YLL,crude rate,1304.25553132676,1879.42355266437,2388.99512761457,EPA,attributable,25,150
2011,us,White,Not Hispanic or Latino,A,666,nvss,Deaths,absolute number,148476.392380125,214636.464125487,272939.620300147,EPA,attributable,25,150
2011,us,White,Not Hispanic or Latino,A,666,nvss,Deaths,age-adjusted rate,537.254855288118,776.651968873726,987.619202326325,EPA,attributable,25,150
2011,us,White,Not Hispanic or Latino,A,666,nvss,Deaths,crude rate,104.732310836351,151.400317028548,192.526210359737,EPA,attributable,25,150
2011,us,White,Not Hispanic or Latino,A,666,nvss,YLL,absolute number,2869825.23297015,4148599.86014363,5275512.13265812,EPA,attributable,25,150
2011,us,White,Not Hispanic or Latino,A,666,nvss,YLL,age-adjusted rate,12812.6209703897,18521.8378301104,23553.0500616877,EPA,attributable,25,150
2011,us,White,Not Hispanic or Latino,A,666,nvss,YLL,crude rate,2024.31796413763,2926.34029641448,3721.24192702606,EPA,attributable,25,150
2011,us,White,Not Hispanic or Latino,F,666,nvss,Deaths,absolute number,75714.1081163973,109447.926632518,139177.472016252,EPA,attributable,25,150
2011,us,White,Not Hispanic or Latino,F,666,nvss,Deaths,age-adjusted rate,441.445449430934,638.127957438256,811.463850177345,EPA,attributable,25,150
2011,us,White,Not Hispanic or Latino,F,666,nvss,Deaths,crude rate,103.435948836311,149.521012939855,190.135685842179,EPA,attributable,25,150
2011,us,White,Not Hispanic or Latino,F,666,nvss,YLL,absolute number,1292972.94309674,1869046.75144996,2376739.42257857,EPA,attributable,25,150
2011,us,White,Not Hispanic or Latino,F,666,nvss,YLL,age-adjusted rate,10193.9643814626,14735.8041119841,18738.5181933935,EPA,attributable,25,150
2011,us,White,Not Hispanic or Latino,F,666,nvss,YLL,crude rate,1766.37995898052,2553.37649699901,3246.95493913952,EPA,attributable,25,150
2011,us,White,Not Hispanic or Latino,M,666,nvss,Deaths,absolute number,72757.7692108813,105182.1380042,133754.028094612,EPA,attributable,25,150
2011,us,White,Not Hispanic or Latino,M,666,nvss,Deaths,age-adjusted rate,649.236770571813,938.567967934246,1193.52248141949,EPA,attributable,25,150
2011,us,White,Not Hispanic or Latino,M,666,nvss,Deaths,crude rate,106.109633528851,153.397200580162,195.066328421794,EPA,attributable,25,150
2011,us,White,Not Hispanic or Latino,M,666,nvss,YLL,absolute number,1576125.15860583,2278522.49653055,2897464.98595591,EPA,attributable,25,150
2011,us,White,Not Hispanic or Latino,M,666,nvss,YLL,age-adjusted rate,15697.3170593874,22692.7981319862,28857.1160130805,EPA,attributable,25,150
2011,us,White,Not Hispanic or Latino,M,666,nvss,YLL,crude rate,2298.61449559472,3322.98790515886,4225.65110443872,EPA,attributable,25,150
2011,us,All,All Origins,A,1,nvss,Deaths,absolute number,2325.3555496706,3068.25179724,3790.19641447111,burnett,attributable,25,150
2011,us,All,All Origins,A,1,nvss,Deaths,age-adjusted rate,5.4770423066808,7.22682813104146,8.9272653877076,burnett,attributable,25,150
2011,us,All,All Origins,A,1,nvss,Deaths,crude rate,29.6865319798336,39.1706787006616,48.3873475107865,burnett,attributable,25,150
2011,us,All,All Origins,A,1,nvss,YLL,absolute number,85885.5501314972,113323.957527803,139988.529586106,burnett,attributable,25,150
2011,us,All,All Origins,A,1,nvss,YLL,age-adjusted rate,222.040845782809,292.977658504868,361.913866320936,burnett,attributable,25,150
2011,us,All,All Origins,A,1,nvss,YLL,crude rate,1096.45345673932,1446.74447299338,1787.15636022048,burnett,attributable,25,150
2011,us,All,All Origins,A,2,nvss,Deaths,absolute number,4442.80950698132,5864.2478158193,7246.59622361751,burnett,attributable,25,150
2011,us,All,All Origins,A,2,nvss,Deaths,age-adjusted rate,7.43185133002531,9.80960760552769,12.1219750020839,burnett,attributable,25,150
2011,us,All,All Origins,A,2,nvss,Deaths,crude rate,35.5699360464784,46.9502281026496,58.0175593447542,burnett,attributable,25,150
2011,us,All,All Origins,A,2,nvss,YLL,absolute number,170209.717844903,224666.838525199,277626.375071827,burnett,attributable,25,150
2011,us,All,All Origins,A,2,nvss,YLL,age-adjusted rate,307.418461965925,405.774328449907,501.425384557219,burnett,attributable,25,150
2011,us,All,All Origins,A,2,nvss,YLL,crude rate,1362.72977014177,1798.72332260664,2222.72694577676,burnett,attributable,25,150
2011,us,All,All Origins,A,3,nvss,Deaths,absolute number,15221.7258168653,20099.1335419915,24845.9893469972,burnett,attributable,25,150
2011,us,All,All Origins,A,3,nvss,Deaths,age-adjusted rate,6.50210112249925,8.58553099280291,10.6131944016309,burnett,attributable,25,150
2011,us,All,All Origins,A,3,nvss,Deaths,crude rate,34.3866196385412,45.4049211297013,56.1282994778304,burnett,attributable,25,150
2011,us,All,All Origins,A,3,nvss,YLL,absolute number,570438.37477459,753220.574986824,931110.305972294,burnett,attributable,25,150
2011,us,All,All Origins,A,3,nvss,YLL,age-adjusted rate,267.112635701988,352.701960363729,436.000344569776,burnett,attributable,25,150
2011,us,All,All Origins,A,3,nvss,YLL,crude rate,1288.64805847889,1701.56194689159,2103.42350914771,burnett,attributable,25,150
2011,us,All,All Origins,A,4,nvss,Deaths,absolute number,5581.39112719985,7369.79174100978,9110.32677218227,burnett,attributable,25,150
2011,us,All,All Origins,A,4,nvss,Deaths,age-adjusted rate,3.11862318137857,4.11789871765825,5.09042918049632,burnett,attributable,25,150
2011,us,All,All Origins,A,4,nvss,Deaths,crude rate,15.781481098342,20.838215134694,25.7596083983894,burnett,attributable,25,150
2011,us,All,All Origins,A,4,nvss,YLL,absolute number,207997.252206634,274644.15170528,339507.282706617,burnett,attributable,25,150
2011,us,All,All Origins,A,4,nvss,YLL,age-adjusted rate,126.599715492686,167.165051935765,206.644678919377,burnett,attributable,25,150
2011,us,All,All Origins,A,4,nvss,YLL,crude rate,588.115871007389,776.561145801928,959.962783950594,burnett,attributable,25,150
2011,us,All,All Origins,A,5,nvss,Deaths,absolute number,2651.52443370878,3501.55513734887,4329.04215607702,burnett,attributable,25,150
2011,us,All,All Origins,A,5,nvss,Deaths,age-adjusted rate,3.73722809364029,4.93531572418011,6.10162884360625,burnett,attributable,25,150
2011,us,All,All Origins,A,5,nvss,Deaths,crude rate,19.3367559917778,25.5357696960629,31.5703792075163,burnett,attributable,25,150
2011,us,All,All Origins,A,5,nvss,YLL,absolute number,98555.9890352421,130151.253873286,160908.579926097,burnett,attributable,25,150
2011,us,All,All Origins,A,5,nvss,YLL,age-adjusted rate,150.2124873951,198.367889899684,245.246161806253,burnett,attributable,25,150
2011,us,All,All Origins,A,5,nvss,YLL,crude rate,718.738657383279,949.153251683015,1173.45701493775,burnett,attributable,25,150
2011,us,All,All Origins,A,6,nvss,Deaths,absolute number,3735.93923981723,4932.70327786982,6097.28200588584,burnett,attributable,25,150
2011,us,All,All Origins,A,6,nvss,Deaths,age-adjusted rate,2.45080209603251,3.23588761928077,3.99985935554385,burnett,attributable,25,150
2011,us,All,All Origins,A,6,nvss,Deaths,crude rate,11.9519217803651,15.7805788473516,19.5062694892062,burnett,attributable,25,150
2011,us,All,All Origins,A,6,nvss,YLL,absolute number,138213.378824811,182488.403319954,225572.712398404,burnett,attributable,25,150
2011,us,All,All Origins,A,6,nvss,YLL,age-adjusted rate,97.3924481265726,128.590969305275,158.95044949938,burnett,attributable,25,150
2011,us,All,All Origins,A,6,nvss,YLL,crude rate,442.168725633482,583.812257720363,721.646483335847,burnett,attributable,25,150
2011,us,All,All Origins,A,7,nvss,Deaths,absolute number,1721.25678774419,2272.70846432683,2809.36113400471,burnett,attributable,25,150
2011,us,All,All Origins,A,7,nvss,Deaths,age-adjusted rate,1.72003307272082,2.27109269873546,2.80736383909193,burnett,attributable,25,150
2011,us,All,All Origins,A,7,nvss,Deaths,crude rate,9.8288055114424,12.9777321078005,16.042152684101,burnett,attributable,25,150
2011,us,All,All Origins,A,7,nvss,YLL,absolute number,61864.1363835495,81684.0040360424,100971.97674525,burnett,attributable,25,150
2011,us,All,All Origins,A,7,nvss,YLL,age-adjusted rate,67.5787820798804,89.2294927377609,110.29917512041,burnett,attributable,25,150
2011,us,All,All Origins,A,7,nvss,YLL,crude rate,353.259646658616,466.436033706703,576.575167982691,burnett,attributable,25,150
2011,us,All,All Origins,F,1,nvss,Deaths,absolute number,905.817361748589,1195.12891413896,1476.24416433526,burnett,attributable,25,150
2011,us,All,All Origins,F,1,nvss,Deaths,age-adjusted rate,4.52062308423499,5.96447759343436,7.36742717580346,burnett,attributable,25,150
2011,us,All,All Origins,F,1,nvss,Deaths,crude rate,25.0549428418749,33.057311437065,40.8329700003443,burnett,attributable,25,150
2011,us,All,All Origins,F,1,nvss,YLL,absolute number,33411.5400896338,44082.945760668,54452.0266023176,burnett,attributable,25,150
2011,us,All,All Origins,F,1,nvss,YLL,age-adjusted rate,185.576279807052,244.848009258302,302.440548915249,burnett,attributable,25,150
2011,us,All,All Origins,F,1,nvss,YLL,crude rate,924.164475704909,1219.33596437464,1506.14513671023,burnett,attributable,25,150
2011,us,All,All Origins,F,2,nvss,Deaths,absolute number,1683.92483600264,2222.56551623721,2746.33618765693,burnett,attributable,25,150
2011,us,All,All Origins,F,2,nvss,Deaths,age-adjusted rate,6.13966016141044,8.10356653956066,10.0132562455837,burnett,attributable,25,150
2011,us,All,All Origins,F,2,nvss,Deaths,crude rate,29.8532557634538,39.4024812679691,48.6880856375837,burnett,attributable,25,150
2011,us,All,All Origins,F,2,nvss,YLL,absolute number,64528.0413183796,85168.7654925322,105239.670561524,burnett,attributable,25,150
2011,us,All,All Origins,F,2,nvss,YLL,age-adjusted rate,257.382258616588,339.711678491793,419.768267435008,burnett,attributable,25,150
2011,us,All,All Origins,F,2,nvss,YLL,crude rate,1143.97749840497,1509.90405565952,1865.72864451171,burnett,attributable,25,150
2011,us,All,All Origins,F,3,nvss,Deaths,absolute number,6029.13927118373,7960.80151507445,9840.6512745146,burnett,attributable,25,150
2011,us,All,All Origins,F,3,nvss,Deaths,age-adjusted rate,5.19378780953771,6.85781369502602,8.47720583794889,burnett,attributable,25,150
2011,us,All,All Origins,F,3,nvss,Deaths,crude rate,28.3204038473511,37.3939137437189,46.2240471947975,burnett,attributable,25,150
2011,us,All,All Origins,F,3,nvss,YLL,absolute number,225398.879534532,297613.914853603,367891.944670599,burnett,attributable,25,150
2011,us,All,All Origins,F,3,nvss,YLL,age-adjusted rate,216.032877498337,285.247160687499,352.604926784794,burnett,attributable,25,150
2011,us,All,All Origins,F,3,nvss,YLL,crude rate,1058.75598622639,1397.96841309164,1728.08223141495,burnett,attributable,25,150
2011,us,All,All Origins,F,4,nvss,Deaths,absolute number,2297.15830135327,3033.16536031592,3749.44743626923,burnett,attributable,25,150
2011,us,All,All Origins,F,4,nvss,Deaths,age-adjusted rate,2.5012443671003,3.30264038290464,4.08255899220452,burnett,attributable,25,150
2011,us,All,All Origins,F,4,nvss,Deaths,crude rate,12.4414106610032,16.4276253091435,20.307009438135,burnett,attributable,25,150
2011,us,All,All Origins,F,4,nvss,YLL,absolute number,86823.0757350079,114641.096192792,141713.593935541,burnett,attributable,25,150
2011,us,All,All Origins,F,4,nvss,YLL,age-adjusted rate,103.619767161931,136.819429559738,169.129341283637,burnett,attributable,25,150
2011,us,All,All Origins,F,4,nvss,YLL,crude rate,470.233827348451,620.896241901072,767.520905006874,burnett,attributable,25,150
2011,us,All,All Origins,F,5,nvss,Deaths,absolute number,1297.84567424597,1713.88469329593,2118.87642374096,burnett,attributable,25,150
2011,us,All,All Origins,F,5,nvss,Deaths,age-adjusted rate,3.23356451455013,4.27011996591363,5.27915125078819,burnett,attributable,25,150
2011,us,All,All Origins,F,5,nvss,Deaths,crude rate,16.642571917103,21.9775354125762,27.1708369995921,burnett,attributable,25,150
2011,us,All,All Origins,F,5,nvss,YLL,absolute number,48656.92834953,64254.4536502817,79437.8101937048,burnett,attributable,25,150
2011,us,All,All Origins,F,5,nvss,YLL,age-adjusted rate,130.861672486576,172.81085252617,213.646135365218,burnett,attributable,25,150
2011,us,All,All Origins,F,5,nvss,YLL,crude rate,623.938920775656,823.949555088868,1018.64920870042,burnett,attributable,25,150
2011,us,All,All Origins,F,6,nvss,Deaths,absolute number,1598.34117914373,2110.3417558905,2608.56814867316,burnett,attributable,25,150
2011,us,All,All Origins,F,6,nvss,Deaths,age-adjusted rate,2.10732362843055,2.78236781000294,3.43925149886661,burnett,attributable,25,150
2011,us,All,All Origins,F,6,nvss,Deaths,crude rate,9.77157180540853,12.9017235310694,15.9476658091966,burnett,attributable,25,150
2011,us,All,All Origins,F,6,nvss,YLL,absolute number,60131.8080728881,79393.9786381475,98137.9453322325,burnett,attributable,25,150
2011,us,All,All Origins,F,6,nvss,YLL,age-adjusted rate,84.839890661026,112.01686233415,138.462700832013,burnett,attributable,25,150
2011,us,All,All Origins,F,6,nvss,YLL,crude rate,367.620060122615,485.380701756896,599.973267386444,burnett,attributable,25,150
2011,us,All,All Origins,F,7,nvss,Deaths,absolute number,752.914807309442,994.11071849533,1228.82336405943,burnett,attributable,25,150
2011,us,All,All Origins,F,7,nvss,Deaths,age-adjusted rate,1.56634055706651,2.06811703193639,2.55640592257091,burnett,attributable,25,150
2011,us,All,All Origins,F,7,nvss,Deaths,crude rate,8.31117659958515,10.9736581891388,13.5645731618568,burnett,attributable,25,150
2011,us,All,All Origins,F,7,nvss,YLL,absolute number,27541.1977016893,36364.0076800823,44949.6634698357,burnett,attributable,25,150
2011,us,All,All Origins,F,7,nvss,YLL,age-adjusted rate,62.2718706147554,82.2206356388475,101.633184514656,burnett,attributable,25,150
2011,us,All,All Origins,F,7,nvss,YLL,crude rate,304.018138095605,401.410208384467,496.184412317162,burnett,attributable,25,150
2011,us,All,All Origins,M,1,nvss,Deaths,absolute number,1416.69471209023,1869.41666458531,2309.429912306,burnett,attributable,25,150
2011,us,All,All Origins,M,1,nvss,Deaths,age-adjusted rate,6.34609724742046,8.37406947888093,10.3451129481326,burnett,attributable,25,150
2011,us,All,All Origins,M,1,nvss,Deaths,crude rate,33.5892079795526,44.3230461801839,54.7555665851215,burnett,attributable,25,150
2011,us,All,All Origins,M,1,nvss,YLL,absolute number,52364.6304453703,69098.3822795494,85362.3881456865,burnett,attributable,25,150
2011,us,All,All Origins,M,1,nvss,YLL,age-adjusted rate,254.847773012677,336.287465278555,415.441001549078,burnett,attributable,25,150
2011,us,All,All Origins,M,1,nvss,YLL,crude rate,1241.54233639148,1638.29222600401,2023.90464550145,burnett,attributable,25,150
2011,us,All,All Origins,M,2,nvss,Deaths,absolute number,2754.69795745574,3636.2265019068,4493.60468093073,burnett,attributable,25,150
2011,us,All,All Origins,M,2,nvss,Deaths,age-adjusted rate,8.5628931222848,11.3030972488198,13.968230713812,burnett,attributable,25,150
2011,us,All,All Origins,M,2,nvss,Deaths,crude rate,40.2164709317016,53.086109502213,65.603171316873,burnett,attributable,25,150
2011,us,All,All Origins,M,2,nvss,YLL,absolute number,105515.499425067,139281.424423652,172122.297780025,burnett,attributable,25,150
2011,us,All,All Origins,M,2,nvss,YLL,age-adjusted rate,350.853120858391,463.129328893943,572.329616733944,burnett,attributable,25,150
2011,us,All,All Origins,M,2,nvss,YLL,crude rate,1540.44511631013,2033.40164445226,2512.85313027982,burnett,attributable,25,150
2011,us,All,All Origins,M,3,nvss,Deaths,absolute number,9180.32183182923,12122.2771911023,14985.6636345154,burnett,attributable,25,150
2011,us,All,All Origins,M,3,nvss,Deaths,age-adjusted rate,7.8188392088769,10.3244894829334,12.7632229613504,burnett,attributable,25,150
2011,us,All,All Origins,M,3,nvss,Deaths,crude rate,39.9537172511416,52.757413542305,65.2191697243409,burnett,attributable,25,150
2011,us,All,All Origins,M,3,nvss,YLL,absolute number,344573.588848927,454996.74556914,562470.901828824,burnett,attributable,25,150
2011,us,All,All Origins,M,3,nvss,YLL,age-adjusted rate,317.719286367771,419.53662724065,518.634797660137,burnett,attributable,25,150
2011,us,All,All Origins,M,3,nvss,YLL,crude rate,1499.62016509589,1980.19324983041,2447.93197725897,burnett,attributable,25,150
2011,us,All,All Origins,M,4,nvss,Deaths,absolute number,3282.14665130172,4333.90458749417,5357.55512462226,burnett,attributable,25,150
2011,us,All,All Origins,M,4,nvss,Deaths,age-adjusted rate,3.80770602618537,5.02787850998952,6.21544284913463,burnett,attributable,25,150
2011,us,All,All Origins,M,4,nvss,Deaths,crude rate,19.4176494837912,25.6400000112062,31.6960631417078,burnett,attributable,25,150
2011,us,All,All Origins,M,4,nvss,YLL,absolute number,121100.911968337,159907.479369074,197676.971946112,burnett,attributable,25,150
2011,us,All,All Origins,M,4,nvss,YLL,age-adjusted rate,152.167335767759,200.92908227885,248.387709677549,burnett,attributable,25,150
2011,us,All,All Origins,M,4,nvss,YLL,crude rate,716.450332844212,946.035541402084,1169.48526682819,burnett,attributable,25,150
2011,us,All,All Origins,M,5,nvss,Deaths,absolute number,1350.26831117891,1783.1770703216,2204.62339749616,burnett,attributable,25,150
2011,us,All,All Origins,M,5,nvss,Deaths,age-adjusted rate,4.39534497934412,5.80453404588645,7.17641101498484,burnett,attributable,25,150
2011,us,All,All Origins,M,5,nvss,Deaths,crude rate,22.8317034372118,30.1517629559658,37.2780040719633,burnett,attributable,25,150
2011,us,All,All Origins,M,5,nvss,YLL,absolute number,49781.3549279846,65741.726960636,81279.5049137117,burnett,attributable,25,150
2011,us,All,All Origins,M,5,nvss,YLL,age-adjusted rate,175.524576074163,231.799411081561,286.58421740701,burnett,attributable,25,150
2011,us,All,All Origins,M,5,nvss,YLL,crude rate,841.753541135815,1111.6276676188,1374.35614562636,burnett,attributable,25,150
2011,us,All,All Origins,M,6,nvss,Deaths,absolute number,2137.19143584837,2821.82865217279,3488.06017066606,burnett,attributable,25,150
2011,us,All,All Origins,M,6,nvss,Deaths,age-adjusted rate,2.80702790485771,3.70624345414887,4.58128460962869,burnett,attributable,25,150
2011,us,All,All Origins,M,6,nvss,Deaths,crude rate,14.3425944674111,18.937163669931,23.4082130719062,burnett,attributable,25,150
2011,us,All,All Origins,M,6,nvss,YLL,absolute number,78068.5444369097,103077.362107269,127413.8459778,burnett,attributable,25,150
2011,us,All,All Origins,M,6,nvss,YLL,age-adjusted rate,110.573228747938,145.994738613732,180.463981217729,burnett,attributable,25,150
2011,us,All,All Origins,M,6,nvss,YLL,crude rate,523.914448999831,691.747486293002,855.068522051863,burnett,attributable,25,150
2011,us,All,All Origins,M,7,nvss,Deaths,absolute number,967.62709644012,1277.65960945391,1579.38525038651,burnett,attributable,25,150
2011,us,All,All Origins,M,7,nvss,Deaths,age-adjusted rate,1.86648155157122,2.46451148278793,3.04651806828825,burnett,attributable,25,150
2011,us,All,All Origins,M,7,nvss,Deaths,crude rate,11.4467297935284,15.1143186991446,18.6836398728085,burnett,attributable,25,150
2011,us,All,All Origins,M,7,nvss,YLL,absolute number,34303.7745384519,45294.8737595689,55991.4823984758,burnett,attributable,25,150
2011,us,All,All Origins,M,7,nvss,YLL,age-adjusted rate,72.6944228977972,95.9860759488607,118.653662896102,burnett,attributable,25,150
2011,us,All,All Origins,M,7,nvss,YLL,crude rate,405.803061411144,535.824371666764,662.361949259566,burnett,attributable,25,150
2011,us,American Indian or Alaska Native,All Origins,A,666,nvss,Deaths,absolute number,760.746604955828,1005.5538674893,1244.33022200548,burnett,attributable,25,150
2011,us,American Indian or Alaska Native,All Origins,A,666,nvss,Deaths,age-adjusted rate,336.994615090715,445.439041489002,551.211903515269,burnett,attributable,25,150
2011,us,American Indian or Alaska Native,All Origins,A,666,nvss,Deaths,crude rate,31.3473897574786,41.4349387837982,51.273977697844,burnett,attributable,25,150
2011,us,American Indian or Alaska Native,All Origins,A,666,nvss,YLL,absolute number,19738.2819695429,26090.0352926591,32285.311068321,burnett,attributable,25,150
2011,us,American Indian or Alaska Native,All Origins,A,666,nvss,YLL,age-adjusted rate,7938.03781873172,10492.4880070486,12984.0084686857,burnett,attributable,25,150
2011,us,American Indian or Alaska Native,All Origins,A,666,nvss,YLL,crude rate,813.337337309839,1075.06822873412,1330.35129293658,burnett,attributable,25,150
2011,us,American Indian or Alaska Native,All Origins,F,666,nvss,Deaths,absolute number,372.035321371734,491.755792232778,608.52692751205,burnett,attributable,25,150
2011,us,American Indian or Alaska Native,All Origins,F,666,nvss,Deaths,age-adjusted rate,293.959809632733,388.555684813868,480.821173399009,burnett,attributable,25,150
2011,us,American Indian or Alaska Native,All Origins,F,666,nvss,Deaths,crude rate,30.3999105552633,40.1825612788305,49.7242146219534,burnett,attributable,25,150
2011,us,American Indian or Alaska Native,All Origins,F,666,nvss,YLL,absolute number,9075.1378357965,11995.5051031422,14843.928591521,burnett,attributable,25,150
2011,us,American Indian or Alaska Native,All Origins,F,666,nvss,YLL,age-adjusted rate,6876.50797963014,9089.35908786794,11247.6962064451,burnett,attributable,25,150
2011,us,American Indian or Alaska Native,All Origins,F,666,nvss,YLL,crude rate,741.551574908768,980.181883957085,1212.93349192526,burnett,attributable,25,150
2011,us,American Indian or Alaska Native,All Origins,M,666,nvss,Deaths,absolute number,388.729085219919,513.821606336455,635.832412078747,burnett,attributable,25,150
2011,us,American Indian or Alaska Native,All Origins,M,666,nvss,Deaths,age-adjusted rate,389.548897960241,514.905233765282,637.173354992336,burnett,attributable,25,150
2011,us,American Indian or Alaska Native,All Origins,M,666,nvss,Deaths,crude rate,32.3127162445841,42.7109068941761,52.8529330368645,burnett,attributable,25,150
2011,us,American Indian or Alaska Native,All Origins,M,666,nvss,YLL,absolute number,10664.1725449334,14095.8895941292,17443.0646171817,burnett,attributable,25,150
2011,us,American Indian or Alaska Native,All Origins,M,666,nvss,YLL,age-adjusted rate,9170.39621877187,12121.4179618316,14999.7398424685,burnett,attributable,25,150
2011,us,American Indian or Alaska Native,All Origins,M,666,nvss,YLL,crude rate,886.448672171699,1171.70671809237,1449.93729268306,burnett,attributable,25,150
2011,us,Asian or Pacific Islander,All Origins,A,666,nvss,Deaths,absolute number,3637.62593040059,4799.00340224981,5927.26978077251,burnett,attributable,25,150
2011,us,Asian or Pacific Islander,All Origins,A,666,nvss,Deaths,age-adjusted rate,268.476411118467,354.19233176608,437.464475160452,burnett,attributable,25,150
2011,us,Asian or Pacific Islander,All Origins,A,666,nvss,Deaths,crude rate,31.4072357383113,41.4345603553632,51.1760040342549,burnett,attributable,25,150
2011,us,Asian or Pacific Islander,All Origins,A,666,nvss,YLL,absolute number,73758.0655823594,97306.6539676132,120183.867604664,burnett,attributable,25,150
2011,us,Asian or Pacific Islander,All Origins,A,666,nvss,YLL,age-adjusted rate,5759.97088797393,7598.94514090477,9385.48988698723,burnett,attributable,25,150
2011,us,Asian or Pacific Islander,All Origins,A,666,nvss,YLL,crude rate,636.826600004985,840.144940282672,1037.66663588358,burnett,attributable,25,150
2011,us,Asian or Pacific Islander,All Origins,F,666,nvss,Deaths,absolute number,1805.35352999246,2381.78824950512,2941.81017649362,burnett,attributable,25,150
2011,us,Asian or Pacific Islander,All Origins,F,666,nvss,Deaths,age-adjusted rate,222.85920893167,294.01634433876,363.147426733225,burnett,attributable,25,150
2011,us,Asian or Pacific Islander,All Origins,F,666,nvss,Deaths,crude rate,29.0791374286748,38.3638698364256,47.3842385938058,burnett,attributable,25,150
2011,us,Asian or Pacific Islander,All Origins,F,666,nvss,YLL,absolute number,34024.6393317156,44888.4303310213,55442.8972357477,burnett,attributable,25,150
2011,us,Asian or Pacific Islander,All Origins,F,666,nvss,YLL,age-adjusted rate,4689.52865954574,6186.85707340112,7641.55214168373,burnett,attributable,25,150
2011,us,Asian or Pacific Islander,All Origins,F,666,nvss,YLL,crude rate,548.040672727508,723.025608484956,893.02820825843,burnett,attributable,25,150
2011,us,Asian or Pacific Islander,All Origins,M,666,nvss,Deaths,absolute number,1832.94539612299,2418.09542949908,2986.53747822626,burnett,attributable,25,150
2011,us,Asian or Pacific Islander,All Origins,M,666,nvss,Deaths,age-adjusted rate,328.367318547135,433.195398976531,535.030288158062,burnett,attributable,25,150
2011,us,Asian or Pacific Islander,All Origins,M,666,nvss,Deaths,crude rate,34.1094832793978,44.9986048656698,55.5768057206315,burnett,attributable,25,150
2011,us,Asian or Pacific Islander,All Origins,M,666,nvss,YLL,absolute number,39758.9158641294,52451.5639888918,64781.79468577,burnett,attributable,25,150
2011,us,Asian or Pacific Islander,All Origins,M,666,nvss,YLL,age-adjusted rate,7110.69354239772,9380.71346359234,11585.9167466041,burnett,attributable,25,150
2011,us,Asian or Pacific Islander,All Origins,M,666,nvss,YLL,crude rate,739.878055692777,976.0769462318,1205.53157083539,burnett,attributable,25,150
2011,us,Black or African American,All Origins,A,666,nvss,Deaths,absolute number,19419.7803921911,25618.8849292704,31640.5434578,burnett,attributable,25,150
2011,us,Black or African American,All Origins,A,666,nvss,Deaths,age-adjusted rate,645.601366701436,851.687649895083,1051.87482489482,burnett,attributable,25,150
2011,us,Black or African American,All Origins,A,666,nvss,Deaths,crude rate,76.6618313328701,101.133514165468,124.90470833633,burnett,attributable,25,150
2011,us,Black or African American,All Origins,A,666,nvss,YLL,absolute number,463922.038469832,612013.373976689,755865.675244114,burnett,attributable,25,150
2011,us,Black or African American,All Origins,A,666,nvss,YLL,age-adjusted rate,15476.9816826101,20417.4818031749,25216.5627846705,burnett,attributable,25,150
2011,us,Black or African American,All Origins,A,666,nvss,YLL,crude rate,1831.38595527459,2415.99364677306,2983.86725985692,burnett,attributable,25,150
2011,us,Black or African American,All Origins,F,666,nvss,Deaths,absolute number,10131.8317937216,13365.296995565,16505.8238344249,burnett,attributable,25,150
2011,us,Black or African American,All Origins,F,666,nvss,Deaths,age-adjusted rate,541.471021377339,714.275677147006,882.113468942382,burnett,attributable,25,150
2011,us,Black or African American,All Origins,F,666,nvss,Deaths,crude rate,73.9313887059944,97.5257966641808,120.442038780363,burnett,attributable,25,150
2011,us,Black or African American,All Origins,F,666,nvss,YLL,absolute number,223191.438856779,294420.587305528,363602.421173696,burnett,attributable,25,150
2011,us,Black or African American,All Origins,F,666,nvss,YLL,age-adjusted rate,12898.6340581879,17015.0944601764,21013.2368759904,burnett,attributable,25,150
2011,us,Black or African American,All Origins,F,666,nvss,YLL,crude rate,1628.61497880332,2148.36994200994,2653.18576951614,burnett,attributable,25,150
2011,us,Black or African American,All Origins,M,666,nvss,Deaths,absolute number,9282.15522594777,12246.0256964044,15125.4787058551,burnett,attributable,25,150
2011,us,Black or African American,All Origins,M,666,nvss,Deaths,age-adjusted rate,793.358779116896,1046.68493028154,1292.7958030793,burnett,attributable,25,150
2011,us,Black or African American,All Origins,M,666,nvss,Deaths,crude rate,79.8301871742141,105.320639408331,130.085068262227,burnett,attributable,25,150
2011,us,Black or African American,All Origins,M,666,nvss,YLL,absolute number,240364.131932844,317114.427036852,391678.707229372,burnett,attributable,25,150
2011,us,Black or African American,All Origins,M,666,nvss,YLL,age-adjusted rate,18907.7492977209,24945.1531594507,30810.5986612741,burnett,attributable,25,150
2011,us,Black or African American,All Origins,M,666,nvss,YLL,crude rate,2067.226110217,2727.30884689667,3368.59099521063,burnett,attributable,25,150
2011,us,White,Hispanic or Latino,A,666,nvss,Deaths,absolute number,8986.72780317354,11858.6933037196,14650.125850116,burnett,attributable,25,150
2011,us,White,Hispanic or Latino,A,666,nvss,Deaths,age-adjusted rate,382.70041979023,505.003267584717,623.876614003953,burnett,attributable,25,150
2011,us,White,Hispanic or Latino,A,666,nvss,Deaths,crude rate,35.1770736202613,46.4189120357836,57.3455173966252,burnett,attributable,25,150
2011,us,White,Hispanic or Latino,A,666,nvss,YLL,absolute number,202897.751133015,267739.521592183,330763.060137918,burnett,attributable,25,150
2011,us,White,Hispanic or Latino,A,666,nvss,YLL,age-adjusted rate,8512.91404172312,11233.4588242533,13877.716649927,burnett,attributable,25,150
2011,us,White,Hispanic or Latino,A,666,nvss,YLL,crude rate,794.210004499198,1048.02249143184,1294.71780743438,burnett,attributable,25,150
2011,us,White,Hispanic or Latino,F,666,nvss,Deaths,absolute number,4345.28826374198,5733.92964099034,7083.62250554215,burnett,attributable,25,150
2011,us,White,Hispanic or Latino,F,666,nvss,Deaths,age-adjusted rate,312.725832522708,412.664893965206,509.80087185622,burnett,attributable,25,150
2011,us,White,Hispanic or Latino,F,666,nvss,Deaths,crude rate,34.1026811384971,45.001013131607,55.5936694989149,burnett,attributable,25,150
2011,us,White,Hispanic or Latino,F,666,nvss,YLL,absolute number,88085.7044054649,116235.609879437,143595.968845057,burnett,attributable,25,150
2011,us,White,Hispanic or Latino,F,666,nvss,YLL,age-adjusted rate,6764.76756528307,8926.61174648593,11027.8206787908,burnett,attributable,25,150
2011,us,White,Hispanic or Latino,F,666,nvss,YLL,crude rate,691.31401828163,912.240040259974,1126.96954518719,burnett,attributable,25,150
2011,us,White,Hispanic or Latino,M,666,nvss,Deaths,absolute number,4641.21262399281,6124.46597342534,7566.13771549208,burnett,attributable,25,150
2011,us,White,Hispanic or Latino,M,666,nvss,Deaths,age-adjusted rate,470.734369867738,621.173142525962,767.394506216488,burnett,attributable,25,150
2011,us,White,Hispanic or Latino,M,666,nvss,Deaths,crude rate,36.2443614251839,47.8274486132254,59.0858148871215,burnett,attributable,25,150
2011,us,White,Hispanic or Latino,M,666,nvss,YLL,absolute number,114795.065706244,151481.634390234,187139.729755624,burnett,attributable,25,150
2011,us,White,Hispanic or Latino,M,666,nvss,YLL,age-adjusted rate,10586.3085721201,13969.5144107302,17257.8752676165,burnett,attributable,25,150
2011,us,White,Hispanic or Latino,M,666,nvss,YLL,crude rate,896.462667919197,1182.95703104287,1461.41979516528,burnett,attributable,25,150
2011,us,White,Not Hispanic or Latino,A,666,nvss,Deaths,absolute number,127930.091069409,168969.615819219,208933.908408428,burnett,attributable,25,150
2011,us,White,Not Hispanic or Latino,A,666,nvss,Deaths,age-adjusted rate,455.788890240819,602.004368439595,744.389013179761,burnett,attributable,25,150
2011,us,White,Not Hispanic or Latino,A,666,nvss,Deaths,crude rate,90.239356226422,119.187825365335,147.377847002527,burnett,attributable,25,150
2011,us,White,Not Hispanic or Latino,A,666,nvss,YLL,absolute number,2332042.36910264,3080153.38602099,3808663.95605322,burnett,attributable,25,150
2011,us,White,Not Hispanic or Latino,A,666,nvss,YLL,age-adjusted rate,10208.3995759465,13483.218373861,16672.2371896088,burnett,attributable,25,150
2011,us,White,Not Hispanic or Latino,A,666,nvss,YLL,crude rate,1644.97656744718,2172.67928373759,2686.55623242344,burnett,attributable,25,150
2011,us,White,Not Hispanic or Latino,F,666,nvss,Deaths,absolute number,66329.3128917788,87606.3473996925,108325.34131034,burnett,attributable,25,150
2011,us,White,Not Hispanic or Latino,F,666,nvss,Deaths,age-adjusted rate,381.583325844026,503.987150603593,623.18064530278,burnett,attributable,25,150
2011,us,White,Not Hispanic or Latino,F,666,nvss,Deaths,crude rate,90.6150199124625,119.682393318824,147.987406048908,burnett,attributable,25,150
2011,us,White,Not Hispanic or Latino,F,666,nvss,YLL,absolute number,1090148.82834715,1439845.41388767,1780370.37866569,burnett,attributable,25,150
2011,us,White,Not Hispanic or Latino,F,666,nvss,YLL,age-adjusted rate,8412.29809016198,11110.7846107033,13738.4969343481,burnett,attributable,25,150
2011,us,White,Not Hispanic or Latino,F,666,nvss,YLL,crude rate,1489.29415188421,1967.02807796566,2432.23230093714,burnett,attributable,25,150
2011,us,White,Not Hispanic or Latino,M,666,nvss,Deaths,absolute number,61600.9889274032,81363.5447158943,100608.90620054,burnett,attributable,25,150
2011,us,White,Not Hispanic or Latino,M,666,nvss,Deaths,age-adjusted rate,544.430911835767,719.092819955673,889.183753301605,burnett,attributable,25,150
2011,us,White,Not Hispanic or Latino,M,666,nvss,Deaths,crude rate,89.8386307193704,118.660261385813,146.727617991361,burnett,attributable,25,150
2011,us,White,Not Hispanic or Latino,M,666,nvss,YLL,absolute number,1241450.55748873,1639727.21389011,2027580.80455798,burnett,attributable,25,150
2011,us,White,Not Hispanic or Latino,M,666,nvss,YLL,age-adjusted rate,12243.4557805321,16171.3469089009,19996.443492907,burnett,attributable,25,150
2011,us,White,Not Hispanic or Latino,M,666,nvss,YLL,crude rate,1810.52642388623,2391.37147331809,2957.0155662442,burnett,attributable,25,150
