Year,nation,source,Gender.Code,Race,Hispanic.Origin,Education,rural_urban_class,attr,measure1,measure2,scenario,method,min_age,max_age,mean,lower,upper
2015,us,nvss,A,All,All Origins,666,1,attributable,Deaths,absolute number,A,di_gee,25,150,34333.7984589276,35300.9477112918,36268.0969636559
2015,us,nvss,A,All,All Origins,666,1,attributable,Deaths,absolute number,B,di_gee,25,150,33684.9214453246,34633.7924719534,35582.6634985823
2015,us,nvss,A,All,All Origins,666,1,attributable,Deaths,absolute number,D,di_gee,25,150,32071.3539561264,32974.7723774257,33878.1907987251
2015,us,nvss,A,All,All Origins,666,1,attributable,Deaths,age-adjusted rate,A,di_gee,25,150,19.2992798211741,19.8429215062776,20.3865631913811
2015,us,nvss,A,All,All Origins,666,1,attributable,Deaths,age-adjusted rate,B,di_gee,25,150,18.9345412947907,19.4679086552073,20.001276015624
2015,us,nvss,A,All,All Origins,666,1,attributable,Deaths,age-adjusted rate,D,di_gee,25,150,18.0275431797515,18.5353612974909,19.0431794152304
2015,us,nvss,A,All,All Origins,666,1,attributable,Deaths,crude rate,A,di_gee,25,150,31.5381085071691,32.4265059299063,33.3149033526435
2015,us,nvss,A,All,All Origins,666,1,attributable,Deaths,crude rate,B,di_gee,25,150,30.9420674461342,31.8136749798281,32.685282513522
2015,us,nvss,A,All,All Origins,666,1,attributable,Deaths,crude rate,D,di_gee,25,150,29.4598875289063,30.289743515636,31.1195995023658
2015,us,nvss,A,All,All Origins,666,1,attributable,YLL,absolute number,A,di_gee,25,150,700432.67907483,720163.177076938,739893.675079046
2015,us,nvss,A,All,All Origins,666,1,attributable,YLL,absolute number,B,di_gee,25,150,687195.149718102,706552.759569316,725910.36942053
2015,us,nvss,A,All,All Origins,666,1,attributable,YLL,absolute number,D,di_gee,25,150,654277.283066117,672707.629067979,691137.975069842
2015,us,nvss,A,All,All Origins,666,1,attributable,YLL,age-adjusted rate,A,di_gee,25,150,395.523256283093,406.664756460081,417.80625663707
2015,us,nvss,A,All,All Origins,666,1,attributable,YLL,age-adjusted rate,B,di_gee,25,150,388.048232811555,398.979168947092,409.910105082629
2015,us,nvss,A,All,All Origins,666,1,attributable,YLL,age-adjusted rate,D,di_gee,25,150,369.460034120879,379.867359025692,390.274683930505
2015,us,nvss,A,All,All Origins,666,1,attributable,YLL,crude rate,A,di_gee,25,150,643.398715730655,661.522623216026,679.646530701396
2015,us,nvss,A,All,All Origins,666,1,attributable,YLL,crude rate,B,di_gee,25,150,631.239075493972,649.020457902253,666.801840310534
2015,us,nvss,A,All,All Origins,666,1,attributable,YLL,crude rate,D,di_gee,25,150,601.001604054954,617.931226704389,634.860849353825
2015,us,nvss,A,All,All Origins,666,2,attributable,Deaths,absolute number,A,di_gee,25,150,15280.5951312726,15711.034430745,16141.4737302175
2015,us,nvss,A,All,All Origins,666,2,attributable,Deaths,absolute number,B,di_gee,25,150,15219.6835377121,15648.4070176476,16077.1304975832
2015,us,nvss,A,All,All Origins,666,2,attributable,Deaths,absolute number,D,di_gee,25,150,14948.5339362095,15369.6193992013,15790.7048621931
2015,us,nvss,A,All,All Origins,666,2,attributable,Deaths,age-adjusted rate,A,di_gee,25,150,14.2050857405784,14.6052290008763,15.0053722611743
2015,us,nvss,A,All,All Origins,666,2,attributable,Deaths,age-adjusted rate,B,di_gee,25,150,14.1484613485512,14.5470095555526,14.945557762554
2015,us,nvss,A,All,All Origins,666,2,attributable,Deaths,age-adjusted rate,D,di_gee,25,150,13.8963963402986,14.2878441245324,14.6792919087661
2015,us,nvss,A,All,All Origins,666,2,attributable,Deaths,crude rate,A,di_gee,25,150,25.5619023036927,26.2819558897123,27.0020094757318
2015,us,nvss,A,All,All Origins,666,2,attributable,Deaths,crude rate,B,di_gee,25,150,25.4600073061236,26.1771906105215,26.8943739149193
2015,us,nvss,A,All,All Origins,666,2,attributable,Deaths,crude rate,D,di_gee,25,150,25.0064189763661,25.7108251447144,26.4152313130628
2015,us,nvss,A,All,All Origins,666,2,attributable,YLL,absolute number,A,di_gee,25,150,311983.260365082,320771.521220436,329559.782075791
2015,us,nvss,A,All,All Origins,666,2,attributable,YLL,absolute number,B,di_gee,25,150,310739.630952105,319492.859993009,328246.089033914
2015,us,nvss,A,All,All Origins,666,2,attributable,YLL,absolute number,D,di_gee,25,150,305203.581079915,313800.865053997,322398.149028079
2015,us,nvss,A,All,All Origins,666,2,attributable,YLL,age-adjusted rate,A,di_gee,25,150,301.45150049087,309.943092053993,318.434683617117
2015,us,nvss,A,All,All Origins,666,2,attributable,YLL,age-adjusted rate,B,di_gee,25,150,300.249852837859,308.70759517132,317.165337504781
2015,us,nvss,A,All,All Origins,666,2,attributable,YLL,age-adjusted rate,D,di_gee,25,150,294.900685902392,303.207747477108,311.514809051823
2015,us,nvss,A,All,All Origins,666,2,attributable,YLL,crude rate,A,di_gee,25,150,521.896271272754,536.597574688888,551.298878105022
2015,us,nvss,A,All,All Origins,666,2,attributable,YLL,crude rate,B,di_gee,25,150,519.815885444623,534.458586443063,549.101287441503
2015,us,nvss,A,All,All Origins,666,2,attributable,YLL,crude rate,D,di_gee,25,150,510.554991823295,524.93682257888,539.318653334466
2015,us,nvss,A,All,All Origins,666,3,attributable,Deaths,absolute number,A,di_gee,25,150,5540.44106994764,5696.50983248137,5852.57859501511
2015,us,nvss,A,All,All Origins,666,3,attributable,Deaths,absolute number,B,di_gee,25,150,5534.60611836475,5690.51051606516,5846.41491376558
2015,us,nvss,A,All,All Origins,666,3,attributable,Deaths,absolute number,D,di_gee,25,150,5525.65649184307,5681.30878738794,5836.96108293282
2015,us,nvss,A,All,All Origins,666,3,attributable,Deaths,age-adjusted rate,A,di_gee,25,150,9.36643474962292,9.63027798200666,9.89412121439041
2015,us,nvss,A,All,All Origins,666,3,attributable,Deaths,age-adjusted rate,B,di_gee,25,150,9.35657042788781,9.62013579205366,9.88370115621952
2015,us,nvss,A,All,All Origins,666,3,attributable,Deaths,age-adjusted rate,D,di_gee,25,150,9.3414405687682,9.60457973971942,9.86771891067064
2015,us,nvss,A,All,All Origins,666,3,attributable,Deaths,crude rate,A,di_gee,25,150,18.1254374415739,18.6360131441534,19.146588846733
2015,us,nvss,A,All,All Origins,666,3,attributable,Deaths,crude rate,B,di_gee,25,150,18.1063485191298,18.6163865055841,19.1264244920385
2015,us,nvss,A,All,All Origins,666,3,attributable,Deaths,crude rate,D,di_gee,25,150,18.0770700025647,18.5862832420736,19.0954964815825
2015,us,nvss,A,All,All Origins,666,3,attributable,YLL,absolute number,A,di_gee,25,150,113153.917011859,116341.351293883,119528.785575908
2015,us,nvss,A,All,All Origins,666,3,attributable,YLL,absolute number,B,di_gee,25,150,113034.748227489,116218.825642348,119402.903057207
2015,us,nvss,A,All,All Origins,666,3,attributable,YLL,absolute number,D,di_gee,25,150,112851.967599749,116030.896264531,119209.824929313
2015,us,nvss,A,All,All Origins,666,3,attributable,YLL,age-adjusted rate,A,di_gee,25,150,203.365302093064,209.093902152023,214.822502210983
2015,us,nvss,A,All,All Origins,666,3,attributable,YLL,age-adjusted rate,B,di_gee,25,150,203.15112660119,208.873693547702,214.596260494215
2015,us,nvss,A,All,All Origins,666,3,attributable,YLL,age-adjusted rate,D,di_gee,25,150,202.822625047212,208.535938428824,214.249251810435
2015,us,nvss,A,All,All Origins,666,3,attributable,YLL,crude rate,A,di_gee,25,150,370.180680233619,380.608305028932,391.035929824246
2015,us,nvss,A,All,All Origins,666,3,attributable,YLL,crude rate,B,di_gee,25,150,369.790822040234,380.207464914607,390.62410778898
2015,us,nvss,A,All,All Origins,666,3,attributable,YLL,crude rate,D,di_gee,25,150,369.192859027578,379.592657873425,389.992456719272
2015,us,nvss,A,All,All Origins,666,666,attributable,Deaths,absolute number,A,di_gee,25,150,56198.4888324728,57781.5448559227,59364.6008793726
2015,us,nvss,A,All,All Origins,666,666,attributable,Deaths,absolute number,B,di_gee,25,150,55438.1026014874,56999.739294487,58561.3759874867
2015,us,nvss,A,All,All Origins,666,666,attributable,Deaths,absolute number,D,di_gee,25,150,53440.2836417779,54945.6437443632,56451.0038469485
2015,us,nvss,A,All,All Origins,666,666,attributable,Deaths,age-adjusted rate,A,di_gee,25,150,15.114744227071,15.5405116700871,15.9662791131032
2015,us,nvss,A,All,All Origins,666,666,attributable,Deaths,age-adjusted rate,B,di_gee,25,150,14.9102361765184,15.3302428293781,15.7502494822378
2015,us,nvss,A,All,All Origins,666,666,attributable,Deaths,age-adjusted rate,D,di_gee,25,150,14.3729170561055,14.7777879590944,15.1826588620833
2015,us,nvss,A,All,All Origins,666,666,attributable,Deaths,crude rate,A,di_gee,25,150,26.0034118099182,26.735902283437,27.4683927569559
2015,us,nvss,A,All,All Origins,666,666,attributable,Deaths,crude rate,B,di_gee,25,150,25.6515760807077,26.3741556886149,27.0967352965222
2015,us,nvss,A,All,All Origins,666,666,attributable,Deaths,crude rate,D,di_gee,25,150,24.7271720582819,25.4237121162617,26.1202521742415
2015,us,nvss,A,All,All Origins,666,666,attributable,YLL,absolute number,A,di_gee,25,150,1146998.18302642,1179307.99099899,1211617.79897157
2015,us,nvss,A,All,All Origins,666,666,attributable,YLL,absolute number,B,di_gee,25,150,1131478.8755956,1163351.51997858,1195224.16436155
2015,us,nvss,A,All,All Origins,666,666,attributable,YLL,absolute number,D,di_gee,25,150,1090703.85184659,1121427.90401129,1152151.95617598
2015,us,nvss,A,All,All Origins,666,666,attributable,YLL,age-adjusted rate,A,di_gee,25,150,315.156236980998,324.033877459336,332.911517937674
2015,us,nvss,A,All,All Origins,666,666,attributable,YLL,age-adjusted rate,B,di_gee,25,150,310.892057139368,319.649579875688,328.407102612008
2015,us,nvss,A,All,All Origins,666,666,attributable,YLL,age-adjusted rate,D,di_gee,25,150,299.688462192389,308.130390704851,316.572319217313
2015,us,nvss,A,All,All Origins,666,666,attributable,YLL,crude rate,A,di_gee,25,150,530.723631864455,545.673593325425,560.623554786396
2015,us,nvss,A,All,All Origins,666,666,attributable,YLL,crude rate,B,di_gee,25,150,523.542745856447,538.290428838319,553.038111820191
2015,us,nvss,A,All,All Origins,666,666,attributable,YLL,crude rate,D,di_gee,25,150,504.675873167657,518.892094947027,533.108316726398
2015,us,nvss,A,All,All Origins,higher,1,attributable,Deaths,absolute number,A,di_gee,25,150,6119.21796972301,6291.5903068983,6463.9626440736
2015,us,nvss,A,All,All Origins,higher,1,attributable,Deaths,absolute number,B,di_gee,25,150,6009.88134926873,6179.1737816425,6348.46621401627
2015,us,nvss,A,All,All Origins,higher,1,attributable,Deaths,absolute number,D,di_gee,25,150,5734.79349107163,5896.33696969336,6057.8804483151
2015,us,nvss,A,All,All Origins,higher,1,attributable,Deaths,age-adjusted rate,A,di_gee,25,150,11.8652008337185,12.199431843119,12.5336628525195
2015,us,nvss,A,All,All Origins,higher,1,attributable,Deaths,age-adjusted rate,B,di_gee,25,150,11.6531964621486,11.9814555174204,12.3097145726922
2015,us,nvss,A,All,All Origins,higher,1,attributable,Deaths,age-adjusted rate,D,di_gee,25,150,11.1197994332185,11.4330332200697,11.746267006921
2015,us,nvss,A,All,All Origins,higher,1,attributable,Deaths,crude rate,A,di_gee,25,150,15.1910611168391,15.618978331398,16.0468955459568
2015,us,nvss,A,All,All Origins,higher,1,attributable,Deaths,crude rate,B,di_gee,25,150,14.9196311249925,15.3399024242881,15.7601737235836
2015,us,nvss,A,All,All Origins,higher,1,attributable,Deaths,crude rate,D,di_gee,25,150,14.2367209088425,14.6377553006409,15.0387896924393
2015,us,nvss,A,All,All Origins,higher,1,attributable,YLL,absolute number,A,di_gee,25,150,120437.534083102,123830.140676992,127222.747270882
2015,us,nvss,A,All,All Origins,higher,1,attributable,YLL,absolute number,B,di_gee,25,150,118285.587050385,121617.575418002,124949.563785618
2015,us,nvss,A,All,All Origins,higher,1,attributable,YLL,absolute number,D,di_gee,25,150,112871.348913847,116050.823531139,119230.29814843
2015,us,nvss,A,All,All Origins,higher,1,attributable,YLL,age-adjusted rate,A,di_gee,25,150,219.149569419823,225.322796727424,231.496024035025
2015,us,nvss,A,All,All Origins,higher,1,attributable,YLL,age-adjusted rate,B,di_gee,25,150,215.233861005296,221.296786667417,227.359712329538
2015,us,nvss,A,All,All Origins,higher,1,attributable,YLL,age-adjusted rate,D,di_gee,25,150,205.382048898781,211.167458726916,216.952868555051
2015,us,nvss,A,All,All Origins,higher,1,attributable,YLL,crude rate,A,di_gee,25,150,298.988195888798,307.410398589891,315.832601290984
2015,us,nvss,A,All,All Origins,higher,1,attributable,YLL,crude rate,B,di_gee,25,150,293.645951331414,301.917668270327,310.18938520924
2015,us,nvss,A,All,All Origins,higher,1,attributable,YLL,crude rate,D,di_gee,25,150,280.205014460033,288.098113458907,295.991212457781
2015,us,nvss,A,All,All Origins,higher,2,attributable,Deaths,absolute number,A,di_gee,25,150,2147.68884647848,2208.18712384407,2268.68540120966
2015,us,nvss,A,All,All Origins,higher,2,attributable,Deaths,absolute number,B,di_gee,25,150,2139.39601927666,2199.660695876,2259.92537247534
2015,us,nvss,A,All,All Origins,higher,2,attributable,Deaths,absolute number,D,di_gee,25,150,2107.17535794158,2166.53241027796,2225.88946261434
2015,us,nvss,A,All,All Origins,higher,2,attributable,Deaths,age-adjusted rate,A,di_gee,25,150,8.10028979617633,8.32846697353341,8.55664415089049
2015,us,nvss,A,All,All Origins,higher,2,attributable,Deaths,age-adjusted rate,B,di_gee,25,150,8.06901231216157,8.29630843363091,8.52360455510025
2015,us,nvss,A,All,All Origins,higher,2,attributable,Deaths,age-adjusted rate,D,di_gee,25,150,7.94748786756313,8.17136076524096,8.3952336629188
2015,us,nvss,A,All,All Origins,higher,2,attributable,Deaths,crude rate,A,di_gee,25,150,12.7432665337042,13.1022317881748,13.4611970426453
2015,us,nvss,A,All,All Origins,higher,2,attributable,Deaths,crude rate,B,di_gee,25,150,12.6940612181744,13.0516404074188,13.4092195966631
2015,us,nvss,A,All,All Origins,higher,2,attributable,Deaths,crude rate,D,di_gee,25,150,12.5028806028081,12.8550744226055,13.2072682424029
2015,us,nvss,A,All,All Origins,higher,2,attributable,YLL,absolute number,A,di_gee,25,150,41160.7406810784,42320.1981650524,43479.6556490265
2015,us,nvss,A,All,All Origins,higher,2,attributable,YLL,absolute number,B,di_gee,25,150,41001.8075513901,42156.7880457955,43311.7685402008
2015,us,nvss,A,All,All Origins,higher,2,attributable,YLL,absolute number,D,di_gee,25,150,40384.2943171241,41521.8800725361,42659.465827948
2015,us,nvss,A,All,All Origins,higher,2,attributable,YLL,age-adjusted rate,A,di_gee,25,150,153.878697320496,158.213308512623,162.54791970475
2015,us,nvss,A,All,All Origins,higher,2,attributable,YLL,age-adjusted rate,B,di_gee,25,150,153.284528640516,157.602402686728,161.920276732939
2015,us,nvss,A,All,All Origins,higher,2,attributable,YLL,age-adjusted rate,D,di_gee,25,150,150.975966391764,155.228810515475,159.481654639187
2015,us,nvss,A,All,All Origins,higher,2,attributable,YLL,crude rate,A,di_gee,25,150,244.226387860472,251.106004419922,257.985620979372
2015,us,nvss,A,All,All Origins,higher,2,attributable,YLL,crude rate,B,di_gee,25,150,243.283361483083,250.136413919227,256.98946635537
2015,us,nvss,A,All,All Origins,higher,2,attributable,YLL,crude rate,D,di_gee,25,150,239.619359714278,246.36920083299,253.119041951702
2015,us,nvss,A,All,All Origins,higher,3,attributable,Deaths,absolute number,A,di_gee,25,150,485.740316581941,499.42314240115,513.10596822036
2015,us,nvss,A,All,All Origins,higher,3,attributable,Deaths,absolute number,B,di_gee,25,150,485.094729489681,498.759369756996,512.424010024311
2015,us,nvss,A,All,All Origins,higher,3,attributable,Deaths,absolute number,D,di_gee,25,150,484.270072685199,497.911483183374,511.552893681549
2015,us,nvss,A,All,All Origins,higher,3,attributable,Deaths,age-adjusted rate,A,di_gee,25,150,4.62498896727381,4.75527034663363,4.88555172599346
2015,us,nvss,A,All,All Origins,higher,3,attributable,Deaths,age-adjusted rate,B,di_gee,25,150,4.6188419931043,4.74895021826217,4.87905844342003
2015,us,nvss,A,All,All Origins,higher,3,attributable,Deaths,age-adjusted rate,D,di_gee,25,150,4.61099000204588,4.74087704435704,4.87076408666819
2015,us,nvss,A,All,All Origins,higher,3,attributable,Deaths,crude rate,A,di_gee,25,150,8.35028464735724,8.58550393319829,8.82072321903934
2015,us,nvss,A,All,All Origins,higher,3,attributable,Deaths,crude rate,B,di_gee,25,150,8.33918646217268,8.57409312307896,8.80899978398523
2015,us,nvss,A,All,All Origins,higher,3,attributable,Deaths,crude rate,D,di_gee,25,150,8.3250099180014,8.55951723963524,8.79402456126908
2015,us,nvss,A,All,All Origins,higher,3,attributable,YLL,absolute number,A,di_gee,25,150,9350.95548739456,9614.36268422257,9877.76988105059
2015,us,nvss,A,All,All Origins,higher,3,attributable,YLL,absolute number,B,di_gee,25,150,9338.52733194425,9601.58443988635,9864.64154782844
2015,us,nvss,A,All,All Origins,higher,3,attributable,YLL,absolute number,D,di_gee,25,150,9322.65191702019,9585.26183017569,9847.87174333119
2015,us,nvss,A,All,All Origins,higher,3,attributable,YLL,age-adjusted rate,A,di_gee,25,150,91.5584893486043,94.1376017246213,96.7167141006383
2015,us,nvss,A,All,All Origins,higher,3,attributable,YLL,age-adjusted rate,B,di_gee,25,150,91.436800913668,94.0124854464474,96.5881699792268
2015,us,nvss,A,All,All Origins,higher,3,attributable,YLL,age-adjusted rate,D,di_gee,25,150,91.281359150504,93.8526650420675,96.423970933631
2015,us,nvss,A,All,All Origins,higher,3,attributable,YLL,crude rate,A,di_gee,25,150,160.750790862837,165.278982154748,169.807173446659
2015,us,nvss,A,All,All Origins,higher,3,attributable,YLL,crude rate,B,di_gee,25,150,160.537140416067,165.059313385534,169.581486355001
2015,us,nvss,A,All,All Origins,higher,3,attributable,YLL,crude rate,D,di_gee,25,150,160.264228679105,164.77871399401,169.293199308914
2015,us,nvss,A,All,All Origins,higher,666,attributable,Deaths,absolute number,A,di_gee,25,150,8995.18499059204,9248.57048328477,9501.95597597751
2015,us,nvss,A,All,All Origins,higher,666,attributable,Deaths,absolute number,B,di_gee,25,150,8867.55582376038,9117.34612865504,9367.1364335497
2015,us,nvss,A,All,All Origins,higher,666,attributable,Deaths,absolute number,D,di_gee,25,150,8537.13371651171,8777.61635641345,9018.09899631519
2015,us,nvss,A,All,All Origins,higher,666,attributable,Deaths,age-adjusted rate,A,di_gee,25,150,10.1294159378581,10.4147515980795,10.7000872583008
2015,us,nvss,A,All,All Origins,higher,666,attributable,Deaths,age-adjusted rate,B,di_gee,25,150,9.9856936110808,10.2669807550549,10.548267899029
2015,us,nvss,A,All,All Origins,higher,666,attributable,Deaths,age-adjusted rate,D,di_gee,25,150,9.61360754916146,9.88441339561672,10.155219242072
2015,us,nvss,A,All,All Origins,higher,666,attributable,Deaths,crude rate,A,di_gee,25,150,14.2888965001804,14.691400626946,15.0939047537117
2015,us,nvss,A,All,All Origins,higher,666,attributable,Deaths,crude rate,B,di_gee,25,150,14.0861569281572,14.4829500810631,14.8797432339689
2015,us,nvss,A,All,All Origins,higher,666,attributable,Deaths,crude rate,D,di_gee,25,150,13.5612797525588,13.9432876329125,14.3252955132663
2015,us,nvss,A,All,All Origins,higher,666,attributable,YLL,absolute number,A,di_gee,25,150,175193.952609579,180128.993528159,185064.034446738
2015,us,nvss,A,All,All Origins,higher,666,attributable,YLL,absolute number,B,di_gee,25,150,172708.194036643,177573.213586971,182438.233137299
2015,us,nvss,A,All,All Origins,higher,666,attributable,YLL,absolute number,D,di_gee,25,150,166272.756070773,170956.495678401,175640.235286028
2015,us,nvss,A,All,All Origins,higher,666,attributable,YLL,age-adjusted rate,A,di_gee,25,150,189.859970376357,195.208138555973,200.556306735588
2015,us,nvss,A,All,All Origins,higher,666,attributable,YLL,age-adjusted rate,B,di_gee,25,150,187.166121405028,192.438406515029,197.71069162503
2015,us,nvss,A,All,All Origins,higher,666,attributable,YLL,age-adjusted rate,D,di_gee,25,150,180.191953385189,185.267783058011,190.343612730833
2015,us,nvss,A,All,All Origins,higher,666,attributable,YLL,crude rate,A,di_gee,25,150,278.296472936797,286.135810202622,293.975147468448
2015,us,nvss,A,All,All Origins,higher,666,attributable,YLL,crude rate,B,di_gee,25,150,274.34783296883,282.075940939783,289.804048910736
2015,us,nvss,A,All,All Origins,higher,666,attributable,YLL,crude rate,D,di_gee,25,150,264.125107463593,271.565251335807,279.005395208021
2015,us,nvss,A,All,All Origins,lower,1,attributable,Deaths,absolute number,A,di_gee,25,150,21287.4774306456,21887.1246822131,22486.7719337805
2015,us,nvss,A,All,All Origins,lower,1,attributable,Deaths,absolute number,B,di_gee,25,150,20756.4245990751,21341.1126159505,21925.8006328258
2015,us,nvss,A,All,All Origins,lower,1,attributable,Deaths,absolute number,D,di_gee,25,150,19523.8902743402,20073.8590144624,20623.8277545847
2015,us,nvss,A,All,All Origins,lower,1,attributable,Deaths,age-adjusted rate,A,di_gee,25,150,25.6439457767845,26.3663104465531,27.0886751163217
2015,us,nvss,A,All,All Origins,lower,1,attributable,Deaths,age-adjusted rate,B,di_gee,25,150,25.0042133302432,25.7085573677148,26.4129014051865
2015,us,nvss,A,All,All Origins,lower,1,attributable,Deaths,age-adjusted rate,D,di_gee,25,150,23.5194416613358,24.1819611447537,24.8444806281716
2015,us,nvss,A,All,All Origins,lower,1,attributable,Deaths,crude rate,A,di_gee,25,150,48.0520148079268,49.4055926898402,50.7591705717536
2015,us,nvss,A,All,All Origins,lower,1,attributable,Deaths,crude rate,B,di_gee,25,150,46.8532744400484,48.1730849876554,49.4928955352624
2015,us,nvss,A,All,All Origins,lower,1,attributable,Deaths,crude rate,D,di_gee,25,150,44.0710867517044,45.3125258151327,46.553964878561
2015,us,nvss,A,All,All Origins,lower,1,attributable,YLL,absolute number,A,di_gee,25,150,426063.151677093,438064.930597574,450066.709518056
2015,us,nvss,A,All,All Origins,lower,1,attributable,YLL,absolute number,B,di_gee,25,150,415434.271676486,427136.645526528,438839.01937657
2015,us,nvss,A,All,All Origins,lower,1,attributable,YLL,absolute number,D,di_gee,25,150,390765.427720801,401772.904558006,412780.381395212
2015,us,nvss,A,All,All Origins,lower,1,attributable,YLL,age-adjusted rate,A,di_gee,25,150,550.331801269419,565.83410553053,581.33640979164
2015,us,nvss,A,All,All Origins,lower,1,attributable,YLL,age-adjusted rate,B,di_gee,25,150,536.602825522078,551.718398071996,566.833970621914
2015,us,nvss,A,All,All Origins,lower,1,attributable,YLL,age-adjusted rate,D,di_gee,25,150,504.738888741984,518.956885607956,533.174882473927
2015,us,nvss,A,All,All Origins,lower,1,attributable,YLL,crude rate,A,di_gee,25,150,961.748189291151,988.839687581042,1015.93118587093
2015,us,nvss,A,All,All Origins,lower,1,attributable,YLL,crude rate,B,di_gee,25,150,937.755722318733,964.171376468557,990.58703061838
2015,us,nvss,A,All,All Origins,lower,1,attributable,YLL,crude rate,D,di_gee,25,150,882.070981892584,906.918051805051,931.765121717518
2015,us,nvss,A,All,All Origins,lower,2,attributable,Deaths,absolute number,A,di_gee,25,150,10260.271539117,10549.2932726132,10838.3150061095
2015,us,nvss,A,All,All Origins,lower,2,attributable,Deaths,absolute number,B,di_gee,25,150,10216.0955212009,10503.8728598263,10791.6501984517
2015,us,nvss,A,All,All Origins,lower,2,attributable,Deaths,absolute number,D,di_gee,25,150,9998.18854762424,10279.8276616418,10561.4667756594
2015,us,nvss,A,All,All Origins,lower,2,attributable,Deaths,age-adjusted rate,A,di_gee,25,150,19.4252990304283,19.9724905524122,20.5196820743961
2015,us,nvss,A,All,All Origins,lower,2,attributable,Deaths,age-adjusted rate,B,di_gee,25,150,19.3416626125498,19.8864981791005,20.4313337456512
2015,us,nvss,A,All,All Origins,lower,2,attributable,Deaths,age-adjusted rate,D,di_gee,25,150,18.929109386604,19.4623237355224,19.9955380844408
2015,us,nvss,A,All,All Origins,lower,2,attributable,Deaths,crude rate,A,di_gee,25,150,38.769906276863,39.862016312831,40.954126348799
2015,us,nvss,A,All,All Origins,lower,2,attributable,Deaths,crude rate,B,di_gee,25,150,38.6029808628756,39.6903887745059,40.7777966861362
2015,us,nvss,A,All,All Origins,lower,2,attributable,Deaths,crude rate,D,di_gee,25,150,37.7795881377967,38.8438018881572,39.9080156385176
2015,us,nvss,A,All,All Origins,lower,2,attributable,YLL,absolute number,A,di_gee,25,150,206559.425247243,212378.00060632,218196.575965397
2015,us,nvss,A,All,All Origins,lower,2,attributable,YLL,absolute number,B,di_gee,25,150,205670.075210485,211463.598455851,217257.121701217
2015,us,nvss,A,All,All Origins,lower,2,attributable,YLL,absolute number,D,di_gee,25,150,201283.179693367,206953.128417124,212623.077140881
2015,us,nvss,A,All,All Origins,lower,2,attributable,YLL,age-adjusted rate,A,di_gee,25,150,431.740719514392,443.902429923249,456.064140332105
2015,us,nvss,A,All,All Origins,lower,2,attributable,YLL,age-adjusted rate,B,di_gee,25,150,429.881842223704,441.991189891978,454.100537560251
2015,us,nvss,A,All,All Origins,lower,2,attributable,YLL,age-adjusted rate,D,di_gee,25,150,420.712561157358,432.563619218128,444.414677278899
2015,us,nvss,A,All,All Origins,lower,2,attributable,YLL,crude rate,A,di_gee,25,150,780.514387646265,802.500708425032,824.487029203801
2015,us,nvss,A,All,All Origins,lower,2,attributable,YLL,crude rate,B,di_gee,25,150,777.15385109117,799.045508868386,820.937166645602
2015,us,nvss,A,All,All Origins,lower,2,attributable,YLL,crude rate,D,di_gee,25,150,760.577337750696,782.002051490153,803.426765229609
2015,us,nvss,A,All,All Origins,lower,3,attributable,Deaths,absolute number,A,di_gee,25,150,4221.08691792111,4339.99077476396,4458.8946316068
2015,us,nvss,A,All,All Origins,lower,3,attributable,Deaths,absolute number,B,di_gee,25,150,4217.67187981827,4336.4795384047,4455.28719699113
2015,us,nvss,A,All,All Origins,lower,3,attributable,Deaths,absolute number,D,di_gee,25,150,4211.14320880063,4329.76696116121,4448.39071352179
2015,us,nvss,A,All,All Origins,lower,3,attributable,Deaths,age-adjusted rate,A,di_gee,25,150,12.3551752508473,12.703208356505,13.0512414621627
2015,us,nvss,A,All,All Origins,lower,3,attributable,Deaths,age-adjusted rate,B,di_gee,25,150,12.3451793907598,12.6929309228939,13.0406824550279
2015,us,nvss,A,All,All Origins,lower,3,attributable,Deaths,age-adjusted rate,D,di_gee,25,150,12.3260698874147,12.6732831236799,13.0204963599451
2015,us,nvss,A,All,All Origins,lower,3,attributable,Deaths,crude rate,A,di_gee,25,150,26.078319829155,26.8129203877228,27.5475209462905
2015,us,nvss,A,All,All Origins,lower,3,attributable,Deaths,crude rate,B,di_gee,25,150,26.057221363853,26.7912275994545,27.525233835056
2015,us,nvss,A,All,All Origins,lower,3,attributable,Deaths,crude rate,D,di_gee,25,150,26.0168865462651,26.7497565898218,27.4826266333786
2015,us,nvss,A,All,All Origins,lower,3,attributable,YLL,absolute number,A,di_gee,25,150,84714.8962588861,87101.2313647702,89487.5664706544
2015,us,nvss,A,All,All Origins,lower,3,attributable,YLL,absolute number,B,di_gee,25,150,84646.358319671,87030.76277938,89415.1672390891
2015,us,nvss,A,All,All Origins,lower,3,attributable,YLL,absolute number,D,di_gee,25,150,84515.3314778357,86896.0450405916,89276.7586033475
2015,us,nvss,A,All,All Origins,lower,3,attributable,YLL,age-adjusted rate,A,di_gee,25,150,279.252931360679,287.119211117318,294.985490873957
2015,us,nvss,A,All,All Origins,lower,3,attributable,YLL,age-adjusted rate,B,di_gee,25,150,279.027003911311,286.886919514446,294.746835117582
2015,us,nvss,A,All,All Origins,lower,3,attributable,YLL,age-adjusted rate,D,di_gee,25,150,278.59508896736,286.442837952356,294.290586937352
2015,us,nvss,A,All,All Origins,lower,3,attributable,YLL,crude rate,A,di_gee,25,150,523.377556987376,538.120586761669,552.863616535961
2015,us,nvss,A,All,All Origins,lower,3,attributable,YLL,crude rate,B,di_gee,25,150,522.954122375856,537.685224414612,552.416326453369
2015,us,nvss,A,All,All Origins,lower,3,attributable,YLL,crude rate,D,di_gee,25,150,522.144624738392,536.852924026798,551.561223315203
2015,us,nvss,A,All,All Origins,lower,666,attributable,Deaths,absolute number,A,di_gee,25,150,36287.4959214043,37309.6789051059,38331.8618888074
2015,us,nvss,A,All,All Origins,lower,666,attributable,Deaths,absolute number,B,di_gee,25,150,35676.3256213566,36681.292540268,37686.2594591795
2015,us,nvss,A,All,All Origins,lower,666,attributable,Deaths,absolute number,D,di_gee,25,150,34151.7401098947,35113.7609580607,36075.7818062268
2015,us,nvss,A,All,All Origins,lower,666,attributable,Deaths,age-adjusted rate,A,di_gee,25,150,21.3247916814577,21.9254900386819,22.5261883959061
2015,us,nvss,A,All,All Origins,lower,666,attributable,Deaths,age-adjusted rate,B,di_gee,25,150,20.9656299647429,21.5562110905103,22.1467922162778
2015,us,nvss,A,All,All Origins,lower,666,attributable,Deaths,age-adjusted rate,D,di_gee,25,150,20.0696886051377,20.6350319461275,21.2003752871173
2015,us,nvss,A,All,All Origins,lower,666,attributable,Deaths,crude rate,A,di_gee,25,150,41.7329718373791,42.9085485088546,44.08412518033
2015,us,nvss,A,All,All Origins,lower,666,attributable,Deaths,crude rate,B,di_gee,25,150,41.0300863868377,42.1858634681571,43.3416405494764
2015,us,nvss,A,All,All Origins,lower,666,attributable,Deaths,crude rate,D,di_gee,25,150,39.2767142513968,40.3831005683376,41.4894868852783
2015,us,nvss,A,All,All Origins,lower,666,attributable,YLL,absolute number,A,di_gee,25,150,728063.736796452,748572.57445269,769081.412108928
2015,us,nvss,A,All,All Origins,lower,666,attributable,YLL,absolute number,B,di_gee,25,150,715801.360427591,735964.779031185,756128.197634779
2015,us,nvss,A,All,All Origins,lower,666,attributable,YLL,absolute number,D,di_gee,25,150,685212.437263953,704514.19606012,723815.954856288
2015,us,nvss,A,All,All Origins,lower,666,attributable,YLL,age-adjusted rate,A,di_gee,25,150,467.391704302398,480.557667803874,493.72363130535
2015,us,nvss,A,All,All Origins,lower,666,attributable,YLL,age-adjusted rate,B,di_gee,25,150,459.51968335124,472.46389978367,485.408116216099
2015,us,nvss,A,All,All Origins,lower,666,attributable,YLL,age-adjusted rate,D,di_gee,25,150,439.882654053317,452.273714730875,464.664775408433
2015,us,nvss,A,All,All Origins,lower,666,attributable,YLL,crude rate,A,di_gee,25,150,837.320477812883,860.906970145641,884.493462478398
2015,us,nvss,A,All,All Origins,lower,666,attributable,YLL,crude rate,B,di_gee,25,150,823.217950353578,846.407188391707,869.596426429836
2015,us,nvss,A,All,All Origins,lower,666,attributable,YLL,crude rate,D,di_gee,25,150,788.038706470539,810.236979892245,832.43525331395
2015,us,nvss,A,All,All Origins,middle,1,attributable,Deaths,absolute number,A,di_gee,25,150,6231.85217001536,6407.39730156509,6582.94243311482
2015,us,nvss,A,All,All Origins,middle,1,attributable,Deaths,absolute number,B,di_gee,25,150,6100.37452747569,6272.21606346092,6444.05759944616
2015,us,nvss,A,All,All Origins,middle,1,attributable,Deaths,absolute number,D,di_gee,25,150,5783.46526445235,5946.37977894396,6109.29429343558
2015,us,nvss,A,All,All Origins,middle,1,attributable,Deaths,age-adjusted rate,A,di_gee,25,150,13.6265684630316,14.0104154619903,14.3942624609489
2015,us,nvss,A,All,All Origins,middle,1,attributable,Deaths,age-adjusted rate,B,di_gee,25,150,13.3390794391352,13.7148281557305,14.0905768723259
2015,us,nvss,A,All,All Origins,middle,1,attributable,Deaths,age-adjusted rate,D,di_gee,25,150,12.6461256187711,13.0023545094407,13.3585834001103
2015,us,nvss,A,All,All Origins,middle,1,attributable,Deaths,crude rate,A,di_gee,25,150,19.0056322600305,19.5410021828483,20.0763721056661
2015,us,nvss,A,All,All Origins,middle,1,attributable,Deaths,crude rate,B,di_gee,25,150,18.6046574524849,19.1287323103014,19.6528071681179
2015,us,nvss,A,All,All Origins,middle,1,attributable,Deaths,crude rate,D,di_gee,25,150,17.6381613372852,18.13501095242,18.6318605675548
2015,us,nvss,A,All,All Origins,middle,1,attributable,YLL,absolute number,A,di_gee,25,150,140333.41306112,144286.466950166,148239.520839212
2015,us,nvss,A,All,All Origins,middle,1,attributable,YLL,absolute number,B,di_gee,25,150,137372.70317657,141242.356787178,145112.010397785
2015,us,nvss,A,All,All Origins,middle,1,attributable,YLL,absolute number,D,di_gee,25,150,130236.308201617,133904.936601662,137573.565001708
2015,us,nvss,A,All,All Origins,middle,1,attributable,YLL,age-adjusted rate,A,di_gee,25,150,290.031616905896,298.201521607471,306.371426309045
2015,us,nvss,A,All,All Origins,middle,1,attributable,YLL,age-adjusted rate,B,di_gee,25,150,283.912621748047,291.910160388837,299.907699029627
2015,us,nvss,A,All,All Origins,middle,1,attributable,YLL,age-adjusted rate,D,di_gee,25,150,269.163602763072,276.745676080341,284.327749397611
2015,us,nvss,A,All,All Origins,middle,1,attributable,YLL,crude rate,A,di_gee,25,150,427.982752104989,440.038604276961,452.094456448932
2015,us,nvss,A,All,All Origins,middle,1,attributable,YLL,crude rate,B,di_gee,25,150,418.953307606105,430.754809228813,442.55631085152
2015,us,nvss,A,All,All Origins,middle,1,attributable,YLL,crude rate,D,di_gee,25,150,397.189039960462,408.377463621321,419.565887282179
2015,us,nvss,A,All,All Origins,middle,2,attributable,Deaths,absolute number,A,di_gee,25,150,2745.40573713838,2822.74111001552,2900.07648289266
2015,us,nvss,A,All,All Origins,middle,2,attributable,Deaths,absolute number,B,di_gee,25,150,2730.63846365967,2807.5578570022,2884.47725034473
2015,us,nvss,A,All,All Origins,middle,2,attributable,Deaths,absolute number,D,di_gee,25,150,2676.06294245773,2751.44499717484,2826.82705189196
2015,us,nvss,A,All,All Origins,middle,2,attributable,Deaths,age-adjusted rate,A,di_gee,25,150,9.47611893542249,9.74305186318087,10.0099847909393
2015,us,nvss,A,All,All Origins,middle,2,attributable,Deaths,age-adjusted rate,B,di_gee,25,150,9.42514780283426,9.69064492404086,9.95614204524746
2015,us,nvss,A,All,All Origins,middle,2,attributable,Deaths,age-adjusted rate,D,di_gee,25,150,9.2367734132581,9.49696421363157,9.75715501400504
2015,us,nvss,A,All,All Origins,middle,2,attributable,Deaths,crude rate,A,di_gee,25,150,14.208043416357,14.6082699914657,15.0084965665743
2015,us,nvss,A,All,All Origins,middle,2,attributable,Deaths,crude rate,B,di_gee,25,150,14.1316197169787,14.5296935118231,14.9277673066676
2015,us,nvss,A,All,All Origins,middle,2,attributable,Deaths,crude rate,D,di_gee,25,150,13.8491800891239,14.2392978381133,14.6294155871027
2015,us,nvss,A,All,All Origins,middle,2,attributable,YLL,absolute number,A,di_gee,25,150,61751.718016522,63491.2030310719,65230.6880456218
2015,us,nvss,A,All,All Origins,middle,2,attributable,YLL,absolute number,B,di_gee,25,150,61419.5614629771,63149.689954892,64879.8184468068
2015,us,nvss,A,All,All Origins,middle,2,attributable,YLL,absolute number,D,di_gee,25,150,60192.0080451788,61887.5575675782,63583.1070899776
2015,us,nvss,A,All,All Origins,middle,2,attributable,YLL,age-adjusted rate,A,di_gee,25,150,207.523865282795,213.369607966818,219.21535065084
2015,us,nvss,A,All,All Origins,middle,2,attributable,YLL,age-adjusted rate,B,di_gee,25,150,206.40761436566,212.221913361876,218.036212358091
2015,us,nvss,A,All,All Origins,middle,2,attributable,YLL,age-adjusted rate,D,di_gee,25,150,202.282277641677,207.980369969611,213.678462297546
2015,us,nvss,A,All,All Origins,middle,2,attributable,YLL,crude rate,A,di_gee,25,150,319.577932960791,328.580128255461,337.582323550131
2015,us,nvss,A,All,All Origins,middle,2,attributable,YLL,crude rate,B,di_gee,25,150,317.858953988046,326.812727339822,335.766500691598
2015,us,nvss,A,All,All Origins,middle,2,attributable,YLL,crude rate,D,di_gee,25,150,311.506110756155,320.280930777455,329.055750798755
2015,us,nvss,A,All,All Origins,middle,3,attributable,Deaths,absolute number,A,di_gee,25,150,827.112022014819,850.41095221242,873.709882410021
2015,us,nvss,A,All,All Origins,middle,3,attributable,Deaths,absolute number,B,di_gee,25,150,825.926312287612,849.191842211207,872.457372134802
2015,us,nvss,A,All,All Origins,middle,3,attributable,Deaths,absolute number,D,di_gee,25,150,824.442667659279,847.666404776441,870.890141893604
2015,us,nvss,A,All,All Origins,middle,3,attributable,Deaths,age-adjusted rate,A,di_gee,25,150,5.5658012871237,5.72258442197225,5.87936755682081
2015,us,nvss,A,All,All Origins,middle,3,attributable,Deaths,age-adjusted rate,B,di_gee,25,150,5.55782241056261,5.71438078832494,5.87093916608727
2015,us,nvss,A,All,All Origins,middle,3,attributable,Deaths,age-adjusted rate,D,di_gee,25,150,5.54783867080038,5.70411581645672,5.86039296211307
2015,us,nvss,A,All,All Origins,middle,3,attributable,Deaths,crude rate,A,di_gee,25,150,8.75600315824284,9.00265113453137,9.2492991108199
2015,us,nvss,A,All,All Origins,middle,3,attributable,Deaths,crude rate,B,di_gee,25,150,8.74345095510729,8.98974534820891,9.23603974131052
2015,us,nvss,A,All,All Origins,middle,3,attributable,Deaths,crude rate,D,di_gee,25,150,8.72774474276165,8.97359670734648,9.21944867193132
2015,us,nvss,A,All,All Origins,middle,3,attributable,YLL,absolute number,A,di_gee,25,150,18873.2630488637,19404.9042615078,19936.5454741518
2015,us,nvss,A,All,All Origins,middle,3,attributable,YLL,absolute number,B,di_gee,25,150,18846.2072075925,19377.0862838627,19907.9653601329
2015,us,nvss,A,All,All Origins,middle,3,attributable,YLL,absolute number,D,di_gee,25,150,18812.3530081657,19342.2784450154,19872.2038818652
2015,us,nvss,A,All,All Origins,middle,3,attributable,YLL,age-adjusted rate,A,di_gee,25,150,125.346687362027,128.877579963774,132.408472565521
2015,us,nvss,A,All,All Origins,middle,3,attributable,YLL,age-adjusted rate,B,di_gee,25,150,125.166996120064,128.692826996685,132.218657873307
2015,us,nvss,A,All,All Origins,middle,3,attributable,YLL,age-adjusted rate,D,di_gee,25,150,124.942153614533,128.46165089945,131.981148184366
2015,us,nvss,A,All,All Origins,middle,3,attributable,YLL,crude rate,A,di_gee,25,150,199.796818887536,205.424898292819,211.052977698102
2015,us,nvss,A,All,All Origins,middle,3,attributable,YLL,crude rate,B,di_gee,25,150,199.51039936356,205.130410613238,210.750421862916
2015,us,nvss,A,All,All Origins,middle,3,attributable,YLL,crude rate,D,di_gee,25,150,199.152010814959,204.761926612564,210.371842410168
2015,us,nvss,A,All,All Origins,middle,666,attributable,Deaths,absolute number,A,di_gee,25,150,9851.81907801745,10129.3351083841,10406.8511387508
2015,us,nvss,A,All,All Origins,middle,666,attributable,Deaths,absolute number,B,di_gee,25,150,9701.52962171904,9974.81214627451,10248.09467083
2015,us,nvss,A,All,All Origins,middle,666,attributable,Deaths,absolute number,D,di_gee,25,150,9322.55889023645,9585.16618291917,9847.77347560189
2015,us,nvss,A,All,All Origins,middle,666,attributable,Deaths,age-adjusted rate,A,di_gee,25,150,10.9897210089341,11.2992906148195,11.608860220705
2015,us,nvss,A,All,All Origins,middle,666,attributable,Deaths,age-adjusted rate,B,di_gee,25,150,10.8220728637312,11.1269199866532,11.4317671095752
2015,us,nvss,A,All,All Origins,middle,666,attributable,Deaths,age-adjusted rate,D,di_gee,25,150,10.3993303654612,10.6922692489953,10.9852081325294
2015,us,nvss,A,All,All Origins,middle,666,attributable,Deaths,crude rate,A,di_gee,25,150,16.0039614236,16.4547772383493,16.9055930530986
2015,us,nvss,A,All,All Origins,middle,666,attributable,Deaths,crude rate,B,di_gee,25,150,15.7598210631319,16.2037596846286,16.6476983061253
2015,us,nvss,A,All,All Origins,middle,666,attributable,Deaths,crude rate,D,di_gee,25,150,15.1441953680911,15.5707924207134,15.9973894733357
2015,us,nvss,A,All,All Origins,middle,666,attributable,YLL,absolute number,A,di_gee,25,150,222215.297173248,228474.883009114,234734.46884498
2015,us,nvss,A,All,All Origins,middle,666,attributable,YLL,absolute number,B,di_gee,25,150,218825.403801385,224989.499683115,231153.595564844
2015,us,nvss,A,All,All Origins,middle,666,attributable,YLL,absolute number,D,di_gee,25,150,210277.42976233,216200.737642959,222124.045523588
2015,us,nvss,A,All,All Origins,middle,666,attributable,YLL,age-adjusted rate,A,di_gee,25,150,238.190443191025,244.900033140068,251.609623089111
2015,us,nvss,A,All,All Origins,middle,666,attributable,YLL,age-adjusted rate,B,di_gee,25,150,234.556849037582,241.164084221739,247.771319405897
2015,us,nvss,A,All,All Origins,middle,666,attributable,YLL,age-adjusted rate,D,di_gee,25,150,225.394357748062,231.743494586036,238.092631424009
2015,us,nvss,A,All,All Origins,middle,666,attributable,YLL,crude rate,A,di_gee,25,150,360.981562443607,371.150057160328,381.31855187705
2015,us,nvss,A,All,All Origins,middle,666,attributable,YLL,crude rate,B,di_gee,25,150,355.474790311093,365.488164686053,375.501539061013
2015,us,nvss,A,All,All Origins,middle,666,attributable,YLL,crude rate,D,di_gee,25,150,341.588882978889,351.211105034633,360.833327090376
2015,us,nvss,A,American Indian or Alaska Native,All Origins,666,1,attributable,Deaths,absolute number,A,di_gee,25,150,149.649566567776,89.7897399406653,209.509393194885
2015,us,nvss,A,American Indian or Alaska Native,All Origins,666,1,attributable,Deaths,absolute number,B,di_gee,25,150,145.028953132665,87.0173718795992,203.040534385731
2015,us,nvss,A,American Indian or Alaska Native,All Origins,666,1,attributable,Deaths,absolute number,D,di_gee,25,150,135.013587565398,81.0081525392387,189.019022591557
2015,us,nvss,A,American Indian or Alaska Native,All Origins,666,1,attributable,Deaths,age-adjusted rate,A,di_gee,25,150,26.023121856458,15.6138731138748,36.4323705990411
2015,us,nvss,A,American Indian or Alaska Native,All Origins,666,1,attributable,Deaths,age-adjusted rate,B,di_gee,25,150,25.2196261348783,15.131775680927,35.3074765888295
2015,us,nvss,A,American Indian or Alaska Native,All Origins,666,1,attributable,Deaths,age-adjusted rate,D,di_gee,25,150,23.4780168233943,14.0868100940366,32.869223552752
2015,us,nvss,A,American Indian or Alaska Native,All Origins,666,1,attributable,Deaths,crude rate,A,di_gee,25,150,29.5783451036531,17.7470070621919,41.4096831451143
2015,us,nvss,A,American Indian or Alaska Native,All Origins,666,1,attributable,Deaths,crude rate,B,di_gee,25,150,28.6650775151875,17.1990465091125,40.1311085212625
2015,us,nvss,A,American Indian or Alaska Native,All Origins,666,1,attributable,Deaths,crude rate,D,di_gee,25,150,26.6855332646954,16.0113199588172,37.3597465705735
2015,us,nvss,A,American Indian or Alaska Native,All Origins,666,1,attributable,YLL,absolute number,A,di_gee,25,150,4184.37048873103,2510.62229323862,5858.11868422343
2015,us,nvss,A,American Indian or Alaska Native,All Origins,666,1,attributable,YLL,absolute number,B,di_gee,25,150,4055.17293112265,2433.10375867359,5677.2421035717
2015,us,nvss,A,American Indian or Alaska Native,All Origins,666,1,attributable,YLL,absolute number,D,di_gee,25,150,3775.1320257282,2265.07921543692,5285.18483601946
2015,us,nvss,A,American Indian or Alaska Native,All Origins,666,1,attributable,YLL,age-adjusted rate,A,di_gee,25,150,601.146249189902,360.687749513941,841.604748865861
2015,us,nvss,A,American Indian or Alaska Native,All Origins,666,1,attributable,YLL,age-adjusted rate,B,di_gee,25,150,582.585123359878,349.551074015927,815.619172703828
2015,us,nvss,A,American Indian or Alaska Native,All Origins,666,1,attributable,YLL,age-adjusted rate,D,di_gee,25,150,542.353136170648,325.411881702389,759.294390638906
2015,us,nvss,A,American Indian or Alaska Native,All Origins,666,1,attributable,YLL,crude rate,A,di_gee,25,150,827.043854491717,496.22631269503,1157.8613962884
2015,us,nvss,A,American Indian or Alaska Native,All Origins,666,1,attributable,YLL,crude rate,B,di_gee,25,150,801.507863755927,480.904718253556,1122.1110092583
2015,us,nvss,A,American Indian or Alaska Native,All Origins,666,1,attributable,YLL,crude rate,D,di_gee,25,150,746.157576194986,447.694545716991,1044.62060667298
2015,us,nvss,A,American Indian or Alaska Native,All Origins,666,2,attributable,Deaths,absolute number,A,di_gee,25,150,110.609753344708,66.3658520068249,154.853654682591
2015,us,nvss,A,American Indian or Alaska Native,All Origins,666,2,attributable,Deaths,absolute number,B,di_gee,25,150,108.816415643789,65.2898493862734,152.342981901304
2015,us,nvss,A,American Indian or Alaska Native,All Origins,666,2,attributable,Deaths,absolute number,D,di_gee,25,150,105.231474023043,63.1388844138257,147.32406363226
2015,us,nvss,A,American Indian or Alaska Native,All Origins,666,2,attributable,Deaths,age-adjusted rate,A,di_gee,25,150,19.5000623802911,11.7000374281747,27.3000873324076
2015,us,nvss,A,American Indian or Alaska Native,All Origins,666,2,attributable,Deaths,age-adjusted rate,B,di_gee,25,150,19.1839040309648,11.5103424185789,26.8574656433507
2015,us,nvss,A,American Indian or Alaska Native,All Origins,666,2,attributable,Deaths,age-adjusted rate,D,di_gee,25,150,18.5518929910668,11.1311357946401,25.9726501874935
2015,us,nvss,A,American Indian or Alaska Native,All Origins,666,2,attributable,Deaths,crude rate,A,di_gee,25,150,22.8678543418646,13.7207126051187,32.0149960786104
2015,us,nvss,A,American Indian or Alaska Native,All Origins,666,2,attributable,Deaths,crude rate,B,di_gee,25,150,22.4970933186247,13.4982559911748,31.4959306460745
2015,us,nvss,A,American Indian or Alaska Native,All Origins,666,2,attributable,Deaths,crude rate,D,di_gee,25,150,21.7559297202228,13.0535578321337,30.4583016083119
2015,us,nvss,A,American Indian or Alaska Native,All Origins,666,2,attributable,YLL,absolute number,A,di_gee,25,150,3174.99186826493,1904.99512095895,4444.98861557089
2015,us,nvss,A,American Indian or Alaska Native,All Origins,666,2,attributable,YLL,absolute number,B,di_gee,25,150,3123.5151002106,1874.10906012636,4372.92114029484
2015,us,nvss,A,American Indian or Alaska Native,All Origins,666,2,attributable,YLL,absolute number,D,di_gee,25,150,3020.61133133046,1812.36679879828,4228.85586386264
2015,us,nvss,A,American Indian or Alaska Native,All Origins,666,2,attributable,YLL,age-adjusted rate,A,di_gee,25,150,466.542075763581,279.925245458149,653.158906069013
2015,us,nvss,A,American Indian or Alaska Native,All Origins,666,2,attributable,YLL,age-adjusted rate,B,di_gee,25,150,458.977937265555,275.386762359333,642.569112171776
2015,us,nvss,A,American Indian or Alaska Native,All Origins,666,2,attributable,YLL,age-adjusted rate,D,di_gee,25,150,443.856973203536,266.314183922121,621.399762484949
2015,us,nvss,A,American Indian or Alaska Native,All Origins,666,2,attributable,YLL,crude rate,A,di_gee,25,150,656.40912654255,393.84547592553,918.972777159569
2015,us,nvss,A,American Indian or Alaska Native,All Origins,666,2,attributable,YLL,crude rate,B,di_gee,25,150,645.766636181075,387.459981708645,904.073290653503
2015,us,nvss,A,American Indian or Alaska Native,All Origins,666,2,attributable,YLL,crude rate,D,di_gee,25,150,624.491944512191,374.695166707315,874.288722317066
2015,us,nvss,A,American Indian or Alaska Native,All Origins,666,3,attributable,Deaths,absolute number,A,di_gee,25,150,48.5746316376097,29.1447789825658,68.0044842926535
2015,us,nvss,A,American Indian or Alaska Native,All Origins,666,3,attributable,Deaths,absolute number,B,di_gee,25,150,47.1939577185753,28.3163746311452,66.0715408060053
2015,us,nvss,A,American Indian or Alaska Native,All Origins,666,3,attributable,Deaths,absolute number,D,di_gee,25,150,46.3743142902158,27.8245885741295,64.924040006302
2015,us,nvss,A,American Indian or Alaska Native,All Origins,666,3,attributable,Deaths,age-adjusted rate,A,di_gee,25,150,6.62625206490131,3.97575123894078,9.27675289086181
2015,us,nvss,A,American Indian or Alaska Native,All Origins,666,3,attributable,Deaths,age-adjusted rate,B,di_gee,25,150,6.43790903277683,3.8627454196661,9.01307264588755
2015,us,nvss,A,American Indian or Alaska Native,All Origins,666,3,attributable,Deaths,age-adjusted rate,D,di_gee,25,150,6.32609832466547,3.79565899479928,8.85653765453164
2015,us,nvss,A,American Indian or Alaska Native,All Origins,666,3,attributable,Deaths,crude rate,A,di_gee,25,150,8.72782659525212,5.23669595715127,12.2189572333529
2015,us,nvss,A,American Indian or Alaska Native,All Origins,666,3,attributable,Deaths,crude rate,B,di_gee,25,150,8.47974890235636,5.08784934141382,11.8716484632989
2015,us,nvss,A,American Indian or Alaska Native,All Origins,666,3,attributable,Deaths,crude rate,D,di_gee,25,150,8.33247643787265,4.99948586272359,11.6654670130217
2015,us,nvss,A,American Indian or Alaska Native,All Origins,666,3,attributable,YLL,absolute number,A,di_gee,25,150,1400.17615792141,840.105694752846,1960.24662108997
2015,us,nvss,A,American Indian or Alaska Native,All Origins,666,3,attributable,YLL,absolute number,B,di_gee,25,150,1360.37787972306,816.226727833837,1904.52903161228
2015,us,nvss,A,American Indian or Alaska Native,All Origins,666,3,attributable,YLL,absolute number,D,di_gee,25,150,1336.75144864793,802.050869188758,1871.4520281071
2015,us,nvss,A,American Indian or Alaska Native,All Origins,666,3,attributable,YLL,age-adjusted rate,A,di_gee,25,150,169.768205442161,101.860923265296,237.675487619025
2015,us,nvss,A,American Indian or Alaska Native,All Origins,666,3,attributable,YLL,age-adjusted rate,B,di_gee,25,150,164.942753850804,98.9656523104825,230.919855391125
2015,us,nvss,A,American Indian or Alaska Native,All Origins,666,3,attributable,YLL,age-adjusted rate,D,di_gee,25,150,162.078102298258,97.2468613789546,226.90934321756
2015,us,nvss,A,American Indian or Alaska Native,All Origins,666,3,attributable,YLL,crude rate,A,di_gee,25,150,251.581829797809,150.949097878686,352.214561716933
2015,us,nvss,A,American Indian or Alaska Native,All Origins,666,3,attributable,YLL,crude rate,B,di_gee,25,150,244.43092696655,146.65855617993,342.203297753169
2015,us,nvss,A,American Indian or Alaska Native,All Origins,666,3,attributable,YLL,crude rate,D,di_gee,25,150,240.185760579559,144.111456347735,336.260064811382
2015,us,nvss,A,American Indian or Alaska Native,All Origins,666,666,attributable,Deaths,absolute number,A,di_gee,25,150,348.42086552738,209.052519316428,487.789211738332
2015,us,nvss,A,American Indian or Alaska Native,All Origins,666,666,attributable,Deaths,absolute number,B,di_gee,25,150,339.265878296028,203.559526977617,474.972229614439
2015,us,nvss,A,American Indian or Alaska Native,All Origins,666,666,attributable,Deaths,absolute number,D,di_gee,25,150,321.551665872057,192.930999523234,450.17233222088
2015,us,nvss,A,American Indian or Alaska Native,All Origins,666,666,attributable,Deaths,age-adjusted rate,A,di_gee,25,150,11.2402549945889,6.74415299675332,15.7363569924244
2015,us,nvss,A,American Indian or Alaska Native,All Origins,666,666,attributable,Deaths,age-adjusted rate,B,di_gee,25,150,10.9449099072708,6.56694594436251,15.3228738701792
2015,us,nvss,A,American Indian or Alaska Native,All Origins,666,666,attributable,Deaths,age-adjusted rate,D,di_gee,25,150,10.3734393543453,6.22406361260715,14.5228150960833
2015,us,nvss,A,American Indian or Alaska Native,All Origins,666,666,attributable,Deaths,crude rate,A,di_gee,25,150,13.1511978433697,7.89071870602183,18.4116769807176
2015,us,nvss,A,American Indian or Alaska Native,All Origins,666,666,attributable,Deaths,crude rate,B,di_gee,25,150,12.8056414767876,7.68338488607257,17.9278980675026
2015,us,nvss,A,American Indian or Alaska Native,All Origins,666,666,attributable,Deaths,crude rate,D,di_gee,25,150,12.1370158711583,7.28220952269501,16.9918222196217
2015,us,nvss,A,American Indian or Alaska Native,All Origins,666,666,attributable,YLL,absolute number,A,di_gee,25,150,9957.06183358588,5974.23710015153,13939.8865670202
2015,us,nvss,A,American Indian or Alaska Native,All Origins,666,666,attributable,YLL,absolute number,B,di_gee,25,150,9695.43348991512,5817.26009394907,13573.6068858811
2015,us,nvss,A,American Indian or Alaska Native,All Origins,666,666,attributable,YLL,absolute number,D,di_gee,25,150,9189.20230260727,5513.52138156437,12864.8832236502
2015,us,nvss,A,American Indian or Alaska Native,All Origins,666,666,attributable,YLL,age-adjusted rate,A,di_gee,25,150,271.742865746046,163.045719447627,380.440012044463
2015,us,nvss,A,American Indian or Alaska Native,All Origins,666,666,attributable,YLL,age-adjusted rate,B,di_gee,25,150,264.602643353364,158.761586012018,370.443700694709
2015,us,nvss,A,American Indian or Alaska Native,All Origins,666,666,attributable,YLL,age-adjusted rate,D,di_gee,25,150,250.786849510944,150.472109706566,351.10158931532
2015,us,nvss,A,American Indian or Alaska Native,All Origins,666,666,attributable,YLL,crude rate,A,di_gee,25,150,375.830792779726,225.498475667836,526.163109891615
2015,us,nvss,A,American Indian or Alaska Native,All Origins,666,666,attributable,YLL,crude rate,B,di_gee,25,150,365.95559169543,219.573355017258,512.337828373601
2015,us,nvss,A,American Indian or Alaska Native,All Origins,666,666,attributable,YLL,crude rate,D,di_gee,25,150,346.847819579967,208.10869174798,485.586947411953
2015,us,nvss,A,Asian or Pacific Islander,All Origins,666,1,attributable,Deaths,absolute number,A,di_gee,25,150,1956.81953326084,1528.76526036003,2384.87380616165
2015,us,nvss,A,Asian or Pacific Islander,All Origins,666,1,attributable,Deaths,absolute number,B,di_gee,25,150,1873.16298010946,1463.40857821051,2282.9173820084
2015,us,nvss,A,Asian or Pacific Islander,All Origins,666,1,attributable,Deaths,absolute number,D,di_gee,25,150,1710.41521822202,1336.26188923595,2084.56854720809
2015,us,nvss,A,Asian or Pacific Islander,All Origins,666,1,attributable,Deaths,age-adjusted rate,A,di_gee,25,150,18.2987138419904,14.295870189055,22.3015574949257
2015,us,nvss,A,Asian or Pacific Islander,All Origins,666,1,attributable,Deaths,age-adjusted rate,B,di_gee,25,150,17.5164202778141,13.6847033420422,21.3481372135859
2015,us,nvss,A,Asian or Pacific Islander,All Origins,666,1,attributable,Deaths,age-adjusted rate,D,di_gee,25,150,15.9945248385142,12.4957225300892,19.4933271469392
2015,us,nvss,A,Asian or Pacific Islander,All Origins,666,1,attributable,Deaths,crude rate,A,di_gee,25,150,21.299406862512,16.6401616113375,25.9586521136865
2015,us,nvss,A,Asian or Pacific Islander,All Origins,666,1,attributable,Deaths,crude rate,B,di_gee,25,150,20.3888298103107,15.9287732893052,24.8488863313161
2015,us,nvss,A,Asian or Pacific Islander,All Origins,666,1,attributable,Deaths,crude rate,D,di_gee,25,150,18.617368141269,14.5448188603664,22.6899174221715
2015,us,nvss,A,Asian or Pacific Islander,All Origins,666,1,attributable,YLL,absolute number,A,di_gee,25,150,40360.9681608108,31532.0063756334,49189.9299459882
2015,us,nvss,A,Asian or Pacific Islander,All Origins,666,1,attributable,YLL,absolute number,B,di_gee,25,150,38635.484834017,30183.9725265757,47086.9971414582
2015,us,nvss,A,Asian or Pacific Islander,All Origins,666,1,attributable,YLL,absolute number,D,di_gee,25,150,35278.6820608783,27561.4703600611,42995.8937616954
2015,us,nvss,A,Asian or Pacific Islander,All Origins,666,1,attributable,YLL,age-adjusted rate,A,di_gee,25,150,332.791594519831,259.993433218618,405.589755821044
2015,us,nvss,A,Asian or Pacific Islander,All Origins,666,1,attributable,YLL,age-adjusted rate,B,di_gee,25,150,318.564325606132,248.87837937979,388.250271832473
2015,us,nvss,A,Asian or Pacific Islander,All Origins,666,1,attributable,YLL,age-adjusted rate,D,di_gee,25,150,290.886204929976,227.254847601543,354.517562258407
2015,us,nvss,A,Asian or Pacific Islander,All Origins,666,1,attributable,YLL,crude rate,A,di_gee,25,150,439.31730423268,343.216643931781,535.417964533578
2015,us,nvss,A,Asian or Pacific Islander,All Origins,666,1,attributable,YLL,crude rate,B,di_gee,25,150,420.535924147711,328.543690740399,512.528157555023
2015,us,nvss,A,Asian or Pacific Islander,All Origins,666,1,attributable,YLL,crude rate,D,di_gee,25,150,383.998110206767,299.998523599036,467.997696814497
2015,us,nvss,A,Asian or Pacific Islander,All Origins,666,2,attributable,Deaths,absolute number,A,di_gee,25,150,306.572180538087,239.50951604538,373.634845030793
2015,us,nvss,A,Asian or Pacific Islander,All Origins,666,2,attributable,Deaths,absolute number,B,di_gee,25,150,303.131780594554,236.821703589495,369.441857599612
2015,us,nvss,A,Asian or Pacific Islander,All Origins,666,2,attributable,Deaths,absolute number,D,di_gee,25,150,290.18114913116,226.704022758719,353.658275503601
2015,us,nvss,A,Asian or Pacific Islander,All Origins,666,2,attributable,Deaths,age-adjusted rate,A,di_gee,25,150,11.0856377207056,8.66065446930125,13.51062097211
2015,us,nvss,A,Asian or Pacific Islander,All Origins,666,2,attributable,Deaths,age-adjusted rate,B,di_gee,25,150,10.9612329970891,8.56346327897587,13.3590027152024
2015,us,nvss,A,Asian or Pacific Islander,All Origins,666,2,attributable,Deaths,age-adjusted rate,D,di_gee,25,150,10.4929386841297,8.19760834697633,12.7882690212831
2015,us,nvss,A,Asian or Pacific Islander,All Origins,666,2,attributable,Deaths,crude rate,A,di_gee,25,150,14.9505762316002,11.6801376809377,18.2210147822628
2015,us,nvss,A,Asian or Pacific Islander,All Origins,666,2,attributable,Deaths,crude rate,B,di_gee,25,150,14.782798576326,11.5490613877547,18.0165357648973
2015,us,nvss,A,Asian or Pacific Islander,All Origins,666,2,attributable,Deaths,crude rate,D,di_gee,25,150,14.151236369341,11.0556534135477,17.2468193251344
2015,us,nvss,A,Asian or Pacific Islander,All Origins,666,2,attributable,YLL,absolute number,A,di_gee,25,150,6311.55480642113,4930.9021925165,7692.20742032574
2015,us,nvss,A,Asian or Pacific Islander,All Origins,666,2,attributable,YLL,absolute number,B,di_gee,25,150,6240.72557213931,4875.56685323383,7605.88429104478
2015,us,nvss,A,Asian or Pacific Islander,All Origins,666,2,attributable,YLL,absolute number,D,di_gee,25,150,5974.10444521415,4667.26909782355,7280.93979260474
2015,us,nvss,A,Asian or Pacific Islander,All Origins,666,2,attributable,YLL,age-adjusted rate,A,di_gee,25,150,214.707701611129,167.740391883695,261.675011338564
2015,us,nvss,A,Asian or Pacific Islander,All Origins,666,2,attributable,YLL,age-adjusted rate,B,di_gee,25,150,212.298218913767,165.857983526381,258.738454301154
2015,us,nvss,A,Asian or Pacific Islander,All Origins,666,2,attributable,YLL,age-adjusted rate,D,di_gee,25,150,203.22824945001,158.77206988282,247.684429017199
2015,us,nvss,A,Asian or Pacific Islander,All Origins,666,2,attributable,YLL,crude rate,A,di_gee,25,150,307.79499009891,240.464836014773,375.125144183047
2015,us,nvss,A,Asian or Pacific Islander,All Origins,666,2,attributable,YLL,crude rate,B,di_gee,25,150,304.340867599284,237.76630281194,370.915432386627
2015,us,nvss,A,Asian or Pacific Islander,All Origins,666,2,attributable,YLL,crude rate,D,di_gee,25,150,291.338580581416,227.608266079231,355.068895083601
2015,us,nvss,A,Asian or Pacific Islander,All Origins,666,3,attributable,Deaths,absolute number,A,di_gee,25,150,24.8212398812058,19.391593657192,30.2508861052196
2015,us,nvss,A,Asian or Pacific Islander,All Origins,666,3,attributable,Deaths,absolute number,B,di_gee,25,150,24.7455899010852,19.3324921102228,30.1586876919476
2015,us,nvss,A,Asian or Pacific Islander,All Origins,666,3,attributable,Deaths,absolute number,D,di_gee,25,150,24.6691269202859,19.2727554064733,30.0654984340984
2015,us,nvss,A,Asian or Pacific Islander,All Origins,666,3,attributable,Deaths,age-adjusted rate,A,di_gee,25,150,6.07880732148412,4.74906821990946,7.40854642305877
2015,us,nvss,A,Asian or Pacific Islander,All Origins,666,3,attributable,Deaths,age-adjusted rate,B,di_gee,25,150,6.06028038023428,4.73459404705803,7.38596671341052
2015,us,nvss,A,Asian or Pacific Islander,All Origins,666,3,attributable,Deaths,age-adjusted rate,D,di_gee,25,150,6.04155433231202,4.71996432211876,7.36314434250527
2015,us,nvss,A,Asian or Pacific Islander,All Origins,666,3,attributable,Deaths,crude rate,A,di_gee,25,150,8.00847910420693,6.25662430016165,9.76033390825218
2015,us,nvss,A,Asian or Pacific Islander,All Origins,666,3,attributable,Deaths,crude rate,B,di_gee,25,150,7.98407092444116,6.23755540971965,9.73058643916266
2015,us,nvss,A,Asian or Pacific Islander,All Origins,666,3,attributable,Deaths,crude rate,D,di_gee,25,150,7.95940043308346,6.21828158834645,9.70051927782046
2015,us,nvss,A,Asian or Pacific Islander,All Origins,666,3,attributable,YLL,absolute number,A,di_gee,25,150,540.044698713132,421.909920869634,658.179476556629
2015,us,nvss,A,Asian or Pacific Islander,All Origins,666,3,attributable,YLL,absolute number,B,di_gee,25,150,538.398754718496,420.624027123824,656.173482313166
2015,us,nvss,A,Asian or Pacific Islander,All Origins,666,3,attributable,YLL,absolute number,D,di_gee,25,150,536.735121973875,419.324314042089,654.145929905659
2015,us,nvss,A,Asian or Pacific Islander,All Origins,666,3,attributable,YLL,age-adjusted rate,A,di_gee,25,150,122.419211063761,95.6400086435631,149.198413483958
2015,us,nvss,A,Asian or Pacific Islander,All Origins,666,3,attributable,YLL,age-adjusted rate,B,di_gee,25,150,122.046102752988,95.3485177757721,148.743687730205
2015,us,nvss,A,Asian or Pacific Islander,All Origins,666,3,attributable,YLL,age-adjusted rate,D,di_gee,25,150,121.668984694832,95.0538942928374,148.284075096826
2015,us,nvss,A,Asian or Pacific Islander,All Origins,666,3,attributable,YLL,crude rate,A,di_gee,25,150,174.243378077846,136.127639123317,212.359117032374
2015,us,nvss,A,Asian or Pacific Islander,All Origins,666,3,attributable,YLL,crude rate,B,di_gee,25,150,173.712320477547,135.712750373084,211.711890582011
2015,us,nvss,A,Asian or Pacific Islander,All Origins,666,3,attributable,YLL,crude rate,D,di_gee,25,150,173.175555669015,135.293402866418,211.057708471612
2015,us,nvss,A,Asian or Pacific Islander,All Origins,666,666,attributable,Deaths,absolute number,A,di_gee,25,150,2358.47171980356,1842.55603109653,2874.38740851059
2015,us,nvss,A,Asian or Pacific Islander,All Origins,666,666,attributable,Deaths,absolute number,B,di_gee,25,150,2266.17254928665,1770.4473041302,2761.89779444311
2015,us,nvss,A,Asian or Pacific Islander,All Origins,666,666,attributable,Deaths,absolute number,D,di_gee,25,150,2081.62251492335,1626.26758978387,2536.97744006283
2015,us,nvss,A,Asian or Pacific Islander,All Origins,666,666,attributable,Deaths,age-adjusted rate,A,di_gee,25,150,14.1513353714839,11.0557307589718,17.246939983996
2015,us,nvss,A,Asian or Pacific Islander,All Origins,666,666,attributable,Deaths,age-adjusted rate,B,di_gee,25,150,13.5975205830652,10.6230629555196,16.5719782106107
2015,us,nvss,A,Asian or Pacific Islander,All Origins,666,666,attributable,Deaths,age-adjusted rate,D,di_gee,25,150,12.4901808565954,9.75795379421513,15.2224079189756
2015,us,nvss,A,Asian or Pacific Islander,All Origins,666,666,attributable,Deaths,crude rate,A,di_gee,25,150,17.6259995302434,13.7703121330027,21.4816869274842
2015,us,nvss,A,Asian or Pacific Islander,All Origins,666,666,attributable,Deaths,crude rate,B,di_gee,25,150,16.9362032004794,13.2314087503745,20.6409976505842
2015,us,nvss,A,Asian or Pacific Islander,All Origins,666,666,attributable,Deaths,crude rate,D,di_gee,25,150,15.5569715600572,12.1538840312947,18.9600590888197
2015,us,nvss,A,Asian or Pacific Islander,All Origins,666,666,attributable,YLL,absolute number,A,di_gee,25,150,48720.7795348748,38063.1090116209,59378.4500581286
2015,us,nvss,A,Asian or Pacific Islander,All Origins,666,666,attributable,YLL,absolute number,B,di_gee,25,150,46814.0839827312,36573.5031115087,57054.6648539536
2015,us,nvss,A,Asian or Pacific Islander,All Origins,666,666,attributable,YLL,absolute number,D,di_gee,25,150,43001.690786803,33595.0709271898,52408.3106464161
2015,us,nvss,A,Asian or Pacific Islander,All Origins,666,666,attributable,YLL,age-adjusted rate,A,di_gee,25,150,265.875982608002,207.715611412501,324.036353803502
2015,us,nvss,A,Asian or Pacific Islander,All Origins,666,666,attributable,YLL,age-adjusted rate,B,di_gee,25,150,255.470883217143,199.586627513393,311.355138920893
2015,us,nvss,A,Asian or Pacific Islander,All Origins,666,666,attributable,YLL,age-adjusted rate,D,di_gee,25,150,234.66613015834,183.332914186203,285.999346130477
2015,us,nvss,A,Asian or Pacific Islander,All Origins,666,666,attributable,YLL,crude rate,A,di_gee,25,150,364.113942933488,284.464017916787,443.763867950188
2015,us,nvss,A,Asian or Pacific Islander,All Origins,666,666,attributable,YLL,crude rate,B,di_gee,25,150,349.864285146961,273.331472771063,426.397097522859
2015,us,nvss,A,Asian or Pacific Islander,All Origins,666,666,attributable,YLL,crude rate,D,di_gee,25,150,321.372427425585,251.072208926238,391.672645924931
2015,us,nvss,A,Black or African American,All Origins,666,1,attributable,Deaths,absolute number,A,di_gee,25,150,16384.8136124924,15675.8553311827,17093.7718938022
2015,us,nvss,A,Black or African American,All Origins,666,1,attributable,Deaths,absolute number,B,di_gee,25,150,16211.0570621525,15509.6170931171,16912.497031188
2015,us,nvss,A,Black or African American,All Origins,666,1,attributable,Deaths,absolute number,D,di_gee,25,150,15623.8838290655,14947.8503941541,16299.917263977
2015,us,nvss,A,Black or African American,All Origins,666,1,attributable,Deaths,age-adjusted rate,A,di_gee,25,150,75.0257522687693,71.7794456802168,78.2720588573218
2015,us,nvss,A,Black or African American,All Origins,666,1,attributable,Deaths,age-adjusted rate,B,di_gee,25,150,74.2301243044121,71.0182439258559,77.4420046829685
2015,us,nvss,A,Black or African American,All Origins,666,1,attributable,Deaths,age-adjusted rate,D,di_gee,25,150,71.5414691529829,68.4459248146327,74.6370134913331
2015,us,nvss,A,Black or African American,All Origins,666,1,attributable,Deaths,crude rate,A,di_gee,25,150,100.048211833829,95.719202667942,104.377220999716
2015,us,nvss,A,Black or African American,All Origins,666,1,attributable,Deaths,crude rate,B,di_gee,25,150,98.9872274023264,94.7041262166488,103.270328588004
2015,us,nvss,A,Black or African American,All Origins,666,1,attributable,Deaths,crude rate,D,di_gee,25,150,95.401856619576,91.2738916696906,99.5298215694616
2015,us,nvss,A,Black or African American,All Origins,666,1,attributable,YLL,absolute number,A,di_gee,25,150,413474.496791564,395583.773372698,431365.22021043
2015,us,nvss,A,Black or African American,All Origins,666,1,attributable,YLL,absolute number,B,di_gee,25,150,409089.710738138,391388.713638892,426790.707837385
2015,us,nvss,A,Black or African American,All Origins,666,1,attributable,YLL,absolute number,D,di_gee,25,150,394272.26070044,377212.403266286,411332.118134593
2015,us,nvss,A,Black or African American,All Origins,666,1,attributable,YLL,age-adjusted rate,A,di_gee,25,150,1710.44549798691,1636.43583701632,1784.4551589575
2015,us,nvss,A,Black or African American,All Origins,666,1,attributable,YLL,age-adjusted rate,B,di_gee,25,150,1692.30668259947,1619.08187421776,1765.53149098117
2015,us,nvss,A,Black or African American,All Origins,666,1,attributable,YLL,age-adjusted rate,D,di_gee,25,150,1631.01042151131,1560.43785519592,1701.58298782671
2015,us,nvss,A,Black or African American,All Origins,666,1,attributable,YLL,crude rate,A,di_gee,25,150,2524.73937276577,2415.4958422134,2633.98290331813
2015,us,nvss,A,Black or African American,All Origins,666,1,attributable,YLL,crude rate,B,di_gee,25,150,2497.9651894095,2389.88015717543,2606.05022164357
2015,us,nvss,A,Black or African American,All Origins,666,1,attributable,YLL,crude rate,D,di_gee,25,150,2407.48754253053,2303.31740847873,2511.65767658233
2015,us,nvss,A,Black or African American,All Origins,666,2,attributable,Deaths,absolute number,A,di_gee,25,150,5052.61190281805,4833.98927240766,5271.23453322845
2015,us,nvss,A,Black or African American,All Origins,666,2,attributable,Deaths,absolute number,B,di_gee,25,150,5042.42969063913,4824.24763671725,5260.61174456102
2015,us,nvss,A,Black or African American,All Origins,666,2,attributable,Deaths,absolute number,D,di_gee,25,150,4977.35801658213,4761.99156394156,5192.72446922271
2015,us,nvss,A,Black or African American,All Origins,666,2,attributable,Deaths,age-adjusted rate,A,di_gee,25,150,64.2602921081179,61.4797986995936,67.0407855166423
2015,us,nvss,A,Black or African American,All Origins,666,2,attributable,Deaths,age-adjusted rate,B,di_gee,25,150,64.1307923678827,61.3559023135032,66.9056824222623
2015,us,nvss,A,Black or African American,All Origins,666,2,attributable,Deaths,age-adjusted rate,D,di_gee,25,150,63.3031956984186,60.564115115314,66.0422762815233
2015,us,nvss,A,Black or African American,All Origins,666,2,attributable,Deaths,crude rate,A,di_gee,25,150,85.2925609791259,81.6020174752215,88.9831044830305
2015,us,nvss,A,Black or African American,All Origins,666,2,attributable,Deaths,crude rate,B,di_gee,25,150,85.1206762252844,81.4375700424596,88.8037824081092
2015,us,nvss,A,Black or African American,All Origins,666,2,attributable,Deaths,crude rate,D,di_gee,25,150,84.0222087723567,80.3866324312452,87.6577851134684
2015,us,nvss,A,Black or African American,All Origins,666,2,attributable,YLL,absolute number,A,di_gee,25,150,129083.581777359,123498.234488915,134668.929065802
2015,us,nvss,A,Black or African American,All Origins,666,2,attributable,YLL,absolute number,B,di_gee,25,150,128823.44772318,123249.356235158,134397.539211202
2015,us,nvss,A,Black or African American,All Origins,666,2,attributable,YLL,absolute number,D,di_gee,25,150,127161.003640578,121658.844829207,132663.162451949
2015,us,nvss,A,Black or African American,All Origins,666,2,attributable,YLL,age-adjusted rate,A,di_gee,25,150,1478.47195974848,1414.49961533629,1542.44430416068
2015,us,nvss,A,Black or African American,All Origins,666,2,attributable,YLL,age-adjusted rate,B,di_gee,25,150,1475.49248784676,1411.64906289186,1539.33591280167
2015,us,nvss,A,Black or African American,All Origins,666,2,attributable,YLL,age-adjusted rate,D,di_gee,25,150,1456.45151511472,1393.43197840303,1519.47105182642
2015,us,nvss,A,Black or African American,All Origins,666,2,attributable,YLL,crude rate,A,di_gee,25,150,2179.04511209513,2084.75950628333,2273.33071790694
2015,us,nvss,A,Black or African American,All Origins,666,2,attributable,YLL,crude rate,B,di_gee,25,150,2174.65381901632,2080.55822107811,2268.74941695453
2015,us,nvss,A,Black or African American,All Origins,666,2,attributable,YLL,crude rate,D,di_gee,25,150,2146.59029147511,2053.70898078629,2239.47160216394
2015,us,nvss,A,Black or African American,All Origins,666,3,attributable,Deaths,absolute number,A,di_gee,25,150,1813.47137827625,1735.00386671622,1891.93888983628
2015,us,nvss,A,Black or African American,All Origins,666,3,attributable,Deaths,absolute number,B,di_gee,25,150,1813.43890308478,1734.9727967013,1891.90500946825
2015,us,nvss,A,Black or African American,All Origins,666,3,attributable,Deaths,absolute number,D,di_gee,25,150,1811.83925277298,1733.44236202799,1890.23614351796
2015,us,nvss,A,Black or African American,All Origins,666,3,attributable,Deaths,age-adjusted rate,A,di_gee,25,150,50.6852807030273,48.4921675956848,52.8783938103698
2015,us,nvss,A,Black or African American,All Origins,666,3,attributable,Deaths,age-adjusted rate,B,di_gee,25,150,50.6843730437085,48.4912992100866,52.8774468773306
2015,us,nvss,A,Black or African American,All Origins,666,3,attributable,Deaths,age-adjusted rate,D,di_gee,25,150,50.6396639150995,48.4485246110808,52.8308032191182
2015,us,nvss,A,Black or African American,All Origins,666,3,attributable,Deaths,crude rate,A,di_gee,25,150,75.9074136061321,72.6229582097129,79.1918690025513
2015,us,nvss,A,Black or African American,All Origins,666,3,attributable,Deaths,crude rate,B,di_gee,25,150,75.9060542751712,72.6216576959571,79.1904508543854
2015,us,nvss,A,Black or African American,All Origins,666,3,attributable,Deaths,crude rate,D,di_gee,25,150,75.8390968810279,72.5575974967527,79.1205962653032
2015,us,nvss,A,Black or African American,All Origins,666,3,attributable,YLL,absolute number,A,di_gee,25,150,44733.5169184183,42797.932051756,46669.1017850806
2015,us,nvss,A,Black or African American,All Origins,666,3,attributable,YLL,absolute number,B,di_gee,25,150,44732.7158417955,42797.1656371024,46668.2660464886
2015,us,nvss,A,Black or African American,All Origins,666,3,attributable,YLL,absolute number,D,di_gee,25,150,44693.2567220412,42759.4138831067,46627.0995609757
2015,us,nvss,A,Black or African American,All Origins,666,3,attributable,YLL,age-adjusted rate,A,di_gee,25,150,1188.65412198651,1137.22197247748,1240.08627149554
2015,us,nvss,A,Black or African American,All Origins,666,3,attributable,YLL,age-adjusted rate,B,di_gee,25,150,1188.63283586605,1137.20160739108,1240.06406434102
2015,us,nvss,A,Black or African American,All Origins,666,3,attributable,YLL,age-adjusted rate,D,di_gee,25,150,1187.58433244899,1136.19847191033,1238.97019298765
2015,us,nvss,A,Black or African American,All Origins,666,3,attributable,YLL,crude rate,A,di_gee,25,150,1872.43405738826,1791.41527605896,1953.45283871756
2015,us,nvss,A,Black or African American,All Origins,666,3,attributable,YLL,crude rate,B,di_gee,25,150,1872.40052630789,1791.38319584265,1953.41785677314
2015,us,nvss,A,Black or African American,All Origins,666,3,attributable,YLL,crude rate,D,di_gee,25,150,1870.74886543273,1789.80300106304,1951.69472980242
2015,us,nvss,A,Black or African American,All Origins,666,666,attributable,Deaths,absolute number,A,di_gee,25,150,23382.3097526107,22370.5751960074,24394.0443092141
2015,us,nvss,A,Black or African American,All Origins,666,666,attributable,Deaths,absolute number,B,di_gee,25,150,23193.549814555,22189.9827552714,24197.1168738386
2015,us,nvss,A,Black or African American,All Origins,666,666,attributable,Deaths,absolute number,D,di_gee,25,150,22524.7982792552,21550.1675844797,23499.4289740306
2015,us,nvss,A,Black or African American,All Origins,666,666,attributable,Deaths,age-adjusted rate,A,di_gee,25,150,63.1784723632345,60.4447884629022,65.9121562635668
2015,us,nvss,A,Black or African American,All Origins,666,666,attributable,Deaths,age-adjusted rate,B,di_gee,25,150,62.6684472777782,59.9568317705667,65.3800627849898
2015,us,nvss,A,Black or African American,All Origins,666,666,attributable,Deaths,age-adjusted rate,D,di_gee,25,150,60.8614957474191,58.2280656429635,63.4949258518748
2015,us,nvss,A,Black or African American,All Origins,666,666,attributable,Deaths,crude rate,A,di_gee,25,150,85.7158485507707,82.006989719247,89.4247073822945
2015,us,nvss,A,Black or African American,All Origins,666,666,attributable,Deaths,crude rate,B,di_gee,25,150,85.0238844790421,81.344966400622,88.7028025574622
2015,us,nvss,A,Black or African American,All Origins,666,666,attributable,Deaths,crude rate,D,di_gee,25,150,82.5723471448634,78.9995052010953,86.1451890886315
2015,us,nvss,A,Black or African American,All Origins,666,666,attributable,YLL,absolute number,A,di_gee,25,150,590462.871838061,564913.997575837,616011.746100285
2015,us,nvss,A,Black or African American,All Origins,666,666,attributable,YLL,absolute number,B,di_gee,25,150,585696.20266416,560353.578510423,611038.826817899
2015,us,nvss,A,Black or African American,All Origins,666,666,attributable,YLL,absolute number,D,di_gee,25,150,568808.523206609,544196.615952478,593420.430460742
2015,us,nvss,A,Black or African American,All Origins,666,666,attributable,YLL,age-adjusted rate,A,di_gee,25,150,1454.45884262463,1391.52552731876,1517.3921579305
2015,us,nvss,A,Black or African American,All Origins,666,666,attributable,YLL,age-adjusted rate,B,di_gee,25,150,1442.71733530806,1380.29206599185,1505.14260462428
2015,us,nvss,A,Black or African American,All Origins,666,666,attributable,YLL,age-adjusted rate,D,di_gee,25,150,1401.11872531929,1340.49339585836,1461.74405478022
2015,us,nvss,A,Black or African American,All Origins,666,666,attributable,YLL,crude rate,A,di_gee,25,150,2164.54347892955,2070.88534762971,2258.20161022939
2015,us,nvss,A,Black or African American,All Origins,666,666,attributable,YLL,crude rate,B,di_gee,25,150,2147.06962380897,2054.16757277877,2239.97167483917
2015,us,nvss,A,Black or African American,All Origins,666,666,attributable,YLL,crude rate,D,di_gee,25,150,2085.16206249135,1994.93870401816,2175.38542096453
2015,us,nvss,A,White,Hispanic or Latino,666,1,attributable,Deaths,absolute number,A,di_gee,25,150,5255.91982693965,4530.96536805142,6026.18393950839
2015,us,nvss,A,White,Hispanic or Latino,666,1,attributable,Deaths,absolute number,B,di_gee,25,150,5038.52428338011,4343.55541670699,5776.9287042203
2015,us,nvss,A,White,Hispanic or Latino,666,1,attributable,Deaths,absolute number,D,di_gee,25,150,4565.99543390064,3936.20296025917,5235.14993714469
2015,us,nvss,A,White,Hispanic or Latino,666,1,attributable,Deaths,age-adjusted rate,A,di_gee,25,150,36.3905172015143,31.3711355185468,41.7236102396672
2015,us,nvss,A,White,Hispanic or Latino,666,1,attributable,Deaths,age-adjusted rate,B,di_gee,25,150,34.8853313295977,30.0735614910325,39.9978367830732
2015,us,nvss,A,White,Hispanic or Latino,666,1,attributable,Deaths,age-adjusted rate,D,di_gee,25,150,31.6136738859173,27.2531671430321,36.2467123002327
2015,us,nvss,A,White,Hispanic or Latino,666,1,attributable,Deaths,crude rate,A,di_gee,25,150,39.4266620788688,33.9885017921283,45.2047073835306
2015,us,nvss,A,White,Hispanic or Latino,666,1,attributable,Deaths,crude rate,B,di_gee,25,150,37.7958950741209,32.5826681673456,43.3349486625696
2015,us,nvss,A,White,Hispanic or Latino,666,1,attributable,Deaths,crude rate,D,di_gee,25,150,34.2512756955198,29.5269618064826,39.2708592026218
2015,us,nvss,A,White,Hispanic or Latino,666,1,attributable,YLL,absolute number,A,di_gee,25,150,127290.313476704,109733.028859228,145944.928382773
2015,us,nvss,A,White,Hispanic or Latino,666,1,attributable,YLL,absolute number,B,di_gee,25,150,122025.326985416,105194.24740122,139908.349043623
2015,us,nvss,A,White,Hispanic or Latino,666,1,attributable,YLL,absolute number,D,di_gee,25,150,110581.40330364,95328.7959514138,126787.29861538
2015,us,nvss,A,White,Hispanic or Latino,666,1,attributable,YLL,age-adjusted rate,A,di_gee,25,150,755.532463287539,651.321089040982,866.257048424505
2015,us,nvss,A,White,Hispanic or Latino,666,1,attributable,YLL,age-adjusted rate,B,di_gee,25,150,724.282102562591,624.381122898785,830.426893455383
2015,us,nvss,A,White,Hispanic or Latino,666,1,attributable,YLL,age-adjusted rate,D,di_gee,25,150,656.356620938657,565.824673222981,752.546815386564
2015,us,nvss,A,White,Hispanic or Latino,666,1,attributable,YLL,crude rate,A,di_gee,25,150,954.853258916905,823.149361135263,1094.7886503099
2015,us,nvss,A,White,Hispanic or Latino,666,1,attributable,YLL,crude rate,B,di_gee,25,150,915.358584325815,789.102227867082,1049.50596306322
2015,us,nvss,A,White,Hispanic or Latino,666,1,attributable,YLL,crude rate,D,di_gee,25,150,829.513341872707,715.097708510954,951.079952319568
2015,us,nvss,A,White,Hispanic or Latino,666,2,attributable,Deaths,absolute number,A,di_gee,25,150,1479.59575569463,1275.51358249537,1696.43306471885
2015,us,nvss,A,White,Hispanic or Latino,666,2,attributable,Deaths,absolute number,B,di_gee,25,150,1469.00228834866,1266.38128305919,1684.28710646872
2015,us,nvss,A,White,Hispanic or Latino,666,2,attributable,Deaths,absolute number,D,di_gee,25,150,1395.43939105307,1202.96499228713,1599.94343974188
2015,us,nvss,A,White,Hispanic or Latino,666,2,attributable,Deaths,age-adjusted rate,A,di_gee,25,150,26.2565165196266,22.6349280341608,30.1044542854339
2015,us,nvss,A,White,Hispanic or Latino,666,2,attributable,Deaths,age-adjusted rate,B,di_gee,25,150,26.0685276386777,22.4728686540325,29.8889153098632
2015,us,nvss,A,White,Hispanic or Latino,666,2,attributable,Deaths,age-adjusted rate,D,di_gee,25,150,24.7630998414978,21.3474998633602,28.392174818269
2015,us,nvss,A,White,Hispanic or Latino,666,2,attributable,Deaths,crude rate,A,di_gee,25,150,28.052165416765,24.1829012213491,32.1632586243943
2015,us,nvss,A,White,Hispanic or Latino,666,2,attributable,Deaths,crude rate,B,di_gee,25,150,27.8513202215942,24.0097588117191,31.9329792195864
2015,us,nvss,A,White,Hispanic or Latino,666,2,attributable,Deaths,crude rate,D,di_gee,25,150,26.4566159210918,22.8074275181826,30.3338785991829
2015,us,nvss,A,White,Hispanic or Latino,666,2,attributable,YLL,absolute number,A,di_gee,25,150,36577.5562463091,31532.3760744044,41938.0601789578
2015,us,nvss,A,White,Hispanic or Latino,666,2,attributable,YLL,absolute number,B,di_gee,25,150,36315.6717780687,31306.6136017834,41637.7960903718
2015,us,nvss,A,White,Hispanic or Latino,666,2,attributable,YLL,absolute number,D,di_gee,25,150,34497.1000478412,29738.8793515873,39552.709537611
2015,us,nvss,A,White,Hispanic or Latino,666,2,attributable,YLL,age-adjusted rate,A,di_gee,25,150,551.126864836859,475.109366238672,631.895457097433
2015,us,nvss,A,White,Hispanic or Latino,666,2,attributable,YLL,age-adjusted rate,B,di_gee,25,150,547.180959731585,471.707723906538,627.371272795695
2015,us,nvss,A,White,Hispanic or Latino,666,2,attributable,YLL,age-adjusted rate,D,di_gee,25,150,519.779901842094,448.086122277667,595.954542629297
2015,us,nvss,A,White,Hispanic or Latino,666,2,attributable,YLL,crude rate,A,di_gee,25,150,693.486484003036,597.833175864686,795.118123900032
2015,us,nvss,A,White,Hispanic or Latino,666,2,attributable,YLL,crude rate,B,di_gee,25,150,688.521326192272,593.552867407131,789.425313651483
2015,us,nvss,A,White,Hispanic or Latino,666,2,attributable,YLL,crude rate,D,di_gee,25,150,654.042398551226,563.829653923471,749.893439718216
2015,us,nvss,A,White,Hispanic or Latino,666,3,attributable,Deaths,absolute number,A,di_gee,25,150,164.880457958492,142.138325826286,189.04397334896
2015,us,nvss,A,White,Hispanic or Latino,666,3,attributable,Deaths,absolute number,B,di_gee,25,150,164.770413930896,142.043460285256,188.91780217939
2015,us,nvss,A,White,Hispanic or Latino,666,3,attributable,Deaths,absolute number,D,di_gee,25,150,164.207035773981,141.557789460328,188.271859982236
2015,us,nvss,A,White,Hispanic or Latino,666,3,attributable,Deaths,age-adjusted rate,A,di_gee,25,150,11.0796161865185,9.55139326424008,12.7033530414393
2015,us,nvss,A,White,Hispanic or Latino,666,3,attributable,Deaths,age-adjusted rate,B,di_gee,25,150,11.0722214618527,9.54501850159715,12.6948746071242
2015,us,nvss,A,White,Hispanic or Latino,666,3,attributable,Deaths,age-adjusted rate,D,di_gee,25,150,11.0343636476291,9.51238245485266,12.651468664954
2015,us,nvss,A,White,Hispanic or Latino,666,3,attributable,Deaths,crude rate,A,di_gee,25,150,12.0813671337968,10.4149716670662,13.851912317198
2015,us,nvss,A,White,Hispanic or Latino,666,3,attributable,Deaths,crude rate,B,di_gee,25,150,12.0733038234766,10.4080205374798,13.8426673148481
2015,us,nvss,A,White,Hispanic or Latino,666,3,attributable,Deaths,crude rate,D,di_gee,25,150,12.0320231378627,10.3724337395368,13.7953368735839
2015,us,nvss,A,White,Hispanic or Latino,666,3,attributable,YLL,absolute number,A,di_gee,25,150,4154.44276954375,3581.41618064117,4763.28352025275
2015,us,nvss,A,White,Hispanic or Latino,666,3,attributable,YLL,absolute number,B,di_gee,25,150,4151.67002363781,3579.02588244639,4760.10442365369
2015,us,nvss,A,White,Hispanic or Latino,666,3,attributable,YLL,absolute number,D,di_gee,25,150,4137.47475550538,3566.78858233222,4743.82881450185
2015,us,nvss,A,White,Hispanic or Latino,666,3,attributable,YLL,age-adjusted rate,A,di_gee,25,150,236.752051354436,204.096595995203,271.44847267362
2015,us,nvss,A,White,Hispanic or Latino,666,3,attributable,YLL,age-adjusted rate,B,di_gee,25,150,236.594039000546,203.960378448747,271.267303336833
2015,us,nvss,A,White,Hispanic or Latino,666,3,attributable,YLL,age-adjusted rate,D,di_gee,25,150,235.785083615599,203.263003116895,270.33979414547
2015,us,nvss,A,White,Hispanic or Latino,666,3,attributable,YLL,crude rate,A,di_gee,25,150,304.410534496703,262.422874566123,349.022423172943
2015,us,nvss,A,White,Hispanic or Latino,666,3,attributable,YLL,crude rate,B,di_gee,25,150,304.207365718103,262.24772906733,348.789479659549
2015,us,nvss,A,White,Hispanic or Latino,666,3,attributable,YLL,crude rate,D,di_gee,25,150,303.167228833514,261.351059339236,347.596908921184
2015,us,nvss,A,White,Hispanic or Latino,666,666,attributable,Deaths,absolute number,A,di_gee,25,150,6890.4978758003,5940.08437568991,7900.31221966758
2015,us,nvss,A,White,Hispanic or Latino,666,666,attributable,Deaths,absolute number,B,di_gee,25,150,6663.5005965589,5744.39706599906,7640.04809777874
2015,us,nvss,A,White,Hispanic or Latino,666,666,attributable,Deaths,absolute number,D,di_gee,25,150,6118.59709623726,5274.65266917005,7015.28804999616
2015,us,nvss,A,White,Hispanic or Latino,666,666,attributable,Deaths,age-adjusted rate,A,di_gee,25,150,22.8065078111022,19.6607825957778,26.1488408523844
2015,us,nvss,A,White,Hispanic or Latino,666,666,attributable,Deaths,age-adjusted rate,B,di_gee,25,150,22.0551810832761,19.0130871407553,25.2874058972045
2015,us,nvss,A,White,Hispanic or Latino,666,666,attributable,Deaths,age-adjusted rate,D,di_gee,25,150,20.2516327533321,17.4583040977001,23.2195444499411
2015,us,nvss,A,White,Hispanic or Latino,666,666,attributable,Deaths,crude rate,A,di_gee,25,150,24.2040987884434,20.8656024038305,27.7512511970945
2015,us,nvss,A,White,Hispanic or Latino,666,666,attributable,Deaths,crude rate,B,di_gee,25,150,23.4067304893016,20.1782159390531,26.8370271989406
2015,us,nvss,A,White,Hispanic or Latino,666,666,attributable,Deaths,crude rate,D,di_gee,25,150,21.4926600709254,18.5281552335564,24.64244646063
2015,us,nvss,A,White,Hispanic or Latino,666,666,attributable,YLL,absolute number,A,di_gee,25,150,168238.153397757,145032.890860136,192893.74484398
2015,us,nvss,A,White,Hispanic or Latino,666,666,attributable,YLL,absolute number,B,di_gee,25,150,162695.795824437,140254.996400377,186539.145212501
2015,us,nvss,A,White,Hispanic or Latino,666,666,attributable,YLL,absolute number,D,di_gee,25,150,149391.451156391,128785.73375551,171285.025894828
2015,us,nvss,A,White,Hispanic or Latino,666,666,attributable,YLL,age-adjusted rate,A,di_gee,25,150,472.651971386667,407.458596022989,541.919932710574
2015,us,nvss,A,White,Hispanic or Latino,666,666,attributable,YLL,age-adjusted rate,B,di_gee,25,150,457.081150022703,394.035474157503,524.067180629479
2015,us,nvss,A,White,Hispanic or Latino,666,666,attributable,YLL,age-adjusted rate,D,di_gee,25,150,419.703631259212,361.813475223459,481.2119220472
2015,us,nvss,A,White,Hispanic or Latino,666,666,attributable,YLL,crude rate,A,di_gee,25,150,590.966423359017,509.453813240532,677.573571609907
2015,us,nvss,A,White,Hispanic or Latino,666,666,attributable,YLL,crude rate,B,di_gee,25,150,571.497907056785,492.670609531711,655.251910677175
2015,us,nvss,A,White,Hispanic or Latino,666,666,attributable,YLL,crude rate,D,di_gee,25,150,524.764031150396,452.382785474479,601.669104681057
2015,us,nvss,A,White,Not Hispanic or Latino,666,1,attributable,Deaths,absolute number,A,di_gee,25,150,20457.6451219392,19483.471544704,21107.0941734293
2015,us,nvss,A,White,Not Hispanic or Latino,666,1,attributable,Deaths,absolute number,B,di_gee,25,150,20217.571109559,19254.8296281515,20859.3987638307
2015,us,nvss,A,White,Not Hispanic or Latino,666,1,attributable,Deaths,absolute number,D,di_gee,25,150,19530.4686669416,18600.4463494682,20150.4835452572
2015,us,nvss,A,White,Not Hispanic or Latino,666,1,attributable,Deaths,age-adjusted rate,A,di_gee,25,150,15.6257599273062,14.8816761212441,16.1218157980144
2015,us,nvss,A,White,Not Hispanic or Latino,666,1,attributable,Deaths,age-adjusted rate,B,di_gee,25,150,15.4423889254203,14.7070370718288,15.9326234944812
2015,us,nvss,A,White,Not Hispanic or Latino,666,1,attributable,Deaths,age-adjusted rate,D,di_gee,25,150,14.9175730069795,14.2072123875996,15.3911467532328
2015,us,nvss,A,White,Not Hispanic or Latino,666,1,attributable,Deaths,crude rate,A,di_gee,25,150,29.4509098340237,28.0484855562131,30.3858593525642
2015,us,nvss,A,White,Not Hispanic or Latino,666,1,attributable,Deaths,crude rate,B,di_gee,25,150,29.1052983010268,27.7193317152636,30.0292760248689
2015,us,nvss,A,White,Not Hispanic or Latino,666,1,attributable,Deaths,crude rate,D,di_gee,25,150,28.1161428061668,26.777278863016,29.0087187682673
2015,us,nvss,A,White,Not Hispanic or Latino,666,1,attributable,YLL,absolute number,A,di_gee,25,150,387840.23648925,369371.653799287,400152.624949226
2015,us,nvss,A,White,Not Hispanic or Latino,666,1,attributable,YLL,absolute number,B,di_gee,25,150,383288.864071679,365037.0134016,395456.764518399
2015,us,nvss,A,White,Not Hispanic or Latino,666,1,attributable,YLL,absolute number,D,di_gee,25,150,370262.634891895,352631.080849424,382017.004253542
2015,us,nvss,A,White,Not Hispanic or Latino,666,1,attributable,YLL,age-adjusted rate,A,di_gee,25,150,314.113177317061,299.15540696863,324.085024216015
2015,us,nvss,A,White,Not Hispanic or Latino,666,1,attributable,YLL,age-adjusted rate,B,di_gee,25,150,310.427004721412,295.644766401345,320.281830268124
2015,us,nvss,A,White,Not Hispanic or Latino,666,1,attributable,YLL,age-adjusted rate,D,di_gee,25,150,299.877015702324,285.597157811737,309.396920962715
2015,us,nvss,A,White,Not Hispanic or Latino,666,1,attributable,YLL,crude rate,A,di_gee,25,150,558.336395355783,531.748947957889,576.061360287712
2015,us,nvss,A,White,Not Hispanic or Latino,666,1,attributable,YLL,crude rate,B,di_gee,25,150,551.784220953891,525.50878186085,569.301180349253
2015,us,nvss,A,White,Not Hispanic or Latino,666,1,attributable,YLL,crude rate,D,di_gee,25,150,533.031607993579,507.649150470076,549.953246342581
2015,us,nvss,A,White,Not Hispanic or Latino,666,2,attributable,Deaths,absolute number,A,di_gee,25,150,10766.6727386882,10253.9740368459,11108.4718732497
2015,us,nvss,A,White,Not Hispanic or Latino,666,2,attributable,Deaths,absolute number,B,di_gee,25,150,10729.2595640551,10218.3424419572,11069.870978787
2015,us,nvss,A,White,Not Hispanic or Latino,666,2,attributable,Deaths,absolute number,D,di_gee,25,150,10590.3824286763,10086.0785035012,10926.5850454596
2015,us,nvss,A,White,Not Hispanic or Latino,666,2,attributable,Deaths,age-adjusted rate,A,di_gee,25,150,11.8309496383776,11.2675710841691,12.2065353411832
2015,us,nvss,A,White,Not Hispanic or Latino,666,2,attributable,Deaths,age-adjusted rate,B,di_gee,25,150,11.7898382016655,11.2284173349195,12.1641187794961
2015,us,nvss,A,White,Not Hispanic or Latino,666,2,attributable,Deaths,age-adjusted rate,D,di_gee,25,150,11.6372331736808,11.0830792130294,12.0066691474485
2015,us,nvss,A,White,Not Hispanic or Latino,666,2,attributable,Deaths,crude rate,A,di_gee,25,150,23.3823156490697,22.2688720467331,24.1246113839608
2015,us,nvss,A,White,Not Hispanic or Latino,666,2,attributable,Deaths,crude rate,B,di_gee,25,150,23.3010643024432,22.1914898118507,24.0407806295049
2015,us,nvss,A,White,Not Hispanic or Latino,666,2,attributable,Deaths,crude rate,D,di_gee,25,150,22.9994605391749,21.9042481325476,23.7296021435932
2015,us,nvss,A,White,Not Hispanic or Latino,666,2,attributable,YLL,absolute number,A,di_gee,25,150,210299.555029073,200285.290503879,216975.731379202
2015,us,nvss,A,White,Not Hispanic or Latino,666,2,attributable,YLL,absolute number,B,di_gee,25,150,209568.783864338,199589.317966037,216221.761129873
2015,us,nvss,A,White,Not Hispanic or Latino,666,2,attributable,YLL,absolute number,D,di_gee,25,150,206856.172412062,197005.878487678,213423.035028318
2015,us,nvss,A,White,Not Hispanic or Latino,666,2,attributable,YLL,age-adjusted rate,A,di_gee,25,150,248.494091040131,236.661039085839,256.382792342992
2015,us,nvss,A,White,Not Hispanic or Latino,666,2,attributable,YLL,age-adjusted rate,B,di_gee,25,150,247.630597456828,235.838664244598,255.491886264981
2015,us,nvss,A,White,Not Hispanic or Latino,666,2,attributable,YLL,age-adjusted rate,D,di_gee,25,150,244.425322404842,232.786021337945,252.18485644944
2015,us,nvss,A,White,Not Hispanic or Latino,666,2,attributable,YLL,crude rate,A,di_gee,25,150,456.714037464818,434.965749966494,471.212895797034
2015,us,nvss,A,White,Not Hispanic or Latino,666,2,attributable,YLL,crude rate,B,di_gee,25,150,455.126999160991,433.45428491523,469.575475324832
2015,us,nvss,A,White,Not Hispanic or Latino,666,2,attributable,YLL,crude rate,D,di_gee,25,150,449.235937107763,427.843749626442,463.497395428645
2015,us,nvss,A,White,Not Hispanic or Latino,666,3,attributable,Deaths,absolute number,A,di_gee,25,150,4236.81442013052,4035.06135250526,4371.31646521403
2015,us,nvss,A,White,Not Hispanic or Latino,666,3,attributable,Deaths,absolute number,B,di_gee,25,150,4232.6575199019,4031.10239990658,4367.02759989879
2015,us,nvss,A,White,Not Hispanic or Latino,666,3,attributable,Deaths,absolute number,D,di_gee,25,150,4226.24064149784,4024.99108714081,4360.4070110692
2015,us,nvss,A,White,Not Hispanic or Latino,666,3,attributable,Deaths,age-adjusted rate,A,di_gee,25,150,7.97331688644403,7.59363512994671,8.22643805744225
2015,us,nvss,A,White,Not Hispanic or Latino,666,3,attributable,Deaths,age-adjusted rate,B,di_gee,25,150,7.96549396112763,7.58618472488347,8.21836678529042
2015,us,nvss,A,White,Not Hispanic or Latino,666,3,attributable,Deaths,age-adjusted rate,D,di_gee,25,150,7.95341795310277,7.5746837648598,8.20590741193143
2015,us,nvss,A,White,Not Hispanic or Latino,666,3,attributable,Deaths,crude rate,A,di_gee,25,150,16.3287759014577,15.5512151442455,16.8471497395993
2015,us,nvss,A,White,Not Hispanic or Latino,666,3,attributable,Deaths,crude rate,B,di_gee,25,150,16.3127551166069,15.5359572539114,16.830620358404
2015,us,nvss,A,White,Not Hispanic or Latino,666,3,attributable,Deaths,crude rate,D,di_gee,25,150,16.288024326193,15.5124041201839,16.8051044635325
2015,us,nvss,A,White,Not Hispanic or Latino,666,3,attributable,YLL,absolute number,A,di_gee,25,150,83789.9578217868,79799.9598302733,86449.956482796
2015,us,nvss,A,White,Not Hispanic or Latino,666,3,attributable,YLL,absolute number,B,di_gee,25,150,83707.7482982424,79721.6650459453,86365.1371331072
2015,us,nvss,A,White,Not Hispanic or Latino,666,3,attributable,YLL,absolute number,D,di_gee,25,150,83580.843997627,79600.803807264,86234.2041245358
2015,us,nvss,A,White,Not Hispanic or Latino,666,3,attributable,YLL,age-adjusted rate,A,di_gee,25,150,170.757380409155,162.626076580148,176.178249628493
2015,us,nvss,A,White,Not Hispanic or Latino,666,3,attributable,YLL,age-adjusted rate,B,di_gee,25,150,170.58984383019,162.466517933514,176.005394427973
2015,us,nvss,A,White,Not Hispanic or Latino,666,3,attributable,YLL,age-adjusted rate,D,di_gee,25,150,170.331222791356,162.220212182244,175.73856319743
2015,us,nvss,A,White,Not Hispanic or Latino,666,3,attributable,YLL,crude rate,A,di_gee,25,150,322.92833917007,307.550799209591,333.180032477057
2015,us,nvss,A,White,Not Hispanic or Latino,666,3,attributable,YLL,crude rate,B,di_gee,25,150,322.611501859344,307.249049389852,332.853136839005
2015,us,nvss,A,White,Not Hispanic or Latino,666,3,attributable,YLL,crude rate,D,di_gee,25,150,322.122409895383,306.783247519413,332.34851814603
2015,us,nvss,A,White,Not Hispanic or Latino,666,666,attributable,Deaths,absolute number,A,di_gee,25,150,35777.8860329249,34074.1771742142,36913.691938732
2015,us,nvss,A,White,Not Hispanic or Latino,666,666,attributable,Deaths,absolute number,B,di_gee,25,150,35487.2413016639,33797.3726682514,36613.8203906056
2015,us,nvss,A,White,Not Hispanic or Latino,666,666,attributable,Deaths,absolute number,D,di_gee,25,150,34630.1100839246,32981.0572227854,35729.4786580175
2015,us,nvss,A,White,Not Hispanic or Latino,666,666,attributable,Deaths,age-adjusted rate,A,di_gee,25,150,12.5437660191879,11.946443827798,12.9419808134478
2015,us,nvss,A,White,Not Hispanic or Latino,666,666,attributable,Deaths,age-adjusted rate,B,di_gee,25,150,12.4418656581578,11.8493958649122,12.8368455203215
2015,us,nvss,A,White,Not Hispanic or Latino,666,666,attributable,Deaths,age-adjusted rate,D,di_gee,25,150,12.1413545146775,11.5631947758833,12.5267943405403
2015,us,nvss,A,White,Not Hispanic or Latino,666,666,attributable,Deaths,crude rate,A,di_gee,25,150,24.7867974148357,23.606473728415,25.5736798724495
2015,us,nvss,A,White,Not Hispanic or Latino,666,666,attributable,Deaths,crude rate,B,di_gee,25,150,24.5854397363293,23.4147045107898,25.365929886689
2015,us,nvss,A,White,Not Hispanic or Latino,666,666,attributable,Deaths,crude rate,D,di_gee,25,150,23.9916221521243,22.8491639544041,24.7532609506044
2015,us,nvss,A,White,Not Hispanic or Latino,666,666,attributable,YLL,absolute number,A,di_gee,25,150,690837.326594766,657940.311042635,712768.670296187
2015,us,nvss,A,White,Not Hispanic or Latino,666,666,attributable,YLL,absolute number,B,di_gee,25,150,685225.250214724,652595.476394976,706978.432761223
2015,us,nvss,A,White,Not Hispanic or Latino,666,666,attributable,YLL,absolute number,D,di_gee,25,150,668674.852618316,636833.192969826,689902.62571731
2015,us,nvss,A,White,Not Hispanic or Latino,666,666,attributable,YLL,age-adjusted rate,A,di_gee,25,150,260.747020019328,248.330495256503,269.024703194544
2015,us,nvss,A,White,Not Hispanic or Latino,666,666,attributable,YLL,age-adjusted rate,B,di_gee,25,150,258.62881919855,246.313161141477,266.839257903266
2015,us,nvss,A,White,Not Hispanic or Latino,666,666,attributable,YLL,age-adjusted rate,D,di_gee,25,150,252.382099909843,240.363904676041,260.394230065711
2015,us,nvss,A,White,Not Hispanic or Latino,666,666,attributable,YLL,crude rate,A,di_gee,25,150,478.609743603995,455.818803432377,493.803703718408
2015,us,nvss,A,White,Not Hispanic or Latino,666,666,attributable,YLL,crude rate,B,di_gee,25,150,474.721716229189,452.115920218276,489.792246903132
2015,us,nvss,A,White,Not Hispanic or Latino,666,666,attributable,YLL,crude rate,D,di_gee,25,150,463.255657223366,441.195864022254,477.962186024108
