Year,Gender.Code,Race,Hispanic.Origin,rural_urban_class,STATEFP,attr,Education,source,measure1,measure2,scenario,method,min_age,max_age,mean,lower,upper
2013,A,All,All Origins,666,1,attributable,666,nvss,Deaths,age-adjusted rate,A,di_gee,25,150,25.3331308393517,26.0467401587701,26.7603494781884
2013,A,All,All Origins,666,1,attributable,higher,nvss,Deaths,age-adjusted rate,A,di_gee,25,150,17.2802439661279,17.7670114017935,18.2537788374591
2013,A,All,All Origins,666,1,attributable,lower,nvss,Deaths,age-adjusted rate,A,di_gee,25,150,32.5370323548652,33.4535684775374,34.3701046002097
2013,A,All,All Origins,666,1,attributable,middle,nvss,Deaths,age-adjusted rate,A,di_gee,25,150,16.4812611954822,16.9455220742282,17.4097829529742
2013,A,All,All Origins,666,2,attributable,666,nvss,Deaths,age-adjusted rate,A,di_gee,25,150,7.2772655023628,7.48225889679556,7.68725229122831
2013,A,All,All Origins,666,2,attributable,higher,nvss,Deaths,age-adjusted rate,A,di_gee,25,150,4.80099741569672,4.93623677951917,5.07147614334161
2013,A,All,All Origins,666,2,attributable,lower,nvss,Deaths,age-adjusted rate,A,di_gee,25,150,8.2708718803887,8.50385418687852,8.73683649336835
2013,A,All,All Origins,666,2,attributable,middle,nvss,Deaths,age-adjusted rate,A,di_gee,25,150,4.81291473914439,4.94848980221888,5.08406486529337
2013,A,All,All Origins,666,4,attributable,666,nvss,Deaths,age-adjusted rate,A,di_gee,25,150,10.3338039203342,10.6248969885126,10.9159900566911
2013,A,All,All Origins,666,4,attributable,higher,nvss,Deaths,age-adjusted rate,A,di_gee,25,150,7.34766071330345,7.55463707142467,7.7616134295459
2013,A,All,All Origins,666,4,attributable,lower,nvss,Deaths,age-adjusted rate,A,di_gee,25,150,14.8928367137929,15.3123532409421,15.7318697680911
2013,A,All,All Origins,666,4,attributable,middle,nvss,Deaths,age-adjusted rate,A,di_gee,25,150,8.17669919726036,8.40702875211276,8.63735830696517
2013,A,All,All Origins,666,5,attributable,666,nvss,Deaths,age-adjusted rate,A,di_gee,25,150,24.4213952505794,25.1093218773563,25.7972485041332
2013,A,All,All Origins,666,5,attributable,higher,nvss,Deaths,age-adjusted rate,A,di_gee,25,150,16.7165133830781,17.1874010840099,17.6582887849416
2013,A,All,All Origins,666,5,attributable,lower,nvss,Deaths,age-adjusted rate,A,di_gee,25,150,30.3993865077223,31.2557072544187,32.1120280011151
2013,A,All,All Origins,666,5,attributable,middle,nvss,Deaths,age-adjusted rate,A,di_gee,25,150,16.3455833577676,16.806022325592,17.2664612934164
2013,A,All,All Origins,666,6,attributable,666,nvss,Deaths,age-adjusted rate,A,di_gee,25,150,25.3105638910954,26.0235375218305,26.7365111525656
2013,A,All,All Origins,666,6,attributable,higher,nvss,Deaths,age-adjusted rate,A,di_gee,25,150,19.591399727431,20.1432701422882,20.6951405571454
2013,A,All,All Origins,666,6,attributable,lower,nvss,Deaths,age-adjusted rate,A,di_gee,25,150,36.960678458279,38.0018243303432,39.0429702024074
2013,A,All,All Origins,666,6,attributable,middle,nvss,Deaths,age-adjusted rate,A,di_gee,25,150,21.3655785052292,21.9674257870667,22.5692730689041
2013,A,All,All Origins,666,8,attributable,666,nvss,Deaths,age-adjusted rate,A,di_gee,25,150,5.42124952674116,5.57396078101556,5.72667203528995
2013,A,All,All Origins,666,8,attributable,higher,nvss,Deaths,age-adjusted rate,A,di_gee,25,150,4.05566989647901,4.16991411891504,4.28415834135107
2013,A,All,All Origins,666,8,attributable,lower,nvss,Deaths,age-adjusted rate,A,di_gee,25,150,8.83669272374611,9.08561364554177,9.33453456733744
2013,A,All,All Origins,666,8,attributable,middle,nvss,Deaths,age-adjusted rate,A,di_gee,25,150,4.07851397990477,4.19340169764857,4.30828941539237
2013,A,All,All Origins,666,9,attributable,666,nvss,Deaths,age-adjusted rate,A,di_gee,25,150,11.1842309596122,11.4992797190379,11.8143284784636
2013,A,All,All Origins,666,9,attributable,higher,nvss,Deaths,age-adjusted rate,A,di_gee,25,150,7.72192642853038,7.93944548285518,8.15696453717998
2013,A,All,All Origins,666,9,attributable,lower,nvss,Deaths,age-adjusted rate,A,di_gee,25,150,17.0973347040405,17.5789497661262,18.0605648282118
2013,A,All,All Origins,666,9,attributable,middle,nvss,Deaths,age-adjusted rate,A,di_gee,25,150,8.26122494554337,8.49393550738966,8.72664606923596
2013,A,All,All Origins,666,10,attributable,666,nvss,Deaths,age-adjusted rate,A,di_gee,25,150,19.595138212917,20.1471139372246,20.6990896615321
2013,A,All,All Origins,666,10,attributable,higher,nvss,Deaths,age-adjusted rate,A,di_gee,25,150,13.3505562253038,13.7266282316504,14.102700237997
2013,A,All,All Origins,666,10,attributable,lower,nvss,Deaths,age-adjusted rate,A,di_gee,25,150,27.0575454077837,27.8197297854677,28.5819141631518
2013,A,All,All Origins,666,10,attributable,middle,nvss,Deaths,age-adjusted rate,A,di_gee,25,150,11.6748947681423,12.0037650433013,12.3326353184602
2013,A,All,All Origins,666,11,attributable,666,nvss,Deaths,age-adjusted rate,A,di_gee,25,150,22.7680296693498,23.4093826177822,24.0507355662146
2013,A,All,All Origins,666,11,attributable,higher,nvss,Deaths,age-adjusted rate,A,di_gee,25,150,14.428384300283,14.8348176608543,15.2412510214257
2013,A,All,All Origins,666,11,attributable,lower,nvss,Deaths,age-adjusted rate,A,di_gee,25,150,35.1561964435694,36.146511836346,37.1368272291226
2013,A,All,All Origins,666,11,attributable,middle,nvss,Deaths,age-adjusted rate,A,di_gee,25,150,20.7229167992327,21.3066609344224,21.890405069612
2013,A,All,All Origins,666,12,attributable,666,nvss,Deaths,age-adjusted rate,A,di_gee,25,150,10.6128064069195,10.9117587000722,11.2107109932248
2013,A,All,All Origins,666,12,attributable,higher,nvss,Deaths,age-adjusted rate,A,di_gee,25,150,8.24402367872291,8.47624969784187,8.70847571696082
2013,A,All,All Origins,666,12,attributable,lower,nvss,Deaths,age-adjusted rate,A,di_gee,25,150,14.790647043102,15.2072849879781,15.6239229328542
2013,A,All,All Origins,666,12,attributable,middle,nvss,Deaths,age-adjusted rate,A,di_gee,25,150,8.53201618970773,8.77235467392485,9.01269315814196
2013,A,All,All Origins,666,13,attributable,666,nvss,Deaths,age-adjusted rate,A,di_gee,25,150,22.2650576645731,22.8922423875188,23.5194271104645
2013,A,All,All Origins,666,13,attributable,higher,nvss,Deaths,age-adjusted rate,A,di_gee,25,150,15.0128272744046,15.4357238173456,15.8586203602865
2013,A,All,All Origins,666,13,attributable,lower,nvss,Deaths,age-adjusted rate,A,di_gee,25,150,27.6703019877907,28.4497471142073,29.229192240624
2013,A,All,All Origins,666,13,attributable,middle,nvss,Deaths,age-adjusted rate,A,di_gee,25,150,16.4145445439814,16.8769260804316,17.3393076168817
2013,A,All,All Origins,666,15,attributable,666,nvss,Deaths,age-adjusted rate,A,di_gee,25,150,1.26441369953916,1.30003098685012,1.33564827416109
2013,A,All,All Origins,666,15,attributable,higher,nvss,Deaths,age-adjusted rate,A,di_gee,25,150,0.997845069101796,1.02595338090748,1.05406169271316
2013,A,All,All Origins,666,15,attributable,lower,nvss,Deaths,age-adjusted rate,A,di_gee,25,150,1.89726060059343,1.95070456117353,2.00414852175362
2013,A,All,All Origins,666,15,attributable,middle,nvss,Deaths,age-adjusted rate,A,di_gee,25,150,0.932880333833428,0.959158653096341,0.985436972359255
2013,A,All,All Origins,666,16,attributable,666,nvss,Deaths,age-adjusted rate,A,di_gee,25,150,9.4475185689349,9.71364585256687,9.97977313619884
2013,A,All,All Origins,666,16,attributable,higher,nvss,Deaths,age-adjusted rate,A,di_gee,25,150,7.11567186497037,7.31611332595545,7.51655478694053
2013,A,All,All Origins,666,16,attributable,lower,nvss,Deaths,age-adjusted rate,A,di_gee,25,150,11.7478276289107,12.0787523508519,12.409677072793
2013,A,All,All Origins,666,16,attributable,middle,nvss,Deaths,age-adjusted rate,A,di_gee,25,150,7.98666755400851,8.21164410482565,8.43662065564279
2013,A,All,All Origins,666,17,attributable,666,nvss,Deaths,age-adjusted rate,A,di_gee,25,150,23.3056761169791,23.9621740357672,24.6186719545554
2013,A,All,All Origins,666,17,attributable,higher,nvss,Deaths,age-adjusted rate,A,di_gee,25,150,16.0552530719498,16.5075137218638,16.9597743717779
2013,A,All,All Origins,666,17,attributable,lower,nvss,Deaths,age-adjusted rate,A,di_gee,25,150,33.1111304718257,34.0438383724405,34.9765462730553
2013,A,All,All Origins,666,17,attributable,middle,nvss,Deaths,age-adjusted rate,A,di_gee,25,150,17.5293993619345,18.0231852594538,18.516971156973
2013,A,All,All Origins,666,18,attributable,666,nvss,Deaths,age-adjusted rate,A,di_gee,25,150,26.7465747381031,27.499999378613,28.2534240191229
2013,A,All,All Origins,666,18,attributable,higher,nvss,Deaths,age-adjusted rate,A,di_gee,25,150,18.8837733140258,19.4157105904772,19.9476478669287
2013,A,All,All Origins,666,18,attributable,lower,nvss,Deaths,age-adjusted rate,A,di_gee,25,150,35.150018958177,36.1401603372805,37.1303017163841
2013,A,All,All Origins,666,18,attributable,middle,nvss,Deaths,age-adjusted rate,A,di_gee,25,150,17.9582760253918,18.4641429556846,18.9700098859773
2013,A,All,All Origins,666,19,attributable,666,nvss,Deaths,age-adjusted rate,A,di_gee,25,150,16.3660355042999,16.827050588928,17.2880656735562
2013,A,All,All Origins,666,19,attributable,higher,nvss,Deaths,age-adjusted rate,A,di_gee,25,150,12.7891127617047,13.1493694592175,13.5096261567303
2013,A,All,All Origins,666,19,attributable,lower,nvss,Deaths,age-adjusted rate,A,di_gee,25,150,22.7473069323032,23.3880761416638,24.0288453510245
2013,A,All,All Origins,666,19,attributable,middle,nvss,Deaths,age-adjusted rate,A,di_gee,25,150,12.9775406341096,13.3431051590141,13.7086696839186
2013,A,All,All Origins,666,20,attributable,666,nvss,Deaths,age-adjusted rate,A,di_gee,25,150,14.0738931579333,14.470340852523,14.8667885471126
2013,A,All,All Origins,666,20,attributable,higher,nvss,Deaths,age-adjusted rate,A,di_gee,25,150,10.941269772355,11.2494745546748,11.5576793369947
2013,A,All,All Origins,666,20,attributable,lower,nvss,Deaths,age-adjusted rate,A,di_gee,25,150,19.3313806818018,19.8759266165005,20.4204725511991
2013,A,All,All Origins,666,20,attributable,middle,nvss,Deaths,age-adjusted rate,A,di_gee,25,150,11.7148141821253,12.0448089478189,12.3748037135126
2013,A,All,All Origins,666,21,attributable,666,nvss,Deaths,age-adjusted rate,A,di_gee,25,150,24.4577084836808,25.1466580184324,25.835607553184
2013,A,All,All Origins,666,21,attributable,higher,nvss,Deaths,age-adjusted rate,A,di_gee,25,150,17.0175497993733,17.4969173993557,17.976284999338
2013,A,All,All Origins,666,21,attributable,lower,nvss,Deaths,age-adjusted rate,A,di_gee,25,150,29.4716890774688,30.3018775021862,31.1320659269036
2013,A,All,All Origins,666,21,attributable,middle,nvss,Deaths,age-adjusted rate,A,di_gee,25,150,16.4373175684204,16.9003405985167,17.3633636286131
2013,A,All,All Origins,666,22,attributable,666,nvss,Deaths,age-adjusted rate,A,di_gee,25,150,21.5108649108319,22.1168047674751,22.7227446241183
2013,A,All,All Origins,666,22,attributable,higher,nvss,Deaths,age-adjusted rate,A,di_gee,25,150,14.72763728605,15.1425003081923,15.5573633303345
2013,A,All,All Origins,666,22,attributable,lower,nvss,Deaths,age-adjusted rate,A,di_gee,25,150,26.3172859307101,27.0586179287583,27.7999499268064
2013,A,All,All Origins,666,22,attributable,middle,nvss,Deaths,age-adjusted rate,A,di_gee,25,150,16.1576741839242,16.612819935584,17.0679656872439
2013,A,All,All Origins,666,23,attributable,666,nvss,Deaths,age-adjusted rate,A,di_gee,25,150,0.0824480036185792,0.0847704825937505,0.0870929615689217
2013,A,All,All Origins,666,23,attributable,higher,nvss,Deaths,age-adjusted rate,A,di_gee,25,150,0.552717589814099,0.568287099386328,0.583856608958556
2013,A,All,All Origins,666,23,attributable,lower,nvss,Deaths,age-adjusted rate,A,di_gee,25,150,0,0,0
2013,A,All,All Origins,666,23,attributable,middle,nvss,Deaths,age-adjusted rate,A,di_gee,25,150,0.0580829430043089,0.0597190822438669,0.0613552214834249
2013,A,All,All Origins,666,24,attributable,666,nvss,Deaths,age-adjusted rate,A,di_gee,25,150,19.5922388582003,20.144132910544,20.6960269628877
2013,A,All,All Origins,666,24,attributable,higher,nvss,Deaths,age-adjusted rate,A,di_gee,25,150,13.6504012238797,14.0349195682143,14.419437912549
2013,A,All,All Origins,666,24,attributable,lower,nvss,Deaths,age-adjusted rate,A,di_gee,25,150,29.1516716538696,29.9728455032744,30.7940193526792
2013,A,All,All Origins,666,24,attributable,middle,nvss,Deaths,age-adjusted rate,A,di_gee,25,150,13.628394537536,14.0122929752131,14.3961914128902
2013,A,All,All Origins,666,25,attributable,666,nvss,Deaths,age-adjusted rate,A,di_gee,25,150,9.70370708858326,9.97705095023349,10.2503948118837
2013,A,All,All Origins,666,25,attributable,higher,nvss,Deaths,age-adjusted rate,A,di_gee,25,150,7.24983204503122,7.45405266601802,7.65827328700481
2013,A,All,All Origins,666,25,attributable,lower,nvss,Deaths,age-adjusted rate,A,di_gee,25,150,15.4994301972452,15.9360338647733,16.3726375323013
2013,A,All,All Origins,666,25,attributable,middle,nvss,Deaths,age-adjusted rate,A,di_gee,25,150,7.01040693919406,7.20788319100234,7.40535944281062
2013,A,All,All Origins,666,26,attributable,666,nvss,Deaths,age-adjusted rate,A,di_gee,25,150,16.1129784505904,16.5668651675084,17.0207518844264
2013,A,All,All Origins,666,26,attributable,higher,nvss,Deaths,age-adjusted rate,A,di_gee,25,150,10.7478079143868,11.0505630669048,11.3533182194227
2013,A,All,All Origins,666,26,attributable,lower,nvss,Deaths,age-adjusted rate,A,di_gee,25,150,23.1268789219884,23.7783403000725,24.4298016781567
2013,A,All,All Origins,666,26,attributable,middle,nvss,Deaths,age-adjusted rate,A,di_gee,25,150,10.778451654473,11.0820700109371,11.3856883674011
2013,A,All,All Origins,666,27,attributable,666,nvss,Deaths,age-adjusted rate,A,di_gee,25,150,9.42395817632838,9.68942178692918,9.95488539752998
2013,A,All,All Origins,666,27,attributable,higher,nvss,Deaths,age-adjusted rate,A,di_gee,25,150,7.85694317459421,8.07826551754053,8.29958786048685
2013,A,All,All Origins,666,27,attributable,lower,nvss,Deaths,age-adjusted rate,A,di_gee,25,150,12.907527206878,13.2711195225647,13.6347118382514
2013,A,All,All Origins,666,27,attributable,middle,nvss,Deaths,age-adjusted rate,A,di_gee,25,150,8.01391212639245,8.2396561299528,8.46540013351316
2013,A,All,All Origins,666,28,attributable,666,nvss,Deaths,age-adjusted rate,A,di_gee,25,150,21.7634012151632,22.3764547705199,22.9895083258766
2013,A,All,All Origins,666,28,attributable,higher,nvss,Deaths,age-adjusted rate,A,di_gee,25,150,14.1734284717791,14.5726799780264,14.9719314842737
2013,A,All,All Origins,666,28,attributable,lower,nvss,Deaths,age-adjusted rate,A,di_gee,25,150,27.175649037921,27.9411602784258,28.7066715189307
2013,A,All,All Origins,666,28,attributable,middle,nvss,Deaths,age-adjusted rate,A,di_gee,25,150,15.2580139606637,15.6878171708232,16.1176203809828
2013,A,All,All Origins,666,29,attributable,666,nvss,Deaths,age-adjusted rate,A,di_gee,25,150,21.0507690651452,21.6437484754309,22.2367278857167
2013,A,All,All Origins,666,29,attributable,higher,nvss,Deaths,age-adjusted rate,A,di_gee,25,150,14.8510540790238,15.2693936305456,15.6877331820674
2013,A,All,All Origins,666,29,attributable,lower,nvss,Deaths,age-adjusted rate,A,di_gee,25,150,27.5923286721605,28.3695773671509,29.1468260621413
2013,A,All,All Origins,666,29,attributable,middle,nvss,Deaths,age-adjusted rate,A,di_gee,25,150,15.4368990525887,15.8717412794222,16.3065835062557
2013,A,All,All Origins,666,30,attributable,666,nvss,Deaths,age-adjusted rate,A,di_gee,25,150,0.369882460814966,0.380301685063275,0.390720909311584
2013,A,All,All Origins,666,30,attributable,higher,nvss,Deaths,age-adjusted rate,A,di_gee,25,150,0.924618436267417,0.950664026021429,0.97670961577544
2013,A,All,All Origins,666,30,attributable,lower,nvss,Deaths,age-adjusted rate,A,di_gee,25,150,0,0,0
2013,A,All,All Origins,666,30,attributable,middle,nvss,Deaths,age-adjusted rate,A,di_gee,25,150,0.3298886991687,0.339181338581903,0.348473977995106
2013,A,All,All Origins,666,31,attributable,666,nvss,Deaths,age-adjusted rate,A,di_gee,25,150,9.28534236278718,9.546901302584,9.80846024238083
2013,A,All,All Origins,666,31,attributable,higher,nvss,Deaths,age-adjusted rate,A,di_gee,25,150,7.90435723951259,8.12701518992139,8.3496731403302
2013,A,All,All Origins,666,31,attributable,lower,nvss,Deaths,age-adjusted rate,A,di_gee,25,150,13.0725089920797,13.4407486819975,13.8089883719152
2013,A,All,All Origins,666,31,attributable,middle,nvss,Deaths,age-adjusted rate,A,di_gee,25,150,6.5588148088189,6.7435701555462,6.92832550227349
2013,A,All,All Origins,666,32,attributable,666,nvss,Deaths,age-adjusted rate,A,di_gee,25,150,15.9225202158126,16.3710419120327,16.8195636082528
2013,A,All,All Origins,666,32,attributable,higher,nvss,Deaths,age-adjusted rate,A,di_gee,25,150,10.679643599599,10.9804786305736,11.2813136615483
2013,A,All,All Origins,666,32,attributable,lower,nvss,Deaths,age-adjusted rate,A,di_gee,25,150,21.8609751679433,22.4767772853501,23.092579402757
2013,A,All,All Origins,666,32,attributable,middle,nvss,Deaths,age-adjusted rate,A,di_gee,25,150,10.0101532360234,10.292129383517,10.5741055310106
2013,A,All,All Origins,666,33,attributable,666,nvss,Deaths,age-adjusted rate,A,di_gee,25,150,5.3790383242767,5.53056053059435,5.682082736912
2013,A,All,All Origins,666,33,attributable,higher,nvss,Deaths,age-adjusted rate,A,di_gee,25,150,3.86408190994284,3.97292928768771,4.08177666543257
2013,A,All,All Origins,666,33,attributable,lower,nvss,Deaths,age-adjusted rate,A,di_gee,25,150,7.97019839581717,8.19471102668526,8.41922365755336
2013,A,All,All Origins,666,33,attributable,middle,nvss,Deaths,age-adjusted rate,A,di_gee,25,150,3.83351245654248,3.94149872292396,4.04948498930544
2013,A,All,All Origins,666,34,attributable,666,nvss,Deaths,age-adjusted rate,A,di_gee,25,150,16.8143540648229,17.2879978412967,17.7616416177706
2013,A,All,All Origins,666,34,attributable,higher,nvss,Deaths,age-adjusted rate,A,di_gee,25,150,11.9006242772302,12.2358531301099,12.5710819829897
2013,A,All,All Origins,666,34,attributable,lower,nvss,Deaths,age-adjusted rate,A,di_gee,25,150,24.3844855877381,25.0713725057025,25.758259423667
2013,A,All,All Origins,666,34,attributable,middle,nvss,Deaths,age-adjusted rate,A,di_gee,25,150,12.2084353962184,12.5523349848443,12.8962345734702
2013,A,All,All Origins,666,35,attributable,666,nvss,Deaths,age-adjusted rate,A,di_gee,25,150,1.09982067280879,1.13080153683157,1.16178240085436
2013,A,All,All Origins,666,35,attributable,higher,nvss,Deaths,age-adjusted rate,A,di_gee,25,150,0.830029374858487,0.853410484009431,0.876791593160374
2013,A,All,All Origins,666,35,attributable,lower,nvss,Deaths,age-adjusted rate,A,di_gee,25,150,1.40542155847626,1.44501089815165,1.48460023782704
2013,A,All,All Origins,666,35,attributable,middle,nvss,Deaths,age-adjusted rate,A,di_gee,25,150,1.10055666403255,1.13155826020248,1.16255985637241
2013,A,All,All Origins,666,36,attributable,666,nvss,Deaths,age-adjusted rate,A,di_gee,25,150,13.2565453111255,13.6299691227065,14.0033929342875
2013,A,All,All Origins,666,36,attributable,higher,nvss,Deaths,age-adjusted rate,A,di_gee,25,150,9.98614894411203,10.2674489143687,10.5487488846254
2013,A,All,All Origins,666,36,attributable,lower,nvss,Deaths,age-adjusted rate,A,di_gee,25,150,19.1305670205609,19.6694562324077,20.2083454442545
2013,A,All,All Origins,666,36,attributable,middle,nvss,Deaths,age-adjusted rate,A,di_gee,25,150,9.67129684303866,9.94372774002567,10.2161586370127
2013,A,All,All Origins,666,37,attributable,666,nvss,Deaths,age-adjusted rate,A,di_gee,25,150,15.1458023949987,15.5724447159846,15.9990870369705
2013,A,All,All Origins,666,37,attributable,higher,nvss,Deaths,age-adjusted rate,A,di_gee,25,150,11.0777732037415,11.3898231531427,11.7018731025439
2013,A,All,All Origins,666,37,attributable,lower,nvss,Deaths,age-adjusted rate,A,di_gee,25,150,20.3692205107559,20.9430013702138,21.5167822296717
2013,A,All,All Origins,666,37,attributable,middle,nvss,Deaths,age-adjusted rate,A,di_gee,25,150,10.2782960899196,10.5678255572413,10.857355024563
2013,A,All,All Origins,666,38,attributable,666,nvss,Deaths,age-adjusted rate,A,di_gee,25,150,3.54607698468379,3.6459664772101,3.7458559697364
2013,A,All,All Origins,666,38,attributable,higher,nvss,Deaths,age-adjusted rate,A,di_gee,25,150,3.30423294001686,3.39730992424268,3.49038690846851
2013,A,All,All Origins,666,38,attributable,lower,nvss,Deaths,age-adjusted rate,A,di_gee,25,150,4.25526974433951,4.37513649770119,4.49500325106286
2013,A,All,All Origins,666,38,attributable,middle,nvss,Deaths,age-adjusted rate,A,di_gee,25,150,3.19655456690754,3.28659835752465,3.37664214814176
2013,A,All,All Origins,666,39,attributable,666,nvss,Deaths,age-adjusted rate,A,di_gee,25,150,25.4480682168586,26.1649152088828,26.881762200907
2013,A,All,All Origins,666,39,attributable,higher,nvss,Deaths,age-adjusted rate,A,di_gee,25,150,17.4411075488338,17.9324063530263,18.4237051572188
2013,A,All,All Origins,666,39,attributable,lower,nvss,Deaths,age-adjusted rate,A,di_gee,25,150,34.4577779929432,35.4284196265472,36.3990612601513
2013,A,All,All Origins,666,39,attributable,middle,nvss,Deaths,age-adjusted rate,A,di_gee,25,150,16.5109485983029,16.9760457419171,17.4411428855312
2013,A,All,All Origins,666,40,attributable,666,nvss,Deaths,age-adjusted rate,A,di_gee,25,150,21.0644518039998,21.6578166435491,22.2511814830984
2013,A,All,All Origins,666,40,attributable,higher,nvss,Deaths,age-adjusted rate,A,di_gee,25,150,14.3247251835204,14.7282385689717,15.131751954423
2013,A,All,All Origins,666,40,attributable,lower,nvss,Deaths,age-adjusted rate,A,di_gee,25,150,27.1556188241502,27.9205658332812,28.6855128424122
2013,A,All,All Origins,666,40,attributable,middle,nvss,Deaths,age-adjusted rate,A,di_gee,25,150,16.9616167142493,17.439408734369,17.9172007544887
2013,A,All,All Origins,666,41,attributable,666,nvss,Deaths,age-adjusted rate,A,di_gee,25,150,6.70225843098002,6.8910544431203,7.07985045526059
2013,A,All,All Origins,666,41,attributable,higher,nvss,Deaths,age-adjusted rate,A,di_gee,25,150,4.80542926495042,4.94079346959691,5.0761576742434
2013,A,All,All Origins,666,41,attributable,lower,nvss,Deaths,age-adjusted rate,A,di_gee,25,150,10.3506899103864,10.6422586402564,10.9338273701264
2013,A,All,All Origins,666,41,attributable,middle,nvss,Deaths,age-adjusted rate,A,di_gee,25,150,5.35101554538142,5.50174837764569,5.65248120990995
2013,A,All,All Origins,666,42,attributable,666,nvss,Deaths,age-adjusted rate,A,di_gee,25,150,20.3709169514041,20.9447455979226,21.518574244441
2013,A,All,All Origins,666,42,attributable,higher,nvss,Deaths,age-adjusted rate,A,di_gee,25,150,14.991117447366,15.4134024458833,15.8356874444007
2013,A,All,All Origins,666,42,attributable,lower,nvss,Deaths,age-adjusted rate,A,di_gee,25,150,27.2578992985159,28.0257274477698,28.7935555970238
2013,A,All,All Origins,666,42,attributable,middle,nvss,Deaths,age-adjusted rate,A,di_gee,25,150,15.1020487022094,15.5274585248069,15.9528683474043
2013,A,All,All Origins,666,44,attributable,666,nvss,Deaths,age-adjusted rate,A,di_gee,25,150,12.2005608050098,12.544238574165,12.8879163433202
2013,A,All,All Origins,666,44,attributable,higher,nvss,Deaths,age-adjusted rate,A,di_gee,25,150,0.621021608354283,0.638515174786798,0.656008741219313
2013,A,All,All Origins,666,44,attributable,lower,nvss,Deaths,age-adjusted rate,A,di_gee,25,150,0.669924241569909,0.688795346966245,0.70766645236258
2013,A,All,All Origins,666,44,attributable,middle,nvss,Deaths,age-adjusted rate,A,di_gee,25,150,0.387876306231075,0.398802399364345,0.409728492497614
2013,A,All,All Origins,666,45,attributable,666,nvss,Deaths,age-adjusted rate,A,di_gee,25,150,18.3696829298378,18.8871387870164,19.4045946441949
2013,A,All,All Origins,666,45,attributable,higher,nvss,Deaths,age-adjusted rate,A,di_gee,25,150,11.9314902050745,12.2675885207104,12.6036868363463
2013,A,All,All Origins,666,45,attributable,lower,nvss,Deaths,age-adjusted rate,A,di_gee,25,150,23.9595029329376,24.6344185085133,25.309334084089
2013,A,All,All Origins,666,45,attributable,middle,nvss,Deaths,age-adjusted rate,A,di_gee,25,150,13.7610181729692,14.1486524877007,14.5362868024322
2013,A,All,All Origins,666,46,attributable,666,nvss,Deaths,age-adjusted rate,A,di_gee,25,150,3.0604262526139,3.14663544282837,3.23284463304285
2013,A,All,All Origins,666,46,attributable,higher,nvss,Deaths,age-adjusted rate,A,di_gee,25,150,2.49690829709585,2.56724374208446,2.63757918707308
2013,A,All,All Origins,666,46,attributable,lower,nvss,Deaths,age-adjusted rate,A,di_gee,25,150,4.40544100347898,4.52953793315444,4.65363486282991
2013,A,All,All Origins,666,46,attributable,middle,nvss,Deaths,age-adjusted rate,A,di_gee,25,150,2.0751737537965,2.13362935249499,2.19208495119348
2013,A,All,All Origins,666,47,attributable,666,nvss,Deaths,age-adjusted rate,A,di_gee,25,150,20.9484835720614,21.5385817008519,22.1286798296423
2013,A,All,All Origins,666,47,attributable,higher,nvss,Deaths,age-adjusted rate,A,di_gee,25,150,13.9206296689708,14.3127600821813,14.7048904953917
2013,A,All,All Origins,666,47,attributable,lower,nvss,Deaths,age-adjusted rate,A,di_gee,25,150,26.0134118847915,26.7461840505603,27.4789562163291
2013,A,All,All Origins,666,47,attributable,middle,nvss,Deaths,age-adjusted rate,A,di_gee,25,150,14.6931898876811,15.1070825605735,15.520975233466
2013,A,All,All Origins,666,48,attributable,666,nvss,Deaths,age-adjusted rate,A,di_gee,25,150,19.0014741279648,19.5367269203018,20.0719797126389
2013,A,All,All Origins,666,48,attributable,higher,nvss,Deaths,age-adjusted rate,A,di_gee,25,150,13.6674318141039,14.0524298933744,14.437427972645
2013,A,All,All Origins,666,48,attributable,lower,nvss,Deaths,age-adjusted rate,A,di_gee,25,150,24.8287287885919,25.5281295995381,26.2275304104844
2013,A,All,All Origins,666,48,attributable,middle,nvss,Deaths,age-adjusted rate,A,di_gee,25,150,14.4177035258535,14.8238360195395,15.2299685132255
2013,A,All,All Origins,666,49,attributable,666,nvss,Deaths,age-adjusted rate,A,di_gee,25,150,18.8111377370276,19.3410289408875,19.8709201447474
2013,A,All,All Origins,666,49,attributable,higher,nvss,Deaths,age-adjusted rate,A,di_gee,25,150,13.7846857361067,14.1729867427576,14.5612877494085
2013,A,All,All Origins,666,49,attributable,lower,nvss,Deaths,age-adjusted rate,A,di_gee,25,150,27.2941302814622,28.062979021785,28.8318277621079
2013,A,All,All Origins,666,49,attributable,middle,nvss,Deaths,age-adjusted rate,A,di_gee,25,150,16.4642018213355,16.9279821543308,17.3917624873262
2013,A,All,All Origins,666,50,attributable,666,nvss,Deaths,age-adjusted rate,A,di_gee,25,150,1.62920371063972,1.67509677291126,1.72098983518281
2013,A,All,All Origins,666,50,attributable,higher,nvss,Deaths,age-adjusted rate,A,di_gee,25,150,1.25068785543936,1.28591849925455,1.32114914306975
2013,A,All,All Origins,666,50,attributable,lower,nvss,Deaths,age-adjusted rate,A,di_gee,25,150,2.09853789779271,2.1576516413925,2.2167653849923
2013,A,All,All Origins,666,50,attributable,middle,nvss,Deaths,age-adjusted rate,A,di_gee,25,150,1.32824084469253,1.36565607975429,1.40307131481605
2013,A,All,All Origins,666,51,attributable,666,nvss,Deaths,age-adjusted rate,A,di_gee,25,150,15.0290042209449,15.4523564525208,15.8757086840967
2013,A,All,All Origins,666,51,attributable,higher,nvss,Deaths,age-adjusted rate,A,di_gee,25,150,11.0875522900439,11.3998777066649,11.7122031232858
2013,A,All,All Origins,666,51,attributable,lower,nvss,Deaths,age-adjusted rate,A,di_gee,25,150,20.239926836114,20.8100656202299,21.3802044043458
2013,A,All,All Origins,666,51,attributable,middle,nvss,Deaths,age-adjusted rate,A,di_gee,25,150,10.3190881769005,10.6097667170949,10.9004452572893
2013,A,All,All Origins,666,53,attributable,666,nvss,Deaths,age-adjusted rate,A,di_gee,25,150,4.64544934180307,4.77630706974119,4.9071647976793
2013,A,All,All Origins,666,53,attributable,higher,nvss,Deaths,age-adjusted rate,A,di_gee,25,150,3.07317052301435,3.15973870676124,3.24630689050812
2013,A,All,All Origins,666,53,attributable,lower,nvss,Deaths,age-adjusted rate,A,di_gee,25,150,7.80085298687974,8.02059532453832,8.24033766219691
2013,A,All,All Origins,666,53,attributable,middle,nvss,Deaths,age-adjusted rate,A,di_gee,25,150,3.86060589410191,3.9693553559076,4.07810481771329
2013,A,All,All Origins,666,54,attributable,666,nvss,Deaths,age-adjusted rate,A,di_gee,25,150,16.521330302519,16.9867198885055,17.4521094744919
2013,A,All,All Origins,666,54,attributable,higher,nvss,Deaths,age-adjusted rate,A,di_gee,25,150,12.4358293253602,12.7861343767788,13.1364394281974
2013,A,All,All Origins,666,54,attributable,lower,nvss,Deaths,age-adjusted rate,A,di_gee,25,150,19.2631632528751,19.8057875698575,20.3484118868399
2013,A,All,All Origins,666,54,attributable,middle,nvss,Deaths,age-adjusted rate,A,di_gee,25,150,10.0143571449851,10.2964517124495,10.5785462799138
2013,A,All,All Origins,666,55,attributable,666,nvss,Deaths,age-adjusted rate,A,di_gee,25,150,12.6878644398051,13.0452690719123,13.4026737040195
2013,A,All,All Origins,666,55,attributable,higher,nvss,Deaths,age-adjusted rate,A,di_gee,25,150,9.55085757843125,9.8198958200772,10.0889340617232
2013,A,All,All Origins,666,55,attributable,lower,nvss,Deaths,age-adjusted rate,A,di_gee,25,150,17.6437011894892,18.1407068567988,18.6377125241084
2013,A,All,All Origins,666,55,attributable,middle,nvss,Deaths,age-adjusted rate,A,di_gee,25,150,9.56539360411691,9.83484131127514,10.1042890184334
2013,A,All,All Origins,666,56,attributable,666,nvss,Deaths,age-adjusted rate,A,di_gee,25,150,0,0,0
2013,A,All,All Origins,666,56,attributable,higher,nvss,Deaths,age-adjusted rate,A,di_gee,25,150,0,0,0
2013,A,All,All Origins,666,56,attributable,lower,nvss,Deaths,age-adjusted rate,A,di_gee,25,150,0,0,0
2013,A,All,All Origins,666,56,attributable,middle,nvss,Deaths,age-adjusted rate,A,di_gee,25,150,0,0,0
2013,A,American Indian or Alaska Native,All Origins,666,1,attributable,666,nvss,Deaths,age-adjusted rate,A,di_gee,25,150,11.9468737203773,7.16812423222636,16.7256232085282
2013,A,American Indian or Alaska Native,All Origins,666,2,attributable,666,nvss,Deaths,age-adjusted rate,A,di_gee,25,150,10.7021874481392,6.42131246888352,14.9830624273949
2013,A,American Indian or Alaska Native,All Origins,666,4,attributable,666,nvss,Deaths,age-adjusted rate,A,di_gee,25,150,5.11205423342381,3.06723254005429,7.15687592679333
2013,A,American Indian or Alaska Native,All Origins,666,5,attributable,666,nvss,Deaths,age-adjusted rate,A,di_gee,25,150,8.90855327461299,5.3451319647678,12.4719745844582
2013,A,American Indian or Alaska Native,All Origins,666,6,attributable,666,nvss,Deaths,age-adjusted rate,A,di_gee,25,150,20.0425006058692,12.0255003635215,28.0595008482168
2013,A,American Indian or Alaska Native,All Origins,666,8,attributable,666,nvss,Deaths,age-adjusted rate,A,di_gee,25,150,5.22494895425865,3.13496937255519,7.3149285359621
2013,A,American Indian or Alaska Native,All Origins,666,9,attributable,666,nvss,Deaths,age-adjusted rate,A,di_gee,25,150,5.09954430825854,3.05972658495513,7.13936203156195
2013,A,American Indian or Alaska Native,All Origins,666,10,attributable,666,nvss,Deaths,age-adjusted rate,A,di_gee,25,150,10.8639077973309,6.51834467839856,15.2094709162633
2013,A,American Indian or Alaska Native,All Origins,666,11,attributable,666,nvss,Deaths,age-adjusted rate,A,di_gee,25,150,8.56881621155572,5.14128972693343,11.996342696178
2013,A,American Indian or Alaska Native,All Origins,666,12,attributable,666,nvss,Deaths,age-adjusted rate,A,di_gee,25,150,7.25662801784321,4.35397681070593,10.1592792249805
2013,A,American Indian or Alaska Native,All Origins,666,13,attributable,666,nvss,Deaths,age-adjusted rate,A,di_gee,25,150,7.56770744843421,4.54062446906053,10.5947904278079
2013,A,American Indian or Alaska Native,All Origins,666,15,attributable,666,nvss,Deaths,age-adjusted rate,A,di_gee,25,150,0.499322453453861,0.299593472072317,0.699051434835405
2013,A,American Indian or Alaska Native,All Origins,666,16,attributable,666,nvss,Deaths,age-adjusted rate,A,di_gee,25,150,9.42118031441089,5.65270818864654,13.1896524401752
2013,A,American Indian or Alaska Native,All Origins,666,17,attributable,666,nvss,Deaths,age-adjusted rate,A,di_gee,25,150,7.53826754217067,4.5229605253024,10.5535745590389
2013,A,American Indian or Alaska Native,All Origins,666,18,attributable,666,nvss,Deaths,age-adjusted rate,A,di_gee,25,150,7.56723062355495,4.54033837413297,10.5941228729769
2013,A,American Indian or Alaska Native,All Origins,666,19,attributable,666,nvss,Deaths,age-adjusted rate,A,di_gee,25,150,17.4053672595002,10.4432203557001,24.3675141633002
2013,A,American Indian or Alaska Native,All Origins,666,20,attributable,666,nvss,Deaths,age-adjusted rate,A,di_gee,25,150,34.0303440805795,20.4182064483477,47.6424817128112
2013,A,American Indian or Alaska Native,All Origins,666,21,attributable,666,nvss,Deaths,age-adjusted rate,A,di_gee,25,150,7.89831224963642,4.73898734978185,11.057637149491
2013,A,American Indian or Alaska Native,All Origins,666,22,attributable,666,nvss,Deaths,age-adjusted rate,A,di_gee,25,150,12.3527224824391,7.41163348946344,17.2938114754147
2013,A,American Indian or Alaska Native,All Origins,666,23,attributable,666,nvss,Deaths,age-adjusted rate,A,di_gee,25,150,0,0,0
2013,A,American Indian or Alaska Native,All Origins,666,24,attributable,666,nvss,Deaths,age-adjusted rate,A,di_gee,25,150,7.80392697782099,4.6823561866926,10.9254977689494
2013,A,American Indian or Alaska Native,All Origins,666,25,attributable,666,nvss,Deaths,age-adjusted rate,A,di_gee,25,150,7.03797567468588,4.22278540481153,9.85316594456021
2013,A,American Indian or Alaska Native,All Origins,666,26,attributable,666,nvss,Deaths,age-adjusted rate,A,di_gee,25,150,17.1151140658323,10.2690684394994,23.9611596921651
2013,A,American Indian or Alaska Native,All Origins,666,27,attributable,666,nvss,Deaths,age-adjusted rate,A,di_gee,25,150,12.6342900555657,7.58057403333943,17.688006077792
2013,A,American Indian or Alaska Native,All Origins,666,28,attributable,666,nvss,Deaths,age-adjusted rate,A,di_gee,25,150,19.6165982169165,11.7699589301499,27.463237503683
2013,A,American Indian or Alaska Native,All Origins,666,29,attributable,666,nvss,Deaths,age-adjusted rate,A,di_gee,25,150,14.0311021727012,8.41866130362073,19.6435430417817
2013,A,American Indian or Alaska Native,All Origins,666,30,attributable,666,nvss,Deaths,age-adjusted rate,A,di_gee,25,150,0,0,0
2013,A,American Indian or Alaska Native,All Origins,666,31,attributable,666,nvss,Deaths,age-adjusted rate,A,di_gee,25,150,15.436496071205,9.261897642723,21.611094499687
2013,A,American Indian or Alaska Native,All Origins,666,32,attributable,666,nvss,Deaths,age-adjusted rate,A,di_gee,25,150,12.4467560420498,7.46805362522986,17.4254584588696
2013,A,American Indian or Alaska Native,All Origins,666,33,attributable,666,nvss,Deaths,age-adjusted rate,A,di_gee,25,150,1.9065728684713,1.14394372108278,2.66920201585981
2013,A,American Indian or Alaska Native,All Origins,666,34,attributable,666,nvss,Deaths,age-adjusted rate,A,di_gee,25,150,5.73660829649409,3.44196497789645,8.03125161509172
2013,A,American Indian or Alaska Native,All Origins,666,35,attributable,666,nvss,Deaths,age-adjusted rate,A,di_gee,25,150,0,0,0
2013,A,American Indian or Alaska Native,All Origins,666,36,attributable,666,nvss,Deaths,age-adjusted rate,A,di_gee,25,150,5.10467711435978,3.06280626861587,7.14654796010368
2013,A,American Indian or Alaska Native,All Origins,666,37,attributable,666,nvss,Deaths,age-adjusted rate,A,di_gee,25,150,20.0788575306142,12.0473145183685,28.1104005428599
2013,A,American Indian or Alaska Native,All Origins,666,38,attributable,666,nvss,Deaths,age-adjusted rate,A,di_gee,25,150,0.0283440841907171,0.0170064505144303,0.0396817178670039
2013,A,American Indian or Alaska Native,All Origins,666,39,attributable,666,nvss,Deaths,age-adjusted rate,A,di_gee,25,150,9.50476594268221,5.70285956560933,13.3066723197551
2013,A,American Indian or Alaska Native,All Origins,666,40,attributable,666,nvss,Deaths,age-adjusted rate,A,di_gee,25,150,34.0248859696301,20.4149315817781,47.6348403574821
2013,A,American Indian or Alaska Native,All Origins,666,41,attributable,666,nvss,Deaths,age-adjusted rate,A,di_gee,25,150,7.78221373154433,4.6693282389266,10.895099224162
2013,A,American Indian or Alaska Native,All Origins,666,42,attributable,666,nvss,Deaths,age-adjusted rate,A,di_gee,25,150,12.9932497146378,7.79594982878268,18.1905496004929
2013,A,American Indian or Alaska Native,All Origins,666,44,attributable,666,nvss,Deaths,age-adjusted rate,A,di_gee,25,150,13.990142300164,8.39408538009839,19.5861992202296
2013,A,American Indian or Alaska Native,All Origins,666,45,attributable,666,nvss,Deaths,age-adjusted rate,A,di_gee,25,150,12.3264306813651,7.39585840881908,17.2570029539112
2013,A,American Indian or Alaska Native,All Origins,666,46,attributable,666,nvss,Deaths,age-adjusted rate,A,di_gee,25,150,0,0,0
2013,A,American Indian or Alaska Native,All Origins,666,47,attributable,666,nvss,Deaths,age-adjusted rate,A,di_gee,25,150,6.86585245436778,4.11951147262067,9.61219343611488
2013,A,American Indian or Alaska Native,All Origins,666,48,attributable,666,nvss,Deaths,age-adjusted rate,A,di_gee,25,150,4.71043624216302,2.82626174529781,6.59461073902822
2013,A,American Indian or Alaska Native,All Origins,666,49,attributable,666,nvss,Deaths,age-adjusted rate,A,di_gee,25,150,19.394714861826,11.6368289170956,27.1526008065564
2013,A,American Indian or Alaska Native,All Origins,666,50,attributable,666,nvss,Deaths,age-adjusted rate,A,di_gee,25,150,0.932681184368311,0.559608710620986,1.30575365811563
2013,A,American Indian or Alaska Native,All Origins,666,51,attributable,666,nvss,Deaths,age-adjusted rate,A,di_gee,25,150,8.49179321936654,5.09507593161992,11.8885105071131
2013,A,American Indian or Alaska Native,All Origins,666,53,attributable,666,nvss,Deaths,age-adjusted rate,A,di_gee,25,150,7.20635273826512,4.32381164295907,10.0888938335712
2013,A,American Indian or Alaska Native,All Origins,666,54,attributable,666,nvss,Deaths,age-adjusted rate,A,di_gee,25,150,3.53373692109452,2.12024215265671,4.94723168953231
2013,A,American Indian or Alaska Native,All Origins,666,55,attributable,666,nvss,Deaths,age-adjusted rate,A,di_gee,25,150,19.2464635524664,11.5478781314798,26.9450489734529
2013,A,American Indian or Alaska Native,All Origins,666,56,attributable,666,nvss,Deaths,age-adjusted rate,A,di_gee,25,150,0,0,0
2013,A,Asian or Pacific Islander,All Origins,666,1,attributable,666,nvss,Deaths,age-adjusted rate,A,di_gee,25,150,10.0032460960218,7.81503601251702,12.1914561795266
2013,A,Asian or Pacific Islander,All Origins,666,2,attributable,666,nvss,Deaths,age-adjusted rate,A,di_gee,25,150,0.896942648576468,0.700736444200365,1.09314885295257
2013,A,Asian or Pacific Islander,All Origins,666,4,attributable,666,nvss,Deaths,age-adjusted rate,A,di_gee,25,150,8.85568364980215,6.91850285140792,10.7928644481964
2013,A,Asian or Pacific Islander,All Origins,666,5,attributable,666,nvss,Deaths,age-adjusted rate,A,di_gee,25,150,19.9710745569875,15.6024019976465,24.3397471163285
2013,A,Asian or Pacific Islander,All Origins,666,6,attributable,666,nvss,Deaths,age-adjusted rate,A,di_gee,25,150,23.9320333909968,18.6969010867162,29.1671656952773
2013,A,Asian or Pacific Islander,All Origins,666,8,attributable,666,nvss,Deaths,age-adjusted rate,A,di_gee,25,150,5.32285037625048,4.15847685644568,6.48722389605526
2013,A,Asian or Pacific Islander,All Origins,666,9,attributable,666,nvss,Deaths,age-adjusted rate,A,di_gee,25,150,7.68782523052038,6.00611346134404,9.36953699969671
2013,A,Asian or Pacific Islander,All Origins,666,10,attributable,666,nvss,Deaths,age-adjusted rate,A,di_gee,25,150,12.9756297736361,10.1372107606532,15.814048786619
2013,A,Asian or Pacific Islander,All Origins,666,11,attributable,666,nvss,Deaths,age-adjusted rate,A,di_gee,25,150,16.0745712894058,12.5582588198483,19.5908837589634
2013,A,Asian or Pacific Islander,All Origins,666,12,attributable,666,nvss,Deaths,age-adjusted rate,A,di_gee,25,150,7.492807735158,5.85375604309218,9.13185942722381
2013,A,Asian or Pacific Islander,All Origins,666,13,attributable,666,nvss,Deaths,age-adjusted rate,A,di_gee,25,150,16.2666447734505,12.7083162292582,19.8249733176428
2013,A,Asian or Pacific Islander,All Origins,666,15,attributable,666,nvss,Deaths,age-adjusted rate,A,di_gee,25,150,1.35502573367933,1.05861385443698,1.65143761292169
2013,A,Asian or Pacific Islander,All Origins,666,16,attributable,666,nvss,Deaths,age-adjusted rate,A,di_gee,25,150,13.7096678783601,10.7106780299688,16.7086577267513
2013,A,Asian or Pacific Islander,All Origins,666,17,attributable,666,nvss,Deaths,age-adjusted rate,A,di_gee,25,150,17.8269847656267,13.9273318481458,21.7266376831075
2013,A,Asian or Pacific Islander,All Origins,666,18,attributable,666,nvss,Deaths,age-adjusted rate,A,di_gee,25,150,16.9116397426677,13.2122185489591,20.6110609363762
2013,A,Asian or Pacific Islander,All Origins,666,19,attributable,666,nvss,Deaths,age-adjusted rate,A,di_gee,25,150,16.3167243902295,12.7474409298668,19.8860078505922
2013,A,Asian or Pacific Islander,All Origins,666,20,attributable,666,nvss,Deaths,age-adjusted rate,A,di_gee,25,150,14.679956611487,11.4687161027242,17.8911971202498
2013,A,Asian or Pacific Islander,All Origins,666,21,attributable,666,nvss,Deaths,age-adjusted rate,A,di_gee,25,150,20.1583837592815,15.7487373119387,24.5680302066243
2013,A,Asian or Pacific Islander,All Origins,666,22,attributable,666,nvss,Deaths,age-adjusted rate,A,di_gee,25,150,14.8563414566234,11.606516762987,18.1061661502597
2013,A,Asian or Pacific Islander,All Origins,666,23,attributable,666,nvss,Deaths,age-adjusted rate,A,di_gee,25,150,1.88680735283641,1.47406824440344,2.29954646126937
2013,A,Asian or Pacific Islander,All Origins,666,24,attributable,666,nvss,Deaths,age-adjusted rate,A,di_gee,25,150,12.7329228336427,9.94759596378336,15.5182497035021
2013,A,Asian or Pacific Islander,All Origins,666,25,attributable,666,nvss,Deaths,age-adjusted rate,A,di_gee,25,150,7.40744791568777,5.78706868413106,9.02782714724446
2013,A,Asian or Pacific Islander,All Origins,666,26,attributable,666,nvss,Deaths,age-adjusted rate,A,di_gee,25,150,11.3841204374536,8.89384409176061,13.8743967831466
2013,A,Asian or Pacific Islander,All Origins,666,27,attributable,666,nvss,Deaths,age-adjusted rate,A,di_gee,25,150,13.4377416210444,10.4982356414409,16.3772476006479
2013,A,Asian or Pacific Islander,All Origins,666,28,attributable,666,nvss,Deaths,age-adjusted rate,A,di_gee,25,150,16.5993449968046,12.9682382787536,20.2304517148556
2013,A,Asian or Pacific Islander,All Origins,666,29,attributable,666,nvss,Deaths,age-adjusted rate,A,di_gee,25,150,18.3702750055933,14.3517773481197,22.3887726630668
2013,A,Asian or Pacific Islander,All Origins,666,30,attributable,666,nvss,Deaths,age-adjusted rate,A,di_gee,25,150,1.90687907510445,1.48974927742535,2.32400887278355
2013,A,Asian or Pacific Islander,All Origins,666,31,attributable,666,nvss,Deaths,age-adjusted rate,A,di_gee,25,150,9.54998414498543,7.46092511326986,11.639043176701
2013,A,Asian or Pacific Islander,All Origins,666,32,attributable,666,nvss,Deaths,age-adjusted rate,A,di_gee,25,150,11.7817688472142,9.20450691188609,14.3590307825423
2013,A,Asian or Pacific Islander,All Origins,666,33,attributable,666,nvss,Deaths,age-adjusted rate,A,di_gee,25,150,5.30636368134028,4.14559662604709,6.46713073663346
2013,A,Asian or Pacific Islander,All Origins,666,34,attributable,666,nvss,Deaths,age-adjusted rate,A,di_gee,25,150,11.2848273366336,8.81627135674496,13.7533833165221
2013,A,Asian or Pacific Islander,All Origins,666,35,attributable,666,nvss,Deaths,age-adjusted rate,A,di_gee,25,150,1.43615839169974,1.12199874351542,1.75031803988406
2013,A,Asian or Pacific Islander,All Origins,666,36,attributable,666,nvss,Deaths,age-adjusted rate,A,di_gee,25,150,12.4345746378894,9.71451143585106,15.1546378399277
2013,A,Asian or Pacific Islander,All Origins,666,37,attributable,666,nvss,Deaths,age-adjusted rate,A,di_gee,25,150,9.76253409845493,7.62697976441791,11.8980884324919
2013,A,Asian or Pacific Islander,All Origins,666,38,attributable,666,nvss,Deaths,age-adjusted rate,A,di_gee,25,150,5.73285007416175,4.47878912043886,6.98691102788463
2013,A,Asian or Pacific Islander,All Origins,666,39,attributable,666,nvss,Deaths,age-adjusted rate,A,di_gee,25,150,16.7139250992249,13.0577539837694,20.3700962146803
2013,A,Asian or Pacific Islander,All Origins,666,40,attributable,666,nvss,Deaths,age-adjusted rate,A,di_gee,25,150,14.670714531215,11.4614957275117,17.8799333349182
2013,A,Asian or Pacific Islander,All Origins,666,41,attributable,666,nvss,Deaths,age-adjusted rate,A,di_gee,25,150,7.99609487844626,6.24694912378613,9.74524063310637
2013,A,Asian or Pacific Islander,All Origins,666,42,attributable,666,nvss,Deaths,age-adjusted rate,A,di_gee,25,150,15.806459189216,12.348796241575,19.264122136857
2013,A,Asian or Pacific Islander,All Origins,666,44,attributable,666,nvss,Deaths,age-adjusted rate,A,di_gee,25,150,10.0850290394559,7.8789289370749,12.2911291418369
2013,A,Asian or Pacific Islander,All Origins,666,45,attributable,666,nvss,Deaths,age-adjusted rate,A,di_gee,25,150,11.2255722011685,8.76997828216285,13.6811661201741
2013,A,Asian or Pacific Islander,All Origins,666,46,attributable,666,nvss,Deaths,age-adjusted rate,A,di_gee,25,150,5.37182700110627,4.19673984461427,6.54691415759826
2013,A,Asian or Pacific Islander,All Origins,666,47,attributable,666,nvss,Deaths,age-adjusted rate,A,di_gee,25,150,15.1845923530096,11.8629627757888,18.5062219302305
2013,A,Asian or Pacific Islander,All Origins,666,48,attributable,666,nvss,Deaths,age-adjusted rate,A,di_gee,25,150,15.7250654131507,12.285207354024,19.1649234722774
2013,A,Asian or Pacific Islander,All Origins,666,49,attributable,666,nvss,Deaths,age-adjusted rate,A,di_gee,25,150,25.0666107293437,19.5832896322998,30.5499318263876
2013,A,Asian or Pacific Islander,All Origins,666,50,attributable,666,nvss,Deaths,age-adjusted rate,A,di_gee,25,150,3.79664427503726,2.96612833987285,4.62716021020165
2013,A,Asian or Pacific Islander,All Origins,666,51,attributable,666,nvss,Deaths,age-adjusted rate,A,di_gee,25,150,12.7112407822192,9.93065686110873,15.4918247033296
2013,A,Asian or Pacific Islander,All Origins,666,53,attributable,666,nvss,Deaths,age-adjusted rate,A,di_gee,25,150,4.61536620556054,3.60575484809416,5.6249775630269
2013,A,Asian or Pacific Islander,All Origins,666,54,attributable,666,nvss,Deaths,age-adjusted rate,A,di_gee,25,150,11.5958042334591,9.05922205738995,14.1323864095283
2013,A,Asian or Pacific Islander,All Origins,666,55,attributable,666,nvss,Deaths,age-adjusted rate,A,di_gee,25,150,15.9015360601683,12.4230750470065,19.3799970733301
2013,A,Asian or Pacific Islander,All Origins,666,56,attributable,666,nvss,Deaths,age-adjusted rate,A,di_gee,25,150,0,0,0
2013,A,Black or African American,All Origins,666,1,attributable,666,nvss,Deaths,age-adjusted rate,A,di_gee,25,150,85.8436885600379,82.1292981896516,89.5580789304242
2013,A,Black or African American,All Origins,666,2,attributable,666,nvss,Deaths,age-adjusted rate,A,di_gee,25,150,19.5606651610806,18.7142902262262,20.4070400959351
2013,A,Black or African American,All Origins,666,4,attributable,666,nvss,Deaths,age-adjusted rate,A,di_gee,25,150,42.1160419434951,40.2937132055554,43.9383706814348
2013,A,Black or African American,All Origins,666,5,attributable,666,nvss,Deaths,age-adjusted rate,A,di_gee,25,150,89.6486471739675,85.7696191712478,93.5276751766873
2013,A,Black or African American,All Origins,666,6,attributable,666,nvss,Deaths,age-adjusted rate,A,di_gee,25,150,102.440159175199,98.0076522878109,106.872666062588
2013,A,Black or African American,All Origins,666,8,attributable,666,nvss,Deaths,age-adjusted rate,A,di_gee,25,150,23.6464555189789,22.6232915782538,24.6696194597039
2013,A,Black or African American,All Origins,666,9,attributable,666,nvss,Deaths,age-adjusted rate,A,di_gee,25,150,44.4577175797806,42.5340663383478,46.3813688212135
2013,A,Black or African American,All Origins,666,10,attributable,666,nvss,Deaths,age-adjusted rate,A,di_gee,25,150,63.2144400001739,60.4791998078587,65.9496801924892
2013,A,Black or African American,All Origins,666,11,attributable,666,nvss,Deaths,age-adjusted rate,A,di_gee,25,150,85.0685428667132,81.3876924542112,88.7493932792153
2013,A,Black or African American,All Origins,666,12,attributable,666,nvss,Deaths,age-adjusted rate,A,di_gee,25,150,38.0102963752618,36.3656200897938,39.6549726607299
2013,A,Black or African American,All Origins,666,13,attributable,666,nvss,Deaths,age-adjusted rate,A,di_gee,25,150,72.0785092169436,68.9597275681336,75.1972908657537
2013,A,Black or African American,All Origins,666,15,attributable,666,nvss,Deaths,age-adjusted rate,A,di_gee,25,150,0,0,0
2013,A,Black or African American,All Origins,666,16,attributable,666,nvss,Deaths,age-adjusted rate,A,di_gee,25,150,35.8336902307354,34.2831940188286,37.3841864426422
2013,A,Black or African American,All Origins,666,17,attributable,666,nvss,Deaths,age-adjusted rate,A,di_gee,25,150,99.7626981559375,95.4460429472671,104.079353364608
2013,A,Black or African American,All Origins,666,18,attributable,666,nvss,Deaths,age-adjusted rate,A,di_gee,25,150,103.897567218196,99.4019994058703,108.393135030522
2013,A,Black or African American,All Origins,666,19,attributable,666,nvss,Deaths,age-adjusted rate,A,di_gee,25,150,76.9831397764445,73.6521385361177,80.3141410167715
2013,A,Black or African American,All Origins,666,20,attributable,666,nvss,Deaths,age-adjusted rate,A,di_gee,25,150,67.723540793117,64.7931952780302,70.6538863082038
2013,A,Black or African American,All Origins,666,21,attributable,666,nvss,Deaths,age-adjusted rate,A,di_gee,25,150,89.1174130679027,85.2613711563108,92.9734549794947
2013,A,Black or African American,All Origins,666,22,attributable,666,nvss,Deaths,age-adjusted rate,A,di_gee,25,150,75.1498714908531,71.8981943590374,78.4015486226689
2013,A,Black or African American,All Origins,666,23,attributable,666,nvss,Deaths,age-adjusted rate,A,di_gee,25,150,7.87823217525289,7.5373471292083,8.2191172212975
2013,A,Black or African American,All Origins,666,24,attributable,666,nvss,Deaths,age-adjusted rate,A,di_gee,25,150,67.7289247635886,64.7983462882411,70.6595032389363
2013,A,Black or African American,All Origins,666,25,attributable,666,nvss,Deaths,age-adjusted rate,A,di_gee,25,150,31.1038166892286,29.7579784670985,32.4496549113587
2013,A,Black or African American,All Origins,666,26,attributable,666,nvss,Deaths,age-adjusted rate,A,di_gee,25,150,81.5892031379543,78.0589010791005,85.1195051968081
2013,A,Black or African American,All Origins,666,27,attributable,666,nvss,Deaths,age-adjusted rate,A,di_gee,25,150,45.6587750693436,43.6831549942278,47.6343951444595
2013,A,Black or African American,All Origins,666,28,attributable,666,nvss,Deaths,age-adjusted rate,A,di_gee,25,150,73.507225446146,70.3266243451108,76.6878265471812
2013,A,Black or African American,All Origins,666,29,attributable,666,nvss,Deaths,age-adjusted rate,A,di_gee,25,150,91.6722941095216,87.705704460552,95.6388837584914
2013,A,Black or African American,All Origins,666,30,attributable,666,nvss,Deaths,age-adjusted rate,A,di_gee,25,150,8.18103888999246,7.82705163032933,8.5350261496556
2013,A,Black or African American,All Origins,666,31,attributable,666,nvss,Deaths,age-adjusted rate,A,di_gee,25,150,62.4686923513604,59.7657200861573,65.1716646165636
2013,A,Black or African American,All Origins,666,32,attributable,666,nvss,Deaths,age-adjusted rate,A,di_gee,25,150,49.8330508286345,47.6768130523956,51.9892886048736
2013,A,Black or African American,All Origins,666,33,attributable,666,nvss,Deaths,age-adjusted rate,A,di_gee,25,150,11.1310567877395,10.6494245228854,11.6126890525936
2013,A,Black or African American,All Origins,666,34,attributable,666,nvss,Deaths,age-adjusted rate,A,di_gee,25,150,62.1001896047537,59.4131621699327,64.7872170395748
2013,A,Black or African American,All Origins,666,35,attributable,666,nvss,Deaths,age-adjusted rate,A,di_gee,25,150,10.1274169079506,9.68921136866426,10.5656224472369
2013,A,Black or African American,All Origins,666,36,attributable,666,nvss,Deaths,age-adjusted rate,A,di_gee,25,150,51.2770333116903,49.0583155241653,53.4957510992154
2013,A,Black or African American,All Origins,666,37,attributable,666,nvss,Deaths,age-adjusted rate,A,di_gee,25,150,53.5114649087189,51.196064984784,55.8268648326539
2013,A,Black or African American,All Origins,666,38,attributable,666,nvss,Deaths,age-adjusted rate,A,di_gee,25,150,8.46877224185161,8.10233498138688,8.83520950231634
2013,A,Black or African American,All Origins,666,39,attributable,666,nvss,Deaths,age-adjusted rate,A,di_gee,25,150,98.3670118475296,94.1107469118192,102.62327678324
2013,A,Black or African American,All Origins,666,40,attributable,666,nvss,Deaths,age-adjusted rate,A,di_gee,25,150,73.327923282181,70.1550804478559,76.5007661165062
2013,A,Black or African American,All Origins,666,41,attributable,666,nvss,Deaths,age-adjusted rate,A,di_gee,25,150,39.4493814303647,37.7424370415509,41.1563258191786
2013,A,Black or African American,All Origins,666,42,attributable,666,nvss,Deaths,age-adjusted rate,A,di_gee,25,150,82.181609638378,78.6256746059482,85.7375446708079
2013,A,Black or African American,All Origins,666,44,attributable,666,nvss,Deaths,age-adjusted rate,A,di_gee,25,150,26.6478501310231,25.4948181542,27.8008821078463
2013,A,Black or African American,All Origins,666,45,attributable,666,nvss,Deaths,age-adjusted rate,A,di_gee,25,150,61.0535808904017,58.4118394095671,63.6953223712365
2013,A,Black or African American,All Origins,666,46,attributable,666,nvss,Deaths,age-adjusted rate,A,di_gee,25,150,7.57582506110281,7.24802493826664,7.903625183939
2013,A,Black or African American,All Origins,666,47,attributable,666,nvss,Deaths,age-adjusted rate,A,di_gee,25,150,82.0307894927748,78.4813803320298,85.5801986535199
2013,A,Black or African American,All Origins,666,48,attributable,666,nvss,Deaths,age-adjusted rate,A,di_gee,25,150,74.7538809696856,71.5193380431127,77.9884238962585
2013,A,Black or African American,All Origins,666,49,attributable,666,nvss,Deaths,age-adjusted rate,A,di_gee,25,150,66.3132057029523,63.4438843023438,69.1825271035609
2013,A,Black or African American,All Origins,666,50,attributable,666,nvss,Deaths,age-adjusted rate,A,di_gee,25,150,13.6759561589594,13.0842080559275,14.2677042619913
2013,A,Black or African American,All Origins,666,51,attributable,666,nvss,Deaths,age-adjusted rate,A,di_gee,25,150,53.7887246672886,51.4613279268771,56.1161214077001
2013,A,Black or African American,All Origins,666,53,attributable,666,nvss,Deaths,age-adjusted rate,A,di_gee,25,150,23.0136683919985,22.0178846634985,24.0094521204984
2013,A,Black or African American,All Origins,666,54,attributable,666,nvss,Deaths,age-adjusted rate,A,di_gee,25,150,57.2815647560487,54.8030355117966,59.7600940003008
2013,A,Black or African American,All Origins,666,55,attributable,666,nvss,Deaths,age-adjusted rate,A,di_gee,25,150,78.3982471033019,75.006015257486,81.7904789491179
2013,A,Black or African American,All Origins,666,56,attributable,666,nvss,Deaths,age-adjusted rate,A,di_gee,25,150,0,0,0
2013,A,White,Hispanic or Latino,666,1,attributable,666,nvss,Deaths,age-adjusted rate,A,di_gee,25,150,16.1950615862406,13.9612599881384,18.5684757842241
2013,A,White,Hispanic or Latino,666,2,attributable,666,nvss,Deaths,age-adjusted rate,A,di_gee,25,150,5.27577664359557,4.54808331344446,6.04895080688113
2013,A,White,Hispanic or Latino,666,4,attributable,666,nvss,Deaths,age-adjusted rate,A,di_gee,25,150,17.9963447961504,15.514090341509,20.6337401542069
2013,A,White,Hispanic or Latino,666,5,attributable,666,nvss,Deaths,age-adjusted rate,A,di_gee,25,150,15.827403601654,13.6443134497017,18.1469368881032
2013,A,White,Hispanic or Latino,666,6,attributable,666,nvss,Deaths,age-adjusted rate,A,di_gee,25,150,40.1725433852824,34.6315029183469,46.0598988814014
2013,A,White,Hispanic or Latino,666,8,attributable,666,nvss,Deaths,age-adjusted rate,A,di_gee,25,150,11.419169460503,9.84411160388192,13.0926684331629
2013,A,White,Hispanic or Latino,666,9,attributable,666,nvss,Deaths,age-adjusted rate,A,di_gee,25,150,19.6610438002445,16.9491756898659,22.5424036675217
2013,A,White,Hispanic or Latino,666,10,attributable,666,nvss,Deaths,age-adjusted rate,A,di_gee,25,150,20.8674784288456,17.9892055421083,23.925643371004
2013,A,White,Hispanic or Latino,666,11,attributable,666,nvss,Deaths,age-adjusted rate,A,di_gee,25,150,21.0684253265185,18.162435626309,24.156039382991
2013,A,White,Hispanic or Latino,666,12,attributable,666,nvss,Deaths,age-adjusted rate,A,di_gee,25,150,13.2128060356428,11.3903500307265,15.1491655408663
2013,A,White,Hispanic or Latino,666,13,attributable,666,nvss,Deaths,age-adjusted rate,A,di_gee,25,150,13.5291664235026,11.6630745030195,15.5118890890159
2013,A,White,Hispanic or Latino,666,15,attributable,666,nvss,Deaths,age-adjusted rate,A,di_gee,25,150,1.2313520902023,1.06151042258819,1.41180886204229
2013,A,White,Hispanic or Latino,666,16,attributable,666,nvss,Deaths,age-adjusted rate,A,di_gee,25,150,11.2179902396516,9.67068124107896,12.862006050635
2013,A,White,Hispanic or Latino,666,17,attributable,666,nvss,Deaths,age-adjusted rate,A,di_gee,25,150,28.7645221667795,24.7970018679134,32.9800124843248
2013,A,White,Hispanic or Latino,666,18,attributable,666,nvss,Deaths,age-adjusted rate,A,di_gee,25,150,26.6135586584228,22.942722981399,30.5138215652607
2013,A,White,Hispanic or Latino,666,19,attributable,666,nvss,Deaths,age-adjusted rate,A,di_gee,25,150,18.0311976809821,15.5441359318811,20.6737007894019
2013,A,White,Hispanic or Latino,666,20,attributable,666,nvss,Deaths,age-adjusted rate,A,di_gee,25,150,16.1764783762698,13.9452399795429,18.5471691727921
2013,A,White,Hispanic or Latino,666,21,attributable,666,nvss,Deaths,age-adjusted rate,A,di_gee,25,150,14.2066565878984,12.2471177481883,16.2886666050904
2013,A,White,Hispanic or Latino,666,22,attributable,666,nvss,Deaths,age-adjusted rate,A,di_gee,25,150,16.0212260264331,13.8114017469251,18.3691643234104
2013,A,White,Hispanic or Latino,666,23,attributable,666,nvss,Deaths,age-adjusted rate,A,di_gee,25,150,0.678599746843708,0.584999781761817,0.778049709743216
2013,A,White,Hispanic or Latino,666,24,attributable,666,nvss,Deaths,age-adjusted rate,A,di_gee,25,150,15.992045702267,13.7862462950578,18.3357075724268
2013,A,White,Hispanic or Latino,666,25,attributable,666,nvss,Deaths,age-adjusted rate,A,di_gee,25,150,16.3909458525668,14.1301257349714,18.793067227512
2013,A,White,Hispanic or Latino,666,26,attributable,666,nvss,Deaths,age-adjusted rate,A,di_gee,25,150,24.71135748977,21.3028943877328,28.3328495356846
2013,A,White,Hispanic or Latino,666,27,attributable,666,nvss,Deaths,age-adjusted rate,A,di_gee,25,150,12.1089433365873,10.4387442556787,13.8835298600527
2013,A,White,Hispanic or Latino,666,28,attributable,666,nvss,Deaths,age-adjusted rate,A,di_gee,25,150,10.2313814283911,8.82015640378543,11.7308080170346
2013,A,White,Hispanic or Latino,666,29,attributable,666,nvss,Deaths,age-adjusted rate,A,di_gee,25,150,19.9489369576599,17.1973594462585,22.8724880635238
2013,A,White,Hispanic or Latino,666,30,attributable,666,nvss,Deaths,age-adjusted rate,A,di_gee,25,150,1.96567086665782,1.69454385056708,2.25374332125422
2013,A,White,Hispanic or Latino,666,31,attributable,666,nvss,Deaths,age-adjusted rate,A,di_gee,25,150,11.0200880462832,9.50007590196827,12.6351009496178
2013,A,White,Hispanic or Latino,666,32,attributable,666,nvss,Deaths,age-adjusted rate,A,di_gee,25,150,18.0680544432484,15.5759090028004,20.7159589737245
2013,A,White,Hispanic or Latino,666,33,attributable,666,nvss,Deaths,age-adjusted rate,A,di_gee,25,150,4.90964782538424,4.23245502188297,5.62916517910434
2013,A,White,Hispanic or Latino,666,34,attributable,666,nvss,Deaths,age-adjusted rate,A,di_gee,25,150,22.4713497851962,19.3718532631002,25.7645648399232
2013,A,White,Hispanic or Latino,666,35,attributable,666,nvss,Deaths,age-adjusted rate,A,di_gee,25,150,3.00271938543416,2.5885511943398,3.44277308847193
2013,A,White,Hispanic or Latino,666,36,attributable,666,nvss,Deaths,age-adjusted rate,A,di_gee,25,150,25.4300492557935,21.9224562549944,29.1568668191425
2013,A,White,Hispanic or Latino,666,37,attributable,666,nvss,Deaths,age-adjusted rate,A,di_gee,25,150,10.1697680522282,8.76704142433461,11.660165094365
2013,A,White,Hispanic or Latino,666,38,attributable,666,nvss,Deaths,age-adjusted rate,A,di_gee,25,150,3.98794498546419,3.43788360815878,4.57238519885118
2013,A,White,Hispanic or Latino,666,39,attributable,666,nvss,Deaths,age-adjusted rate,A,di_gee,25,150,28.8361595775118,24.8587582564757,33.0621484811126
2013,A,White,Hispanic or Latino,666,40,attributable,666,nvss,Deaths,age-adjusted rate,A,di_gee,25,150,20.5696585034542,17.7324642271157,23.5841774220639
2013,A,White,Hispanic or Latino,666,41,attributable,666,nvss,Deaths,age-adjusted rate,A,di_gee,25,150,9.29553348294199,8.01339093357068,10.657809941649
2013,A,White,Hispanic or Latino,666,42,attributable,666,nvss,Deaths,age-adjusted rate,A,di_gee,25,150,31.2068554895664,26.9024616289365,35.7802739664856
2013,A,White,Hispanic or Latino,666,44,attributable,666,nvss,Deaths,age-adjusted rate,A,di_gee,25,150,17.5868875643683,15.161109969283,20.1642762591463
2013,A,White,Hispanic or Latino,666,45,attributable,666,nvss,Deaths,age-adjusted rate,A,di_gee,25,150,12.3020566821968,10.6052212777558,14.1049442994152
2013,A,White,Hispanic or Latino,666,46,attributable,666,nvss,Deaths,age-adjusted rate,A,di_gee,25,150,2.63667535586608,2.27299599643627,3.02308467526024
2013,A,White,Hispanic or Latino,666,47,attributable,666,nvss,Deaths,age-adjusted rate,A,di_gee,25,150,12.1725980652008,10.4936190217248,13.956513298894
2013,A,White,Hispanic or Latino,666,48,attributable,666,nvss,Deaths,age-adjusted rate,A,di_gee,25,150,27.8480167814012,24.0069110184493,31.9291916545376
2013,A,White,Hispanic or Latino,666,49,attributable,666,nvss,Deaths,age-adjusted rate,A,di_gee,25,150,28.5007614560955,24.5696219449099,32.6775971867302
2013,A,White,Hispanic or Latino,666,50,attributable,666,nvss,Deaths,age-adjusted rate,A,di_gee,25,150,1.46857200628586,1.26601035024643,1.68379376582775
2013,A,White,Hispanic or Latino,666,51,attributable,666,nvss,Deaths,age-adjusted rate,A,di_gee,25,150,14.699579164214,12.6720510036327,16.8538278348315
2013,A,White,Hispanic or Latino,666,53,attributable,666,nvss,Deaths,age-adjusted rate,A,di_gee,25,150,6.72352322725891,5.79614071315423,7.70886714849512
2013,A,White,Hispanic or Latino,666,54,attributable,666,nvss,Deaths,age-adjusted rate,A,di_gee,25,150,5.95165826134563,5.13073988047038,6.82388404102559
2013,A,White,Hispanic or Latino,666,55,attributable,666,nvss,Deaths,age-adjusted rate,A,di_gee,25,150,18.0684930974796,15.5762871529996,20.7164619134895
2013,A,White,Hispanic or Latino,666,56,attributable,666,nvss,Deaths,age-adjusted rate,A,di_gee,25,150,0,0,0
2013,A,White,Not Hispanic or Latino,666,1,attributable,666,nvss,Deaths,age-adjusted rate,A,di_gee,25,150,21.8473157923263,20.8069674212631,22.540881373035
2013,A,White,Not Hispanic or Latino,666,2,attributable,666,nvss,Deaths,age-adjusted rate,A,di_gee,25,150,6.95933293767362,6.62793613111774,7.18026414204421
2013,A,White,Not Hispanic or Latino,666,4,attributable,666,nvss,Deaths,age-adjusted rate,A,di_gee,25,150,9.06439836415117,8.63276034681066,9.35215704237819
2013,A,White,Not Hispanic or Latino,666,5,attributable,666,nvss,Deaths,age-adjusted rate,A,di_gee,25,150,21.0876481998262,20.083474476025,21.7570973490271
2013,A,White,Not Hispanic or Latino,666,6,attributable,666,nvss,Deaths,age-adjusted rate,A,di_gee,25,150,22.7544538748766,21.6709084522635,23.476817489952
2013,A,White,Not Hispanic or Latino,666,8,attributable,666,nvss,Deaths,age-adjusted rate,A,di_gee,25,150,4.52675865936794,4.31119872320757,4.67046528347486
2013,A,White,Not Hispanic or Latino,666,9,attributable,666,nvss,Deaths,age-adjusted rate,A,di_gee,25,150,9.40468723704384,8.95684498766082,9.70324873663254
2013,A,White,Not Hispanic or Latino,666,10,attributable,666,nvss,Deaths,age-adjusted rate,A,di_gee,25,150,17.2091358325603,16.3896531738669,17.7554576050225
2013,A,White,Not Hispanic or Latino,666,11,attributable,666,nvss,Deaths,age-adjusted rate,A,di_gee,25,150,12.4434284456653,11.8508842339669,12.8384579201308
2013,A,White,Not Hispanic or Latino,666,12,attributable,666,nvss,Deaths,age-adjusted rate,A,di_gee,25,150,9.73013908081556,9.26679912458626,10.0390323849684
2013,A,White,Not Hispanic or Latino,666,13,attributable,666,nvss,Deaths,age-adjusted rate,A,di_gee,25,150,19.5859835311997,18.6533176487616,20.2077607861584
2013,A,White,Not Hispanic or Latino,666,15,attributable,666,nvss,Deaths,age-adjusted rate,A,di_gee,25,150,1.75223379431906,1.66879408982768,1.80786026397998
2013,A,White,Not Hispanic or Latino,666,16,attributable,666,nvss,Deaths,age-adjusted rate,A,di_gee,25,150,8.39385922410541,7.99415164200517,8.66033094550558
2013,A,White,Not Hispanic or Latino,666,17,attributable,666,nvss,Deaths,age-adjusted rate,A,di_gee,25,150,19.6867884767034,18.7493223587652,20.3117658886623
2013,A,White,Not Hispanic or Latino,666,18,attributable,666,nvss,Deaths,age-adjusted rate,A,di_gee,25,150,23.423040219514,22.3076573519181,24.1666287979112
2013,A,White,Not Hispanic or Latino,666,19,attributable,666,nvss,Deaths,age-adjusted rate,A,di_gee,25,150,14.409405623007,13.7232434504829,14.8668470713564
2013,A,White,Not Hispanic or Latino,666,20,attributable,666,nvss,Deaths,age-adjusted rate,A,di_gee,25,150,12.1300994201454,11.5524756382337,12.5151819414199
2013,A,White,Not Hispanic or Latino,666,21,attributable,666,nvss,Deaths,age-adjusted rate,A,di_gee,25,150,21.4410970989567,20.4200924751969,22.12176684813
2013,A,White,Not Hispanic or Latino,666,22,attributable,666,nvss,Deaths,age-adjusted rate,A,di_gee,25,150,18.1865615093401,17.3205347708001,18.7639126683668
2013,A,White,Not Hispanic or Latino,666,23,attributable,666,nvss,Deaths,age-adjusted rate,A,di_gee,25,150,0.0212586599835674,0.0202463428414928,0.0219335380782839
2013,A,White,Not Hispanic or Latino,666,24,attributable,666,nvss,Deaths,age-adjusted rate,A,di_gee,25,150,17.0005807576694,16.1910292930185,17.5402817341033
2013,A,White,Not Hispanic or Latino,666,25,attributable,666,nvss,Deaths,age-adjusted rate,A,di_gee,25,150,8.49874086815995,8.09403892205712,8.76854216556186
2013,A,White,Not Hispanic or Latino,666,26,attributable,666,nvss,Deaths,age-adjusted rate,A,di_gee,25,150,12.9416374182839,12.3253689697942,13.3524830506104
2013,A,White,Not Hispanic or Latino,666,27,attributable,666,nvss,Deaths,age-adjusted rate,A,di_gee,25,150,7.99106506362066,7.61053815582921,8.24474966881496
2013,A,White,Not Hispanic or Latino,666,28,attributable,666,nvss,Deaths,age-adjusted rate,A,di_gee,25,150,18.2296681047579,17.361588671198,18.8083877271311
2013,A,White,Not Hispanic or Latino,666,29,attributable,666,nvss,Deaths,age-adjusted rate,A,di_gee,25,150,17.8663129308566,17.0155361246253,18.4334974683441
2013,A,White,Not Hispanic or Latino,666,30,attributable,666,nvss,Deaths,age-adjusted rate,A,di_gee,25,150,0.42412389043687,0.403927514701782,0.43758814092693
2013,A,White,Not Hispanic or Latino,666,31,attributable,666,nvss,Deaths,age-adjusted rate,A,di_gee,25,150,7.80507727078474,7.43340692455691,8.0528575016033
2013,A,White,Not Hispanic or Latino,666,32,attributable,666,nvss,Deaths,age-adjusted rate,A,di_gee,25,150,15.3162373424757,14.5868927071198,15.8024670993797
2013,A,White,Not Hispanic or Latino,666,33,attributable,666,nvss,Deaths,age-adjusted rate,A,di_gee,25,150,4.71004456361559,4.48575672725295,4.85956978785736
2013,A,White,Not Hispanic or Latino,666,34,attributable,666,nvss,Deaths,age-adjusted rate,A,di_gee,25,150,15.0645142848013,14.3471564617155,15.5427528335251
2013,A,White,Not Hispanic or Latino,666,35,attributable,666,nvss,Deaths,age-adjusted rate,A,di_gee,25,150,0.865979128737526,0.824742027369074,0.893470529649829
2013,A,White,Not Hispanic or Latino,666,36,attributable,666,nvss,Deaths,age-adjusted rate,A,di_gee,25,150,10.4492037506012,9.95162261962023,10.7809245045886
2013,A,White,Not Hispanic or Latino,666,37,attributable,666,nvss,Deaths,age-adjusted rate,A,di_gee,25,150,12.9971906802218,12.3782768383065,13.4097999081654
2013,A,White,Not Hispanic or Latino,666,38,attributable,666,nvss,Deaths,age-adjusted rate,A,di_gee,25,150,3.11916254023143,2.9706309906966,3.21818357325465
2013,A,White,Not Hispanic or Latino,666,39,attributable,666,nvss,Deaths,age-adjusted rate,A,di_gee,25,150,21.9246998785669,20.8806665510161,22.6207220969341
2013,A,White,Not Hispanic or Latino,666,40,attributable,666,nvss,Deaths,age-adjusted rate,A,di_gee,25,150,18.5299878130259,17.647607440977,19.1182413943918
2013,A,White,Not Hispanic or Latino,666,41,attributable,666,nvss,Deaths,age-adjusted rate,A,di_gee,25,150,5.76188378177106,5.4875083635915,5.94480072722411
2013,A,White,Not Hispanic or Latino,666,42,attributable,666,nvss,Deaths,age-adjusted rate,A,di_gee,25,150,17.3631516304301,16.5363348861239,17.9143627933009
2013,A,White,Not Hispanic or Latino,666,44,attributable,666,nvss,Deaths,age-adjusted rate,A,di_gee,25,150,10.8109744974513,10.2961661880489,11.1541800370529
2013,A,White,Not Hispanic or Latino,666,45,attributable,666,nvss,Deaths,age-adjusted rate,A,di_gee,25,150,15.9355277893634,15.1766931327271,16.4414175604543
2013,A,White,Not Hispanic or Latino,666,46,attributable,666,nvss,Deaths,age-adjusted rate,A,di_gee,25,150,2.80798891959999,2.67427516152381,2.89713142498412
2013,A,White,Not Hispanic or Latino,666,47,attributable,666,nvss,Deaths,age-adjusted rate,A,di_gee,25,150,17.763742894674,16.9178503758801,18.3276712405367
2013,A,White,Not Hispanic or Latino,666,48,attributable,666,nvss,Deaths,age-adjusted rate,A,di_gee,25,150,16.5693703704088,15.7803527337227,17.0953821281995
2013,A,White,Not Hispanic or Latino,666,49,attributable,666,nvss,Deaths,age-adjusted rate,A,di_gee,25,150,16.5709862903441,15.7818917050896,17.0970493471804
2013,A,White,Not Hispanic or Latino,666,50,attributable,666,nvss,Deaths,age-adjusted rate,A,di_gee,25,150,1.39222162597476,1.3259253580712,1.43641913791046
2013,A,White,Not Hispanic or Latino,666,51,attributable,666,nvss,Deaths,age-adjusted rate,A,di_gee,25,150,12.8823908079737,12.2689436266416,13.2913555955284
2013,A,White,Not Hispanic or Latino,666,53,attributable,666,nvss,Deaths,age-adjusted rate,A,di_gee,25,150,4.0039873142114,3.81332125162991,4.13109802259906
2013,A,White,Not Hispanic or Latino,666,54,attributable,666,nvss,Deaths,age-adjusted rate,A,di_gee,25,150,14.6989949644312,13.9990428232678,15.1656297252068
2013,A,White,Not Hispanic or Latino,666,55,attributable,666,nvss,Deaths,age-adjusted rate,A,di_gee,25,150,10.6012121682433,10.0963925411841,10.9377585862827
2013,A,White,Not Hispanic or Latino,666,56,attributable,666,nvss,Deaths,age-adjusted rate,A,di_gee,25,150,0,0,0
