Year,STATEFP,Race,Hispanic.Origin,Gender.Code,Education,rural_urban_class,source,measure1,measure2,scenario,lower,mean,upper,method,attr,min_age,max_age
1991,1,All,All Origins,A,666,666,nvss,Deaths,age-adjusted rate,A,146.78438975568,591.302971794238,1142.08109203976,EPA,attributable,25,150
1991,1,American Indian or Alaska Native,All Origins,A,666,666,nvss,Deaths,age-adjusted rate,A,25.9537833552963,104.956910112632,203.433239303153,EPA,attributable,25,150
1991,1,Asian or Pacific Islander,All Origins,A,666,666,nvss,Deaths,age-adjusted rate,A,44.3356798172553,178.199785605346,343.485160078426,EPA,attributable,25,150
1991,1,Black or African American,All Origins,A,666,666,nvss,Deaths,age-adjusted rate,A,212.107456601215,849.887807768292,1633.62094435259,EPA,attributable,25,150
1991,1,White,All Origins,A,666,666,nvss,Deaths,age-adjusted rate,A,133.57157093482,538.825046274325,1042.01908885727,EPA,attributable,25,150
1991,2,All,All Origins,A,666,666,nvss,Deaths,age-adjusted rate,A,21.6091800630396,95.6961781854402,201.334483272735,EPA,attributable,25,150
1991,2,American Indian or Alaska Native,All Origins,A,666,666,nvss,Deaths,age-adjusted rate,A,32.3590270688682,143.301837980719,301.491679698771,EPA,attributable,25,150
1991,2,Asian or Pacific Islander,All Origins,A,666,666,nvss,Deaths,age-adjusted rate,A,6.82183913133368,30.2104906877567,63.5596284759539,EPA,attributable,25,150
1991,2,Black or African American,All Origins,A,666,666,nvss,Deaths,age-adjusted rate,A,13.218478365657,58.5379851216049,123.157635025371,EPA,attributable,25,150
1991,2,White,All Origins,A,666,666,nvss,Deaths,age-adjusted rate,A,20.7454622229774,91.8712067573981,193.287154104526,EPA,attributable,25,150
1991,4,All,All Origins,A,666,666,nvss,Deaths,age-adjusted rate,A,46.5366672370036,194.755423017594,389.370896886398,EPA,attributable,25,150
1991,4,American Indian or Alaska Native,All Origins,A,666,666,nvss,Deaths,age-adjusted rate,A,129.052245204796,545.703623461011,1101.55411193743,EPA,attributable,25,150
1991,4,Asian or Pacific Islander,All Origins,A,666,666,nvss,Deaths,age-adjusted rate,A,29.889747260985,124.852500151421,249.180349501824,EPA,attributable,25,150
1991,4,Black or African American,All Origins,A,666,666,nvss,Deaths,age-adjusted rate,A,93.1226341730277,389.71629062234,779.133244450956,EPA,attributable,25,150
1991,4,White,All Origins,A,666,666,nvss,Deaths,age-adjusted rate,A,45.8237863719158,191.730239509977,383.246015176882,EPA,attributable,25,150
1991,5,All,All Origins,A,666,666,nvss,Deaths,age-adjusted rate,A,136.119029301709,558.250802404644,1095.81942919445,EPA,attributable,25,150
1991,5,American Indian or Alaska Native,All Origins,A,666,666,nvss,Deaths,age-adjusted rate,A,31.8221523232402,131.171876597084,258.665579030914,EPA,attributable,25,150
1991,5,Asian or Pacific Islander,All Origins,A,666,666,nvss,Deaths,age-adjusted rate,A,74.8610823707006,306.304275834854,599.985662088577,EPA,attributable,25,150
1991,5,Black or African American,All Origins,A,666,666,nvss,Deaths,age-adjusted rate,A,247.546011976145,1009.51631070773,1971.43953915534,EPA,attributable,25,150
1991,5,White,All Origins,A,666,666,nvss,Deaths,age-adjusted rate,A,126.325781105783,518.460518308372,1018.37920593274,EPA,attributable,25,150
1991,6,All,All Origins,A,666,666,nvss,Deaths,age-adjusted rate,A,97.0351183087619,380.366500563844,717.456550777654,EPA,attributable,25,150
1991,6,American Indian or Alaska Native,All Origins,A,666,666,nvss,Deaths,age-adjusted rate,A,45.8835880722624,181.010684412873,343.43023662543,EPA,attributable,25,150
1991,6,Asian or Pacific Islander,All Origins,A,666,666,nvss,Deaths,age-adjusted rate,A,69.761011365506,271.561098013893,508.970409325544,EPA,attributable,25,150
1991,6,Black or African American,All Origins,A,666,666,nvss,Deaths,age-adjusted rate,A,225.953140359267,877.811509348994,1642.31719298795,EPA,attributable,25,150
1991,6,White,All Origins,A,666,666,nvss,Deaths,age-adjusted rate,A,96.5062452871032,379.324475903994,717.24548402412,EPA,attributable,25,150
1991,8,All,All Origins,A,666,666,nvss,Deaths,age-adjusted rate,A,38.1516376192928,161.322243397275,325.530745643513,EPA,attributable,25,150
1991,8,American Indian or Alaska Native,All Origins,A,666,666,nvss,Deaths,age-adjusted rate,A,32.4578269395567,137.201663689145,276.778068540259,EPA,attributable,25,150
1991,8,Asian or Pacific Islander,All Origins,A,666,666,nvss,Deaths,age-adjusted rate,A,19.1750150992502,80.9738999162096,163.197268620366,EPA,attributable,25,150
1991,8,Black or African American,All Origins,A,666,666,nvss,Deaths,age-adjusted rate,A,39.4085946168999,166.233344687007,334.690261683285,EPA,attributable,25,150
1991,8,White,All Origins,A,666,666,nvss,Deaths,age-adjusted rate,A,38.8020764720105,164.111274012277,331.230429143225,EPA,attributable,25,150
1991,9,All,All Origins,A,666,666,nvss,Deaths,age-adjusted rate,A,170.100260034308,698.302924973071,1371.9412403591,EPA,attributable,25,150
1991,9,American Indian or Alaska Native,All Origins,A,666,666,nvss,Deaths,age-adjusted rate,A,134.506437655973,551.359571850706,1081.79734337861,EPA,attributable,25,150
1991,9,Asian or Pacific Islander,All Origins,A,666,666,nvss,Deaths,age-adjusted rate,A,57.3870764382821,234.46649582402,458.673734028775,EPA,attributable,25,150
1991,9,Black or African American,All Origins,A,666,666,nvss,Deaths,age-adjusted rate,A,313.338504588852,1274.88427468957,2484.53122346069,EPA,attributable,25,150
1991,9,White,All Origins,A,666,666,nvss,Deaths,age-adjusted rate,A,164.631061020926,676.29859588386,1329.50078241809,EPA,attributable,25,150
1991,10,All,All Origins,A,666,666,nvss,Deaths,age-adjusted rate,A,170.655933210864,676.869902593613,1289.09524070034,EPA,attributable,25,150
1991,10,American Indian or Alaska Native,All Origins,A,666,666,nvss,Deaths,age-adjusted rate,A,200.354879735376,798.183583079681,1526.27435895667,EPA,attributable,25,150
1991,10,Asian or Pacific Islander,All Origins,A,666,666,nvss,Deaths,age-adjusted rate,A,42.1658890233975,166.902718816193,317.270664104084,EPA,attributable,25,150
1991,10,Black or African American,All Origins,A,666,666,nvss,Deaths,age-adjusted rate,A,288.038838059765,1140.19395230132,2167.61687390552,EPA,attributable,25,150
1991,10,White,All Origins,A,666,666,nvss,Deaths,age-adjusted rate,A,159.513893937163,632.887296386272,1205.69318131644,EPA,attributable,25,150
1991,11,All,All Origins,A,666,666,nvss,Deaths,age-adjusted rate,A,85.0313914187717,336.789502518706,640.55436389898,EPA,attributable,25,150
1991,11,American Indian or Alaska Native,All Origins,A,666,666,nvss,Deaths,age-adjusted rate,A,24.1106769399652,95.5090174118872,181.674039646418,EPA,attributable,25,150
1991,11,Asian or Pacific Islander,All Origins,A,666,666,nvss,Deaths,age-adjusted rate,A,29.3567752583307,116.312235600085,221.283061073597,EPA,attributable,25,150
1991,11,Black or African American,All Origins,A,666,666,nvss,Deaths,age-adjusted rate,A,93.5596309869843,370.535978730717,704.683302008182,EPA,attributable,25,150
1991,11,White,All Origins,A,666,666,nvss,Deaths,age-adjusted rate,A,67.2659378634251,266.469957247557,506.888604918042,EPA,attributable,25,150
1991,12,All,All Origins,A,666,666,nvss,Deaths,age-adjusted rate,A,51.3004207252488,212.567063875192,421.162830197967,EPA,attributable,25,150
1991,12,American Indian or Alaska Native,All Origins,A,666,666,nvss,Deaths,age-adjusted rate,A,21.6151534224976,89.3959240223708,176.822394952669,EPA,attributable,25,150
1991,12,Asian or Pacific Islander,All Origins,A,666,666,nvss,Deaths,age-adjusted rate,A,15.4472497269325,63.8692795403377,126.298930572951,EPA,attributable,25,150
1991,12,Black or African American,All Origins,A,666,666,nvss,Deaths,age-adjusted rate,A,93.2394370113089,386.048983619583,764.328541042277,EPA,attributable,25,150
1991,12,White,All Origins,A,666,666,nvss,Deaths,age-adjusted rate,A,49.1281890002219,203.580565459693,403.385023701397,EPA,attributable,25,150
1991,13,All,All Origins,A,666,666,nvss,Deaths,age-adjusted rate,A,137.73412953653,548.966429994128,1050.18390548529,EPA,attributable,25,150
1991,13,American Indian or Alaska Native,All Origins,A,666,666,nvss,Deaths,age-adjusted rate,A,22.6236740798747,90.2673106557522,172.852325101084,EPA,attributable,25,150
1991,13,Asian or Pacific Islander,All Origins,A,666,666,nvss,Deaths,age-adjusted rate,A,31.9344287195507,126.484930590392,240.592984865415,EPA,attributable,25,150
1991,13,Black or African American,All Origins,A,666,666,nvss,Deaths,age-adjusted rate,A,203.27128461869,809.529984946026,1547.494063722,EPA,attributable,25,150
1991,13,White,All Origins,A,666,666,nvss,Deaths,age-adjusted rate,A,125.050421332994,498.636382388093,954.293603058816,EPA,attributable,25,150
1991,15,All,All Origins,A,666,666,nvss,Deaths,age-adjusted rate,A,12.1114842433399,53.5954453746707,112.683128030372,EPA,attributable,25,150
1991,15,American Indian or Alaska Native,All Origins,A,666,666,nvss,Deaths,age-adjusted rate,A,22.6705087417488,100.273547971495,210.73308618352,EPA,attributable,25,150
1991,15,Asian or Pacific Islander,All Origins,A,666,666,nvss,Deaths,age-adjusted rate,A,12.2483905738436,54.2067660705826,113.978780391337,EPA,attributable,25,150
1991,15,Black or African American,All Origins,A,666,666,nvss,Deaths,age-adjusted rate,A,13.4489709806485,59.5473903564127,125.259923703886,EPA,attributable,25,150
1991,15,White,All Origins,A,666,666,nvss,Deaths,age-adjusted rate,A,11.9648030972257,52.9350431737921,111.27327504452,EPA,attributable,25,150
1991,16,All,All Origins,A,666,666,nvss,Deaths,age-adjusted rate,A,119.012668446762,492.132334340259,973.648362705693,EPA,attributable,25,150
1991,16,American Indian or Alaska Native,All Origins,A,666,666,nvss,Deaths,age-adjusted rate,A,100.684315931956,420.581377352193,839.746939178763,EPA,attributable,25,150
1991,16,Asian or Pacific Islander,All Origins,A,666,666,nvss,Deaths,age-adjusted rate,A,82.4010789144567,339.191381758792,668.232542416918,EPA,attributable,25,150
1991,16,Black or African American,All Origins,A,666,666,nvss,Deaths,age-adjusted rate,A,179.987148269189,742.034425322706,1463.88619133499,EPA,attributable,25,150
1991,16,White,All Origins,A,666,666,nvss,Deaths,age-adjusted rate,A,119.227663450932,493.00227377075,975.336319701757,EPA,attributable,25,150
1991,17,All,All Origins,A,666,666,nvss,Deaths,age-adjusted rate,A,143.892940784659,578.800521243435,1116.49241583327,EPA,attributable,25,150
1991,17,American Indian or Alaska Native,All Origins,A,666,666,nvss,Deaths,age-adjusted rate,A,53.3570599847399,214.592396037367,413.895301059021,EPA,attributable,25,150
1991,17,Asian or Pacific Islander,All Origins,A,666,666,nvss,Deaths,age-adjusted rate,A,54.0790997760892,216.80525688011,416.92925301309,EPA,attributable,25,150
1991,17,Black or African American,All Origins,A,666,666,nvss,Deaths,age-adjusted rate,A,424.387869314534,1688.28833010246,3224.19416939041,EPA,attributable,25,150
1991,17,White,All Origins,A,666,666,nvss,Deaths,age-adjusted rate,A,130.680573982482,526.210295655945,1016.0108274076,EPA,attributable,25,150
1991,18,All,All Origins,A,666,666,nvss,Deaths,age-adjusted rate,A,184.296658718429,738.044828400263,1417.86838092697,EPA,attributable,25,150
1991,18,American Indian or Alaska Native,All Origins,A,666,666,nvss,Deaths,age-adjusted rate,A,67.2833684230247,269.367324565967,517.351295165895,EPA,attributable,25,150
1991,18,Asian or Pacific Islander,All Origins,A,666,666,nvss,Deaths,age-adjusted rate,A,32.4153782933387,129.580794079936,248.533030828163,EPA,attributable,25,150
1991,18,Black or African American,All Origins,A,666,666,nvss,Deaths,age-adjusted rate,A,356.268228788763,1417.02642165979,2705.48676098679,EPA,attributable,25,150
1991,18,White,All Origins,A,666,666,nvss,Deaths,age-adjusted rate,A,177.710699860097,712.007161017917,1368.42987265156,EPA,attributable,25,150
1991,19,All,All Origins,A,666,666,nvss,Deaths,age-adjusted rate,A,158.371372690672,658.124344220974,1307.30614226649,EPA,attributable,25,150
1991,19,American Indian or Alaska Native,All Origins,A,666,666,nvss,Deaths,age-adjusted rate,A,155.072607770425,644.389809836932,1279.99287977105,EPA,attributable,25,150
1991,19,Asian or Pacific Islander,All Origins,A,666,666,nvss,Deaths,age-adjusted rate,A,45.3169094943012,187.791907196082,372.086819234475,EPA,attributable,25,150
1991,19,Black or African American,All Origins,A,666,666,nvss,Deaths,age-adjusted rate,A,202.369972812593,836.256782026046,1652.70555916564,EPA,attributable,25,150
1991,19,White,All Origins,A,666,666,nvss,Deaths,age-adjusted rate,A,158.147241956707,657.283762560506,1305.79941138126,EPA,attributable,25,150
1991,20,All,All Origins,A,666,666,nvss,Deaths,age-adjusted rate,A,142.867435363018,589.949348336031,1165.33211288959,EPA,attributable,25,150
1991,20,American Indian or Alaska Native,All Origins,A,666,666,nvss,Deaths,age-adjusted rate,A,162.76507481731,674.016577745638,1334.77937673612,EPA,attributable,25,150
1991,20,Asian or Pacific Islander,All Origins,A,666,666,nvss,Deaths,age-adjusted rate,A,35.5372675736778,146.242491609353,287.966231645998,EPA,attributable,25,150
1991,20,Black or African American,All Origins,A,666,666,nvss,Deaths,age-adjusted rate,A,177.548493350328,729.293173528266,1433.58642902252,EPA,attributable,25,150
1991,20,White,All Origins,A,666,666,nvss,Deaths,age-adjusted rate,A,141.760383875384,585.599528972339,1157.14060664069,EPA,attributable,25,150
1991,21,All,All Origins,A,666,666,nvss,Deaths,age-adjusted rate,A,225.07963101567,897.407193222881,1717.22190147018,EPA,attributable,25,150
1991,21,American Indian or Alaska Native,All Origins,A,666,666,nvss,Deaths,age-adjusted rate,A,74.8743880864221,298.797910518089,572.234188581853,EPA,attributable,25,150
1991,21,Asian or Pacific Islander,All Origins,A,666,666,nvss,Deaths,age-adjusted rate,A,74.2867558055985,295.628737967362,564.712076815814,EPA,attributable,25,150
1991,21,Black or African American,All Origins,A,666,666,nvss,Deaths,age-adjusted rate,A,340.530339069824,1349.05563848251,2566.55226982246,EPA,attributable,25,150
1991,21,White,All Origins,A,666,666,nvss,Deaths,age-adjusted rate,A,219.844640736652,876.978299639752,1678.89459615837,EPA,attributable,25,150
1991,22,All,All Origins,A,666,666,nvss,Deaths,age-adjusted rate,A,128.505307098442,524.479189711074,1025.07217182272,EPA,attributable,25,150
1991,22,American Indian or Alaska Native,All Origins,A,666,666,nvss,Deaths,age-adjusted rate,A,65.9175494050929,270.17851255531,530.102479328917,EPA,attributable,25,150
1991,22,Asian or Pacific Islander,All Origins,A,666,666,nvss,Deaths,age-adjusted rate,A,26.9331864389125,109.360968247331,212.748181391321,EPA,attributable,25,150
1991,22,Black or African American,All Origins,A,666,666,nvss,Deaths,age-adjusted rate,A,187.911804186318,765.601808240188,1493.93010099066,EPA,attributable,25,150
1991,22,White,All Origins,A,666,666,nvss,Deaths,age-adjusted rate,A,114.179277151415,466.349174919195,912.068047232165,EPA,attributable,25,150
1991,23,All,All Origins,A,666,666,nvss,Deaths,age-adjusted rate,A,137.827140312571,580.247458139373,1166.37302303716,EPA,attributable,25,150
1991,23,American Indian or Alaska Native,All Origins,A,666,666,nvss,Deaths,age-adjusted rate,A,75.8834919552812,322.246016092227,652.854313986017,EPA,attributable,25,150
1991,23,Asian or Pacific Islander,All Origins,A,666,666,nvss,Deaths,age-adjusted rate,A,147.435285244874,616.162208376567,1230.40376863532,EPA,attributable,25,150
1991,23,Black or African American,All Origins,A,666,666,nvss,Deaths,age-adjusted rate,A,220.796968817877,922.12194881457,1840.18392555096,EPA,attributable,25,150
1991,23,White,All Origins,A,666,666,nvss,Deaths,age-adjusted rate,A,137.990594441776,580.960203250161,1167.84939371269,EPA,attributable,25,150
1991,24,All,All Origins,A,666,666,nvss,Deaths,age-adjusted rate,A,95.1076848936757,378.450463956624,722.842361133451,EPA,attributable,25,150
1991,24,American Indian or Alaska Native,All Origins,A,666,666,nvss,Deaths,age-adjusted rate,A,42.7729785580885,170.138716283628,324.857489683803,EPA,attributable,25,150
1991,24,Asian or Pacific Islander,All Origins,A,666,666,nvss,Deaths,age-adjusted rate,A,33.2506203731453,132.262758698198,252.534848567599,EPA,attributable,25,150
1991,24,Black or African American,All Origins,A,666,666,nvss,Deaths,age-adjusted rate,A,136.332230901234,541.290329354644,1031.7865031397,EPA,attributable,25,150
1991,24,White,All Origins,A,666,666,nvss,Deaths,age-adjusted rate,A,88.3394097618475,351.797920120913,672.421626515819,EPA,attributable,25,150
1991,25,All,All Origins,A,666,666,nvss,Deaths,age-adjusted rate,A,131.149279486562,540.485613750817,1065.59486057337,EPA,attributable,25,150
1991,25,American Indian or Alaska Native,All Origins,A,666,666,nvss,Deaths,age-adjusted rate,A,74.9102026537197,308.219069900347,606.787851125712,EPA,attributable,25,150
1991,25,Asian or Pacific Islander,All Origins,A,666,666,nvss,Deaths,age-adjusted rate,A,52.8114675812489,216.802513326628,425.925944852726,EPA,attributable,25,150
1991,25,Black or African American,All Origins,A,666,666,nvss,Deaths,age-adjusted rate,A,159.707754621797,654.088253777642,1282.26426448365,EPA,attributable,25,150
1991,25,White,All Origins,A,666,666,nvss,Deaths,age-adjusted rate,A,130.84039147086,539.481637750494,1064.09632068691,EPA,attributable,25,150
1991,26,All,All Origins,A,666,666,nvss,Deaths,age-adjusted rate,A,214.920516818216,877.692360716293,1716.39179767738,EPA,attributable,25,150
1991,26,American Indian or Alaska Native,All Origins,A,666,666,nvss,Deaths,age-adjusted rate,A,334.676521195485,1372.19721003002,2693.40064976887,EPA,attributable,25,150
1991,26,Asian or Pacific Islander,All Origins,A,666,666,nvss,Deaths,age-adjusted rate,A,91.1474742738418,369.941073897604,719.377933357311,EPA,attributable,25,150
1991,26,Black or African American,All Origins,A,666,666,nvss,Deaths,age-adjusted rate,A,442.364451411614,1784.99039970813,3452.68267399761,EPA,attributable,25,150
1991,26,White,All Origins,A,666,666,nvss,Deaths,age-adjusted rate,A,197.710914304665,808.657278993602,1583.58678888778,EPA,attributable,25,150
1991,27,All,All Origins,A,666,666,nvss,Deaths,age-adjusted rate,A,84.3538010830313,351.791353453874,701.075492519203,EPA,attributable,25,150
1991,27,American Indian or Alaska Native,All Origins,A,666,666,nvss,Deaths,age-adjusted rate,A,172.714687141573,721.98693285468,1442.035981131,EPA,attributable,25,150
1991,27,Asian or Pacific Islander,All Origins,A,666,666,nvss,Deaths,age-adjusted rate,A,30.2964642265842,125.763350057133,249.567219240997,EPA,attributable,25,150
1991,27,Black or African American,All Origins,A,666,666,nvss,Deaths,age-adjusted rate,A,152.709654579273,632.62490530299,1253.07624373878,EPA,attributable,25,150
1991,27,White,All Origins,A,666,666,nvss,Deaths,age-adjusted rate,A,83.7698552363137,349.42408736063,696.480698338491,EPA,attributable,25,150
1991,28,All,All Origins,A,666,666,nvss,Deaths,age-adjusted rate,A,286.675206877591,1171.92087036049,2293.61484840876,EPA,attributable,25,150
1991,28,American Indian or Alaska Native,All Origins,A,666,666,nvss,Deaths,age-adjusted rate,A,221.718078204068,908.239085630967,1780.84383781573,EPA,attributable,25,150
1991,28,Asian or Pacific Islander,All Origins,A,666,666,nvss,Deaths,age-adjusted rate,A,95.9578236645783,392.203296543387,767.491161453503,EPA,attributable,25,150
1991,28,Black or African American,All Origins,A,666,666,nvss,Deaths,age-adjusted rate,A,427.931816897923,1749.14769621086,3422.89674666965,EPA,attributable,25,150
1991,28,White,All Origins,A,666,666,nvss,Deaths,age-adjusted rate,A,246.954584922219,1009.58554437546,1975.98098121987,EPA,attributable,25,150
1991,29,All,All Origins,A,666,666,nvss,Deaths,age-adjusted rate,A,159.373386532695,649.224521619709,1266.7813378145,EPA,attributable,25,150
1991,29,American Indian or Alaska Native,All Origins,A,666,666,nvss,Deaths,age-adjusted rate,A,69.925881735418,286.74048242825,562.834288858483,EPA,attributable,25,150
1991,29,Asian or Pacific Islander,All Origins,A,666,666,nvss,Deaths,age-adjusted rate,A,49.6292217936357,201.463096609608,391.845047455498,EPA,attributable,25,150
1991,29,Black or African American,All Origins,A,666,666,nvss,Deaths,age-adjusted rate,A,306.512064549821,1240.26753109197,2405.37007177858,EPA,attributable,25,150
1991,29,White,All Origins,A,666,666,nvss,Deaths,age-adjusted rate,A,151.641470836273,618.072723039989,1206.60410022355,EPA,attributable,25,150
1991,30,All,All Origins,A,666,666,nvss,Deaths,age-adjusted rate,A,135.906844203067,572.652632629794,1152.24683392996,EPA,attributable,25,150
1991,30,American Indian or Alaska Native,All Origins,A,666,666,nvss,Deaths,age-adjusted rate,A,226.98090215446,963.440143906205,1951.52251135068,EPA,attributable,25,150
1991,30,Asian or Pacific Islander,All Origins,A,666,666,nvss,Deaths,age-adjusted rate,A,78.8492861469791,329.695686410842,658.830424355286,EPA,attributable,25,150
1991,30,Black or African American,All Origins,A,666,666,nvss,Deaths,age-adjusted rate,A,133.184746320604,559.205534289268,1121.50283643365,EPA,attributable,25,150
1991,30,White,All Origins,A,666,666,nvss,Deaths,age-adjusted rate,A,133.677317441168,563.159755740004,1132.96389848574,EPA,attributable,25,150
1991,31,All,All Origins,A,666,666,nvss,Deaths,age-adjusted rate,A,108.838934146801,456.762426810227,915.45775644065,EPA,attributable,25,150
1991,31,American Indian or Alaska Native,All Origins,A,666,666,nvss,Deaths,age-adjusted rate,A,238.283706386466,1002.48876072622,2013.83297538733,EPA,attributable,25,150
1991,31,Asian or Pacific Islander,All Origins,A,666,666,nvss,Deaths,age-adjusted rate,A,35.6715716408376,149.359766616192,298.717818480567,EPA,attributable,25,150
1991,31,Black or African American,All Origins,A,666,666,nvss,Deaths,age-adjusted rate,A,103.421014635348,432.456985490594,863.853083334027,EPA,attributable,25,150
1991,31,White,All Origins,A,666,666,nvss,Deaths,age-adjusted rate,A,108.631343978073,455.988768562336,914.087010135264,EPA,attributable,25,150
1991,32,All,All Origins,A,666,666,nvss,Deaths,age-adjusted rate,A,55.0142273539315,228.300098134799,452.977474640379,EPA,attributable,25,150
1991,32,American Indian or Alaska Native,All Origins,A,666,666,nvss,Deaths,age-adjusted rate,A,49.5800786607263,206.460365808973,410.984026729535,EPA,attributable,25,150
1991,32,Asian or Pacific Islander,All Origins,A,666,666,nvss,Deaths,age-adjusted rate,A,30.0874249928021,124.657025328506,246.964531248554,EPA,attributable,25,150
1991,32,Black or African American,All Origins,A,666,666,nvss,Deaths,age-adjusted rate,A,59.9382734937229,249.188964359373,495.220789444405,EPA,attributable,25,150
1991,32,White,All Origins,A,666,666,nvss,Deaths,age-adjusted rate,A,55.8446252674828,231.723587418129,459.731248442329,EPA,attributable,25,150
1991,33,All,All Origins,A,666,666,nvss,Deaths,age-adjusted rate,A,188.292430292035,785.373818778049,1565.40024968523,EPA,attributable,25,150
1991,33,American Indian or Alaska Native,All Origins,A,666,666,nvss,Deaths,age-adjusted rate,A,71.6598144100631,298.433831591875,594.036913939108,EPA,attributable,25,150
1991,33,Asian or Pacific Islander,All Origins,A,666,666,nvss,Deaths,age-adjusted rate,A,54.7654352635143,226.977221647012,449.805524737349,EPA,attributable,25,150
1991,33,Black or African American,All Origins,A,666,666,nvss,Deaths,age-adjusted rate,A,223.252145217692,922.871533768622,1824.61056955107,EPA,attributable,25,150
1991,33,White,All Origins,A,666,666,nvss,Deaths,age-adjusted rate,A,188.803730505331,787.622520300987,1570.08999192098,EPA,attributable,25,150
1991,34,All,All Origins,A,666,666,nvss,Deaths,age-adjusted rate,A,134.624794427919,537.428350220733,1029.51707227397,EPA,attributable,25,150
1991,34,American Indian or Alaska Native,All Origins,A,666,666,nvss,Deaths,age-adjusted rate,A,60.0814567047158,239.867507518365,459.539007559985,EPA,attributable,25,150
1991,34,Asian or Pacific Islander,All Origins,A,666,666,nvss,Deaths,age-adjusted rate,A,39.2608499463265,156.681289360248,300.046682533079,EPA,attributable,25,150
1991,34,Black or African American,All Origins,A,666,666,nvss,Deaths,age-adjusted rate,A,258.967822180842,1030.47891303048,1968.23670405306,EPA,attributable,25,150
1991,34,White,All Origins,A,666,666,nvss,Deaths,age-adjusted rate,A,127.677239809591,509.873532818191,977.046935381892,EPA,attributable,25,150
1991,35,All,All Origins,A,666,666,nvss,Deaths,age-adjusted rate,A,47.3152102538782,201.547504697859,409.434255366504,EPA,attributable,25,150
1991,35,American Indian or Alaska Native,All Origins,A,666,666,nvss,Deaths,age-adjusted rate,A,56.2176298844926,240.988683694525,492.386158462443,EPA,attributable,25,150
1991,35,Asian or Pacific Islander,All Origins,A,666,666,nvss,Deaths,age-adjusted rate,A,35.4806384892842,150.916822419461,306.168073027307,EPA,attributable,25,150
1991,35,Black or African American,All Origins,A,666,666,nvss,Deaths,age-adjusted rate,A,59.6618784194499,253.763138572835,514.798888581993,EPA,attributable,25,150
1991,35,White,All Origins,A,666,666,nvss,Deaths,age-adjusted rate,A,48.7882294179159,207.808729890439,422.128802668794,EPA,attributable,25,150
1991,36,All,All Origins,A,666,666,nvss,Deaths,age-adjusted rate,A,123.215611645542,499.111587779202,968.969580890949,EPA,attributable,25,150
1991,36,American Indian or Alaska Native,All Origins,A,666,666,nvss,Deaths,age-adjusted rate,A,49.7780248391196,201.513305728678,391.022514301124,EPA,attributable,25,150
1991,36,Asian or Pacific Islander,All Origins,A,666,666,nvss,Deaths,age-adjusted rate,A,71.8771872944358,288.359730401115,554.87874541695,EPA,attributable,25,150
1991,36,Black or African American,All Origins,A,666,666,nvss,Deaths,age-adjusted rate,A,217.875293282134,872.90800639053,1677.63379811625,EPA,attributable,25,150
1991,36,White,All Origins,A,666,666,nvss,Deaths,age-adjusted rate,A,115.034873373023,467.071836576463,908.706712197926,EPA,attributable,25,150
1991,37,All,All Origins,A,666,666,nvss,Deaths,age-adjusted rate,A,142.222358086301,573.104110985732,1107.25188458939,EPA,attributable,25,150
1991,37,American Indian or Alaska Native,All Origins,A,666,666,nvss,Deaths,age-adjusted rate,A,196.519036388945,798.219432172957,1553.38995705649,EPA,attributable,25,150
1991,37,Asian or Pacific Islander,All Origins,A,666,666,nvss,Deaths,age-adjusted rate,A,23.9549801906192,96.1584242709897,185.127765695082,EPA,attributable,25,150
1991,37,Black or African American,All Origins,A,666,666,nvss,Deaths,age-adjusted rate,A,213.684917305692,859.342386610015,1657.22261812901,EPA,attributable,25,150
1991,37,White,All Origins,A,666,666,nvss,Deaths,age-adjusted rate,A,129.857960953298,523.527633049822,1011.90467083864,EPA,attributable,25,150
1991,38,All,All Origins,A,666,666,nvss,Deaths,age-adjusted rate,A,122.051210409287,519.306493378859,1053.86286550159,EPA,attributable,25,150
1991,38,American Indian or Alaska Native,All Origins,A,666,666,nvss,Deaths,age-adjusted rate,A,220.526862762221,945.628065795655,1932.62509975329,EPA,attributable,25,150
1991,38,Asian or Pacific Islander,All Origins,A,666,666,nvss,Deaths,age-adjusted rate,A,110.549986129141,470.263353632806,954.126237229093,EPA,attributable,25,150
1991,38,Black or African American,All Origins,A,666,666,nvss,Deaths,age-adjusted rate,A,82.5656035321658,352.828178897771,718.797960236414,EPA,attributable,25,150
1991,38,White,All Origins,A,666,666,nvss,Deaths,age-adjusted rate,A,120.609277924302,513.071513327893,1041.02530490368,EPA,attributable,25,150
1991,39,All,All Origins,A,666,666,nvss,Deaths,age-adjusted rate,A,139.671117278214,556.74436652666,1065.09909725174,EPA,attributable,25,150
1991,39,American Indian or Alaska Native,All Origins,A,666,666,nvss,Deaths,age-adjusted rate,A,60.7010927059564,241.66547386654,461.814628662757,EPA,attributable,25,150
1991,39,Asian or Pacific Islander,All Origins,A,666,666,nvss,Deaths,age-adjusted rate,A,44.6031742667279,177.49090996357,339.029618137784,EPA,attributable,25,150
1991,39,Black or African American,All Origins,A,666,666,nvss,Deaths,age-adjusted rate,A,210.895144697123,836.957550398737,1594.78089731426,EPA,attributable,25,150
1991,39,White,All Origins,A,666,666,nvss,Deaths,age-adjusted rate,A,134.819756342648,537.669535765279,1029.06282694159,EPA,attributable,25,150
1991,40,All,All Origins,A,666,666,nvss,Deaths,age-adjusted rate,A,95.2180600813531,396.091285338532,787.569273027303,EPA,attributable,25,150
1991,40,American Indian or Alaska Native,All Origins,A,666,666,nvss,Deaths,age-adjusted rate,A,92.4964527078031,385.122010801647,766.371417426242,EPA,attributable,25,150
1991,40,Asian or Pacific Islander,All Origins,A,666,666,nvss,Deaths,age-adjusted rate,A,39.6410936960311,164.734428095113,327.253495769809,EPA,attributable,25,150
1991,40,Black or African American,All Origins,A,666,666,nvss,Deaths,age-adjusted rate,A,154.331947747838,642.552010447588,1278.62788181473,EPA,attributable,25,150
1991,40,White,All Origins,A,666,666,nvss,Deaths,age-adjusted rate,A,93.3713658976635,388.374896131821,772.165221232712,EPA,attributable,25,150
1991,41,All,All Origins,A,666,666,nvss,Deaths,age-adjusted rate,A,75.9863802712703,316.158773557086,628.880915945362,EPA,attributable,25,150
1991,41,American Indian or Alaska Native,All Origins,A,666,666,nvss,Deaths,age-adjusted rate,A,84.6578803828607,352.373241700391,701.205305098169,EPA,attributable,25,150
1991,41,Asian or Pacific Islander,All Origins,A,666,666,nvss,Deaths,age-adjusted rate,A,29.9720504973527,123.927968527974,245.082339472847,EPA,attributable,25,150
1991,41,Black or African American,All Origins,A,666,666,nvss,Deaths,age-adjusted rate,A,57.4491731752223,236.001619293603,463.944850879837,EPA,attributable,25,150
1991,41,White,All Origins,A,666,666,nvss,Deaths,age-adjusted rate,A,76.6882714155185,319.283604741493,635.468560359662,EPA,attributable,25,150
1991,42,All,All Origins,A,666,666,nvss,Deaths,age-adjusted rate,A,163.682676819513,653.199762446341,1251.05589048113,EPA,attributable,25,150
1991,42,American Indian or Alaska Native,All Origins,A,666,666,nvss,Deaths,age-adjusted rate,A,49.7560229035742,198.263077735892,379.231748921921,EPA,attributable,25,150
1991,42,Asian or Pacific Islander,All Origins,A,666,666,nvss,Deaths,age-adjusted rate,A,69.1413078063395,273.799715571743,520.726741169888,EPA,attributable,25,150
1991,42,Black or African American,All Origins,A,666,666,nvss,Deaths,age-adjusted rate,A,401.148704237712,1583.69567200828,3003.67042904461,EPA,attributable,25,150
1991,42,White,All Origins,A,666,666,nvss,Deaths,age-adjusted rate,A,154.770464128913,618.096246194359,1184.61990066577,EPA,attributable,25,150
1991,44,All,All Origins,A,666,666,nvss,Deaths,age-adjusted rate,A,83.2506680473447,342.986430694993,676.025186137621,EPA,attributable,25,150
1991,44,American Indian or Alaska Native,All Origins,A,666,666,nvss,Deaths,age-adjusted rate,A,129.06453487019,531.772099853949,1048.19005604669,EPA,attributable,25,150
1991,44,Asian or Pacific Islander,All Origins,A,666,666,nvss,Deaths,age-adjusted rate,A,46.2616822646902,190.032462178784,373.556589930108,EPA,attributable,25,150
1991,44,Black or African American,All Origins,A,666,666,nvss,Deaths,age-adjusted rate,A,291.947565568193,1194.6524072453,2340.21800538583,EPA,attributable,25,150
1991,44,White,All Origins,A,666,666,nvss,Deaths,age-adjusted rate,A,81.4359040237291,335.560771115248,661.479678001552,EPA,attributable,25,150
1991,45,All,All Origins,A,666,666,nvss,Deaths,age-adjusted rate,A,127.057072269281,509.453208565981,979.899057637027,EPA,attributable,25,150
1991,45,American Indian or Alaska Native,All Origins,A,666,666,nvss,Deaths,age-adjusted rate,A,44.5708405194376,179.191617522292,345.494051923567,EPA,attributable,25,150
1991,45,Asian or Pacific Islander,All Origins,A,666,666,nvss,Deaths,age-adjusted rate,A,29.730591050482,119.127320783292,228.995143279653,EPA,attributable,25,150
1991,45,Black or African American,All Origins,A,666,666,nvss,Deaths,age-adjusted rate,A,199.035379620886,799.030268784338,1538.61202781115,EPA,attributable,25,150
1991,45,White,All Origins,A,666,666,nvss,Deaths,age-adjusted rate,A,111.163739901842,445.586935259459,856.806907181659,EPA,attributable,25,150
1991,46,All,All Origins,A,666,666,nvss,Deaths,age-adjusted rate,A,116.468410988491,496.071731567209,1007.66370270425,EPA,attributable,25,150
1991,46,American Indian or Alaska Native,All Origins,A,666,666,nvss,Deaths,age-adjusted rate,A,243.844430772101,1048.52221713252,2148.28562983766,EPA,attributable,25,150
1991,46,Asian or Pacific Islander,All Origins,A,666,666,nvss,Deaths,age-adjusted rate,A,30.8856976663187,131.128001258139,265.579569022271,EPA,attributable,25,150
1991,46,Black or African American,All Origins,A,666,666,nvss,Deaths,age-adjusted rate,A,43.9341333232203,186.42318672959,377.384660623726,EPA,attributable,25,150
1991,46,White,All Origins,A,666,666,nvss,Deaths,age-adjusted rate,A,112.715002254415,479.959778251,974.702790568192,EPA,attributable,25,150
1991,47,All,All Origins,A,666,666,nvss,Deaths,age-adjusted rate,A,167.665102155996,673.610471038843,1297.87460177196,EPA,attributable,25,150
1991,47,American Indian or Alaska Native,All Origins,A,666,666,nvss,Deaths,age-adjusted rate,A,23.0167278643937,92.4818417435758,178.206853719721,EPA,attributable,25,150
1991,47,Asian or Pacific Islander,All Origins,A,666,666,nvss,Deaths,age-adjusted rate,A,48.5301682678601,194.378611024159,373.475722196613,EPA,attributable,25,150
1991,47,Black or African American,All Origins,A,666,666,nvss,Deaths,age-adjusted rate,A,238.749606788515,957.517264211396,1841.91864959341,EPA,attributable,25,150
1991,47,White,All Origins,A,666,666,nvss,Deaths,age-adjusted rate,A,159.6690995991,641.705764632817,1236.79068357982,EPA,attributable,25,150
1991,48,All,All Origins,A,666,666,nvss,Deaths,age-adjusted rate,A,73.7365988990336,305.010503475446,603.39290379054,EPA,attributable,25,150
1991,48,American Indian or Alaska Native,All Origins,A,666,666,nvss,Deaths,age-adjusted rate,A,9.32620538352956,38.6265897383833,76.5024334935166,EPA,attributable,25,150
1991,48,Asian or Pacific Islander,All Origins,A,666,666,nvss,Deaths,age-adjusted rate,A,20.5349432792611,84.4909423727085,166.333186751738,EPA,attributable,25,150
1991,48,Black or African American,All Origins,A,666,666,nvss,Deaths,age-adjusted rate,A,95.0670459784055,391.635734332149,771.855169325671,EPA,attributable,25,150
1991,48,White,All Origins,A,666,666,nvss,Deaths,age-adjusted rate,A,74.3560543526885,307.867563137292,609.576206028219,EPA,attributable,25,150
1991,49,All,All Origins,A,666,666,nvss,Deaths,age-adjusted rate,A,80.6823101064892,334.111348177427,661.672937102048,EPA,attributable,25,150
1991,49,American Indian or Alaska Native,All Origins,A,666,666,nvss,Deaths,age-adjusted rate,A,73.0405417797943,304.817549667518,608.040966479084,EPA,attributable,25,150
1991,49,Asian or Pacific Islander,All Origins,A,666,666,nvss,Deaths,age-adjusted rate,A,60.2556509447328,248.778025442684,491.307227663001,EPA,attributable,25,150
1991,49,Black or African American,All Origins,A,666,666,nvss,Deaths,age-adjusted rate,A,147.647982641581,610.142858805127,1205.9320480423,EPA,attributable,25,150
1991,49,White,All Origins,A,666,666,nvss,Deaths,age-adjusted rate,A,81.0526070163911,335.663198668405,664.780241669655,EPA,attributable,25,150
1991,50,All,All Origins,A,666,666,nvss,Deaths,age-adjusted rate,A,189.077655866589,801.11003249891,1619.60059894812,EPA,attributable,25,150
1991,50,American Indian or Alaska Native,All Origins,A,666,666,nvss,Deaths,age-adjusted rate,A,19.8345681742712,84.1608944486832,170.377962379494,EPA,attributable,25,150
1991,50,Asian or Pacific Islander,All Origins,A,666,666,nvss,Deaths,age-adjusted rate,A,109.399077408623,459.502648791416,921.747498584968,EPA,attributable,25,150
1991,50,Black or African American,All Origins,A,666,666,nvss,Deaths,age-adjusted rate,A,97.0742942285051,407.618520363921,817.465579585903,EPA,attributable,25,150
1991,50,White,All Origins,A,666,666,nvss,Deaths,age-adjusted rate,A,189.498902607705,802.974731528951,1623.51394287289,EPA,attributable,25,150
1991,51,All,All Origins,A,666,666,nvss,Deaths,age-adjusted rate,A,128.798766239035,518.266842508851,999.959614255905,EPA,attributable,25,150
1991,51,American Indian or Alaska Native,All Origins,A,666,666,nvss,Deaths,age-adjusted rate,A,40.6713656209162,163.35428617452,314.650577330095,EPA,attributable,25,150
1991,51,Asian or Pacific Islander,All Origins,A,666,666,nvss,Deaths,age-adjusted rate,A,41.0400184413728,164.161305852641,315.031386108279,EPA,attributable,25,150
1991,51,Black or African American,All Origins,A,666,666,nvss,Deaths,age-adjusted rate,A,193.187959180087,775.828554870249,1494.19590105736,EPA,attributable,25,150
1991,51,White,All Origins,A,666,666,nvss,Deaths,age-adjusted rate,A,119.752580864647,482.204912815475,930.976549846413,EPA,attributable,25,150
1991,53,All,All Origins,A,666,666,nvss,Deaths,age-adjusted rate,A,81.2493446867744,339.5582906365,678.030900090509,EPA,attributable,25,150
1991,53,American Indian or Alaska Native,All Origins,A,666,666,nvss,Deaths,age-adjusted rate,A,113.625400740994,475.076390027565,949.044785138049,EPA,attributable,25,150
1991,53,Asian or Pacific Islander,All Origins,A,666,666,nvss,Deaths,age-adjusted rate,A,57.2326262688581,238.677596301412,475.662711600244,EPA,attributable,25,150
1991,53,Black or African American,All Origins,A,666,666,nvss,Deaths,age-adjusted rate,A,137.395802687401,571.675035212941,1136.92420471309,EPA,attributable,25,150
1991,53,White,All Origins,A,666,666,nvss,Deaths,age-adjusted rate,A,80.9830808488427,338.527607167847,676.122199649769,EPA,attributable,25,150
1991,54,All,All Origins,A,666,666,nvss,Deaths,age-adjusted rate,A,290.619440481349,1174.77795906454,2276.33316969964,EPA,attributable,25,150
1991,54,American Indian or Alaska Native,All Origins,A,666,666,nvss,Deaths,age-adjusted rate,A,24.3385128896867,98.3942283144484,190.681087990864,EPA,attributable,25,150
1991,54,Asian or Pacific Islander,All Origins,A,666,666,nvss,Deaths,age-adjusted rate,A,107.204717564246,432.307693939566,835.777236291805,EPA,attributable,25,150
1991,54,Black or African American,All Origins,A,666,666,nvss,Deaths,age-adjusted rate,A,569.142986773203,2300.76997703226,4458.72557401991,EPA,attributable,25,150
1991,54,White,All Origins,A,666,666,nvss,Deaths,age-adjusted rate,A,286.043322362808,1156.29549549188,2240.54435557193,EPA,attributable,25,150
1991,55,All,All Origins,A,666,666,nvss,Deaths,age-adjusted rate,A,150.470118309894,622.690563342878,1232.31498653604,EPA,attributable,25,150
1991,55,American Indian or Alaska Native,All Origins,A,666,666,nvss,Deaths,age-adjusted rate,A,223.039788668491,925.833091334718,1837.42263905583,EPA,attributable,25,150
1991,55,Asian or Pacific Islander,All Origins,A,666,666,nvss,Deaths,age-adjusted rate,A,60.2757846232661,248.374816693989,489.624480361203,EPA,attributable,25,150
1991,55,Black or African American,All Origins,A,666,666,nvss,Deaths,age-adjusted rate,A,266.016712300938,1084.80423439274,2118.43418829867,EPA,attributable,25,150
1991,55,White,All Origins,A,666,666,nvss,Deaths,age-adjusted rate,A,148.171429902455,613.507458650824,1214.72514811296,EPA,attributable,25,150
1991,56,All,All Origins,A,666,666,nvss,Deaths,age-adjusted rate,A,126.886451966602,545.251122036755,1116.46986073939,EPA,attributable,25,150
1991,56,American Indian or Alaska Native,All Origins,A,666,666,nvss,Deaths,age-adjusted rate,A,146.278982379851,628.148108546918,1285.38410791156,EPA,attributable,25,150
1991,56,Asian or Pacific Islander,All Origins,A,666,666,nvss,Deaths,age-adjusted rate,A,15.0660615561906,64.7198030808797,132.481118991614,EPA,attributable,25,150
1991,56,Black or African American,All Origins,A,666,666,nvss,Deaths,age-adjusted rate,A,148.004477553955,636.345384060709,1303.56327559559,EPA,attributable,25,150
1991,56,White,All Origins,A,666,666,nvss,Deaths,age-adjusted rate,A,126.799581125273,544.879472081623,1115.71266310694,EPA,attributable,25,150
1991,1,All,All Origins,A,666,666,nvss,Deaths,age-adjusted rate,A,298.102093370924,390.514591974867,478.978174583198,burnett,attributable,25,150
1991,1,American Indian or Alaska Native,All Origins,A,666,666,nvss,Deaths,age-adjusted rate,A,48.8858365166163,64.0734773826398,78.6278797839438,burnett,attributable,25,150
1991,1,Asian or Pacific Islander,All Origins,A,666,666,nvss,Deaths,age-adjusted rate,A,75.4860215615478,98.8574912590722,121.216212123401,burnett,attributable,25,150
1991,1,Black or African American,All Origins,A,666,666,nvss,Deaths,age-adjusted rate,A,421.040761760172,551.184485411955,675.586099284273,burnett,attributable,25,150
1991,1,White,All Origins,A,666,666,nvss,Deaths,age-adjusted rate,A,273.294595891266,358.079696529741,439.271788536895,burnett,attributable,25,150
1991,2,All,All Origins,A,666,666,nvss,Deaths,age-adjusted rate,A,36.4695505427806,48.6471079440679,60.7464370307069,burnett,attributable,25,150
1991,2,American Indian or Alaska Native,All Origins,A,666,666,nvss,Deaths,age-adjusted rate,A,48.9456541069517,65.2891105948998,81.5275771399186,burnett,attributable,25,150
1991,2,Asian or Pacific Islander,All Origins,A,666,666,nvss,Deaths,age-adjusted rate,A,12.0202235028254,16.033899555955,20.0217918576447,burnett,attributable,25,150
1991,2,Black or African American,All Origins,A,666,666,nvss,Deaths,age-adjusted rate,A,23.7967310829583,31.7427039401173,39.6376320725936,burnett,attributable,25,150
1991,2,White,All Origins,A,666,666,nvss,Deaths,age-adjusted rate,A,35.9735206792012,47.985448615727,59.9202122370142,burnett,attributable,25,150
1991,4,All,All Origins,A,666,666,nvss,Deaths,age-adjusted rate,A,108.415930751663,142.794315840127,176.078171006131,burnett,attributable,25,150
1991,4,American Indian or Alaska Native,All Origins,A,666,666,nvss,Deaths,age-adjusted rate,A,266.259598133186,351.401630542385,434.186068696816,burnett,attributable,25,150
1991,4,Asian or Pacific Islander,All Origins,A,666,666,nvss,Deaths,age-adjusted rate,A,68.6950182680725,90.4473122989322,111.49199416778,burnett,attributable,25,150
1991,4,Black or African American,All Origins,A,666,666,nvss,Deaths,age-adjusted rate,A,222.339147336666,292.831965658904,361.074976796737,burnett,attributable,25,150
1991,4,White,All Origins,A,666,666,nvss,Deaths,age-adjusted rate,A,107.298202982357,141.316876717236,174.24988558563,burnett,attributable,25,150
1991,5,All,All Origins,A,666,666,nvss,Deaths,age-adjusted rate,A,296.076740922269,388.786729449333,477.980112145127,burnett,attributable,25,150
1991,5,American Indian or Alaska Native,All Origins,A,666,666,nvss,Deaths,age-adjusted rate,A,67.6562335689759,88.9036974693705,109.375243737364,burnett,attributable,25,150
1991,5,Asian or Pacific Islander,All Origins,A,666,666,nvss,Deaths,age-adjusted rate,A,183.406645219974,240.756940105319,295.89360865392,burnett,attributable,25,150
1991,5,Black or African American,All Origins,A,666,666,nvss,Deaths,age-adjusted rate,A,526.150681696567,690.345380267608,848.04347069162,burnett,attributable,25,150
1991,5,White,All Origins,A,666,666,nvss,Deaths,age-adjusted rate,A,275.983190874369,362.437973673636,445.631056928759,burnett,attributable,25,150
1991,6,All,All Origins,A,666,666,nvss,Deaths,age-adjusted rate,A,188.114149232918,245.682573478478,300.445026758582,burnett,attributable,25,150
1991,6,American Indian or Alaska Native,All Origins,A,666,666,nvss,Deaths,age-adjusted rate,A,89.6885124438548,117.237612926366,143.49268910868,burnett,attributable,25,150
1991,6,Asian or Pacific Islander,All Origins,A,666,666,nvss,Deaths,age-adjusted rate,A,131.276120195928,171.289176506512,209.275071882462,burnett,attributable,25,150
1991,6,Black or African American,All Origins,A,666,666,nvss,Deaths,age-adjusted rate,A,433.513900053548,565.52045657865,690.779261373657,burnett,attributable,25,150
1991,6,White,All Origins,A,666,666,nvss,Deaths,age-adjusted rate,A,188.083621505826,245.72790199766,300.602915550913,burnett,attributable,25,150
1991,8,All,All Origins,A,666,666,nvss,Deaths,age-adjusted rate,A,92.2069034822789,121.631340814791,150.208985002568,burnett,attributable,25,150
1991,8,American Indian or Alaska Native,All Origins,A,666,666,nvss,Deaths,age-adjusted rate,A,78.3781626027323,103.384921056431,127.669750714158,burnett,attributable,25,150
1991,8,Asian or Pacific Islander,All Origins,A,666,666,nvss,Deaths,age-adjusted rate,A,43.6514506654475,57.5661744762865,71.073023887844,burnett,attributable,25,150
1991,8,Black or African American,All Origins,A,666,666,nvss,Deaths,age-adjusted rate,A,97.5124666244412,128.570309016884,158.704968922474,burnett,attributable,25,150
1991,8,White,All Origins,A,666,666,nvss,Deaths,age-adjusted rate,A,93.738690740067,123.657382158494,152.717732546213,burnett,attributable,25,150
1991,9,All,All Origins,A,666,666,nvss,Deaths,age-adjusted rate,A,378.687428853795,497.327193977286,611.496361754027,burnett,attributable,25,150
1991,9,American Indian or Alaska Native,All Origins,A,666,666,nvss,Deaths,age-adjusted rate,A,311.423446544739,408.909311810948,502.683140689628,burnett,attributable,25,150
1991,9,Asian or Pacific Islander,All Origins,A,666,666,nvss,Deaths,age-adjusted rate,A,131.254519766458,172.264515014974,211.676023834481,burnett,attributable,25,150
1991,9,Black or African American,All Origins,A,666,666,nvss,Deaths,age-adjusted rate,A,675.503231848906,886.045952503244,1088.13434796739,burnett,attributable,25,150
1991,9,White,All Origins,A,666,666,nvss,Deaths,age-adjusted rate,A,367.659699056963,482.887234702352,593.793189316969,burnett,attributable,25,150
1991,10,All,All Origins,A,666,666,nvss,Deaths,age-adjusted rate,A,344.732043581718,450.696558868973,551.704427562619,burnett,attributable,25,150
1991,10,American Indian or Alaska Native,All Origins,A,666,666,nvss,Deaths,age-adjusted rate,A,455.071990690122,595.295211110908,729.122691193356,burnett,attributable,25,150
1991,10,Asian or Pacific Islander,All Origins,A,666,666,nvss,Deaths,age-adjusted rate,A,83.1033660928205,108.618053735845,132.924979633581,burnett,attributable,25,150
1991,10,Black or African American,All Origins,A,666,666,nvss,Deaths,age-adjusted rate,A,586.439634213954,766.50791514326,938.061565230731,burnett,attributable,25,150
1991,10,White,All Origins,A,666,666,nvss,Deaths,age-adjusted rate,A,321.728629920943,420.640169592772,514.933477759275,burnett,attributable,25,150
1991,11,All,All Origins,A,666,666,nvss,Deaths,age-adjusted rate,A,166.888015974589,218.139524840821,266.970859451893,burnett,attributable,25,150
1991,11,American Indian or Alaska Native,All Origins,A,666,666,nvss,Deaths,age-adjusted rate,A,42.9399739256081,56.1278360375186,68.6933984119977,burnett,attributable,25,150
1991,11,Asian or Pacific Islander,All Origins,A,666,666,nvss,Deaths,age-adjusted rate,A,48.0970713045528,62.8702941004606,76.9471189975767,burnett,attributable,25,150
1991,11,Black or African American,All Origins,A,666,666,nvss,Deaths,age-adjusted rate,A,181.548665706946,237.299898520789,290.41724799136,burnett,attributable,25,150
1991,11,White,All Origins,A,666,666,nvss,Deaths,age-adjusted rate,A,135.349828070176,176.919717761102,216.528417538643,burnett,attributable,25,150
1991,12,All,All Origins,A,666,666,nvss,Deaths,age-adjusted rate,A,118.103514230999,155.313134619919,191.221598231842,burnett,attributable,25,150
1991,12,American Indian or Alaska Native,All Origins,A,666,666,nvss,Deaths,age-adjusted rate,A,44.2473536456615,58.1725263417676,71.6033674361006,burnett,attributable,25,150
1991,12,Asian or Pacific Islander,All Origins,A,666,666,nvss,Deaths,age-adjusted rate,A,33.2590330746745,43.7239113084517,53.8162467952681,burnett,attributable,25,150
1991,12,Black or African American,All Origins,A,666,666,nvss,Deaths,age-adjusted rate,A,213.996964934186,281.377506429508,346.381571440974,burnett,attributable,25,150
1991,12,White,All Origins,A,666,666,nvss,Deaths,age-adjusted rate,A,113.285906933284,148.979817360797,183.426621982405,burnett,attributable,25,150
1991,13,All,All Origins,A,666,666,nvss,Deaths,age-adjusted rate,A,276.429690438649,361.633226919061,442.963215843418,burnett,attributable,25,150
1991,13,American Indian or Alaska Native,All Origins,A,666,666,nvss,Deaths,age-adjusted rate,A,49.0234627574025,64.1431777342765,78.5799654521587,burnett,attributable,25,150
1991,13,Asian or Pacific Islander,All Origins,A,666,666,nvss,Deaths,age-adjusted rate,A,60.4300814357604,78.9923366216966,96.6802611206911,burnett,attributable,25,150
1991,13,Black or African American,All Origins,A,666,666,nvss,Deaths,age-adjusted rate,A,407.639647840359,533.224564433604,653.070557195775,burnett,attributable,25,150
1991,13,White,All Origins,A,666,666,nvss,Deaths,age-adjusted rate,A,251.467571017248,328.997050094927,403.011437484956,burnett,attributable,25,150
1991,15,All,All Origins,A,666,666,nvss,Deaths,age-adjusted rate,A,21.9590106039096,29.280077342103,36.5485184252009,burnett,attributable,25,150
1991,15,American Indian or Alaska Native,All Origins,A,666,666,nvss,Deaths,age-adjusted rate,A,45.7115242419997,60.9377153001735,76.0475510425792,burnett,attributable,25,150
1991,15,Asian or Pacific Islander,All Origins,A,666,666,nvss,Deaths,age-adjusted rate,A,22.2176244567732,29.6263997346181,36.9826583664289,burnett,attributable,25,150
1991,15,Black or African American,All Origins,A,666,666,nvss,Deaths,age-adjusted rate,A,24.9246222096299,33.2438687881167,41.5080145026263,burnett,attributable,25,150
1991,15,White,All Origins,A,666,666,nvss,Deaths,age-adjusted rate,A,21.7158325804896,28.952803972287,36.136252582918,burnett,attributable,25,150
1991,16,All,All Origins,A,666,666,nvss,Deaths,age-adjusted rate,A,267.426126064214,351.719152174003,433.089205178605,burnett,attributable,25,150
1991,16,American Indian or Alaska Native,All Origins,A,666,666,nvss,Deaths,age-adjusted rate,A,225.099814410502,296.492161189714,365.621931335279,burnett,attributable,25,150
1991,16,Asian or Pacific Islander,All Origins,A,666,666,nvss,Deaths,age-adjusted rate,A,177.877693059373,233.765742301068,287.628381824854,burnett,attributable,25,150
1991,16,Black or African American,All Origins,A,666,666,nvss,Deaths,age-adjusted rate,A,457.167467486039,600.932744416841,739.548328592889,burnett,attributable,25,150
1991,16,White,All Origins,A,666,666,nvss,Deaths,age-adjusted rate,A,267.909732113613,352.353652967385,433.868650708887,burnett,attributable,25,150
1991,17,All,All Origins,A,666,666,nvss,Deaths,age-adjusted rate,A,302.552760812544,396.278188250904,485.967258421998,burnett,attributable,25,150
1991,17,American Indian or Alaska Native,All Origins,A,666,666,nvss,Deaths,age-adjusted rate,A,111.881411860179,146.539067664253,179.703690340687,burnett,attributable,25,150
1991,17,Asian or Pacific Islander,All Origins,A,666,666,nvss,Deaths,age-adjusted rate,A,107.214532932051,140.362412554044,172.051406949077,burnett,attributable,25,150
1991,17,Black or African American,All Origins,A,666,666,nvss,Deaths,age-adjusted rate,A,850.998934685489,1113.02733561684,1363.01283101478,burnett,attributable,25,150
1991,17,White,All Origins,A,666,666,nvss,Deaths,age-adjusted rate,A,276.950024673239,362.792949016258,444.962194626797,burnett,attributable,25,150
1991,18,All,All Origins,A,666,666,nvss,Deaths,age-adjusted rate,A,382.48743284906,500.665296300052,613.604899527324,burnett,attributable,25,150
1991,18,American Indian or Alaska Native,All Origins,A,666,666,nvss,Deaths,age-adjusted rate,A,142.562169222905,186.603485587858,228.689659475383,burnett,attributable,25,150
1991,18,Asian or Pacific Islander,All Origins,A,666,666,nvss,Deaths,age-adjusted rate,A,64.3717596811724,84.2407789035256,103.219511603469,burnett,attributable,25,150
1991,18,Black or African American,All Origins,A,666,666,nvss,Deaths,age-adjusted rate,A,730.248698955739,955.037194125053,1169.46355546936,burnett,attributable,25,150
1991,18,White,All Origins,A,666,666,nvss,Deaths,age-adjusted rate,A,369.331386394146,483.473332129446,592.569669128308,burnett,attributable,25,150
1991,19,All,All Origins,A,666,666,nvss,Deaths,age-adjusted rate,A,367.840568864631,483.914656119303,596.017066423581,burnett,attributable,25,150
1991,19,American Indian or Alaska Native,All Origins,A,666,666,nvss,Deaths,age-adjusted rate,A,398.323381604526,524.019642810142,645.41676559809,burnett,attributable,25,150
1991,19,Asian or Pacific Islander,All Origins,A,666,666,nvss,Deaths,age-adjusted rate,A,82.0732061408509,107.927182781842,132.874951730604,burnett,attributable,25,150
1991,19,Black or African American,All Origins,A,666,666,nvss,Deaths,age-adjusted rate,A,469.59733831747,617.269202993974,759.641156578378,burnett,attributable,25,150
1991,19,White,All Origins,A,666,666,nvss,Deaths,age-adjusted rate,A,367.505379430515,483.483410034728,595.497738061345,burnett,attributable,25,150
1991,20,All,All Origins,A,666,666,nvss,Deaths,age-adjusted rate,A,322.340488483429,423.7231515795,521.478504479577,burnett,attributable,25,150
1991,20,American Indian or Alaska Native,All Origins,A,666,666,nvss,Deaths,age-adjusted rate,A,360.873692741066,474.560088348575,584.267480336925,burnett,attributable,25,150
1991,20,Asian or Pacific Islander,All Origins,A,666,666,nvss,Deaths,age-adjusted rate,A,67.1042741811514,88.1634537751798,108.446657292505,burnett,attributable,25,150
1991,20,Black or African American,All Origins,A,666,666,nvss,Deaths,age-adjusted rate,A,392.897662650769,516.043133007504,634.574646322771,burnett,attributable,25,150
1991,20,White,All Origins,A,666,666,nvss,Deaths,age-adjusted rate,A,320.443640701202,421.254285299734,518.470007016475,burnett,attributable,25,150
1991,21,All,All Origins,A,666,666,nvss,Deaths,age-adjusted rate,A,456.05205892392,596.632200076129,730.826065839659,burnett,attributable,25,150
1991,21,American Indian or Alaska Native,All Origins,A,666,666,nvss,Deaths,age-adjusted rate,A,140.465920818909,183.78761871065,225.152054381805,burnett,attributable,25,150
1991,21,Asian or Pacific Islander,All Origins,A,666,666,nvss,Deaths,age-adjusted rate,A,133.252157099327,174.282563320409,213.427354514604,burnett,attributable,25,150
1991,21,Black or African American,All Origins,A,666,666,nvss,Deaths,age-adjusted rate,A,689.852306624137,901.766623861475,1103.70470342216,burnett,attributable,25,150
1991,21,White,All Origins,A,666,666,nvss,Deaths,age-adjusted rate,A,445.577494646955,582.965873983367,714.130582179901,burnett,attributable,25,150
1991,22,All,All Origins,A,666,666,nvss,Deaths,age-adjusted rate,A,282.212471125669,370.346439548532,455.025375612254,burnett,attributable,25,150
1991,22,American Indian or Alaska Native,All Origins,A,666,666,nvss,Deaths,age-adjusted rate,A,155.674481873172,204.415784565775,251.306540201484,burnett,attributable,25,150
1991,22,Asian or Pacific Islander,All Origins,A,666,666,nvss,Deaths,age-adjusted rate,A,59.4700874757419,77.9881105394606,95.7542048223981,burnett,attributable,25,150
1991,22,Black or African American,All Origins,A,666,666,nvss,Deaths,age-adjusted rate,A,409.717408322599,537.533609727704,660.272951740809,burnett,attributable,25,150
1991,22,White,All Origins,A,666,666,nvss,Deaths,age-adjusted rate,A,251.888859245641,330.587130352322,406.216778818504,burnett,attributable,25,150
1991,23,All,All Origins,A,666,666,nvss,Deaths,age-adjusted rate,A,340.031719314344,448.279240187543,553.286566523339,burnett,attributable,25,150
1991,23,American Indian or Alaska Native,All Origins,A,666,666,nvss,Deaths,age-adjusted rate,A,168.295977778894,222.194577095427,274.637196909773,burnett,attributable,25,150
1991,23,Asian or Pacific Islander,All Origins,A,666,666,nvss,Deaths,age-adjusted rate,A,315.133609204556,414.989343032126,511.631253097099,burnett,attributable,25,150
1991,23,Black or African American,All Origins,A,666,666,nvss,Deaths,age-adjusted rate,A,507.723459648566,668.516613679596,824.09131887036,burnett,attributable,25,150
1991,23,White,All Origins,A,666,666,nvss,Deaths,age-adjusted rate,A,340.523154736756,448.929623353078,554.092334268583,burnett,attributable,25,150
1991,24,All,All Origins,A,666,666,nvss,Deaths,age-adjusted rate,A,193.04738903627,252.484486311527,309.187460584065,burnett,attributable,25,150
1991,24,American Indian or Alaska Native,All Origins,A,666,666,nvss,Deaths,age-adjusted rate,A,88.0859839904543,115.201195861292,141.066499462702,burnett,attributable,25,150
1991,24,Asian or Pacific Islander,All Origins,A,666,666,nvss,Deaths,age-adjusted rate,A,64.3045783454778,84.0984387334408,102.979440325386,burnett,attributable,25,150
1991,24,Black or African American,All Origins,A,666,666,nvss,Deaths,age-adjusted rate,A,275.419092499487,360.114434766565,440.864676160095,burnett,attributable,25,150
1991,24,White,All Origins,A,666,666,nvss,Deaths,age-adjusted rate,A,180.485578045028,236.079267700496,289.127182715302,burnett,attributable,25,150
1991,25,All,All Origins,A,666,666,nvss,Deaths,age-adjusted rate,A,297.551953333044,390.983951432046,480.996987667408,burnett,attributable,25,150
1991,25,American Indian or Alaska Native,All Origins,A,666,666,nvss,Deaths,age-adjusted rate,A,173.43050733175,227.838101313857,280.230781760636,burnett,attributable,25,150
1991,25,Asian or Pacific Islander,All Origins,A,666,666,nvss,Deaths,age-adjusted rate,A,116.031591631498,152.378741965534,187.353822835639,burnett,attributable,25,150
1991,25,Black or African American,All Origins,A,666,666,nvss,Deaths,age-adjusted rate,A,351.335676382016,461.242211992085,566.927804250936,burnett,attributable,25,150
1991,25,White,All Origins,A,666,666,nvss,Deaths,age-adjusted rate,A,297.597304796673,391.071178679129,481.137869103409,burnett,attributable,25,150
1991,26,All,All Origins,A,666,666,nvss,Deaths,age-adjusted rate,A,474.999220458085,623.413256405777,766.045497093721,burnett,attributable,25,150
1991,26,American Indian or Alaska Native,All Origins,A,666,666,nvss,Deaths,age-adjusted rate,A,714.185643251635,937.952911168523,1153.30548705092,burnett,attributable,25,150
1991,26,Asian or Pacific Islander,All Origins,A,666,666,nvss,Deaths,age-adjusted rate,A,194.428292718485,254.952007254998,313.009298588541,burnett,attributable,25,150
1991,26,Black or African American,All Origins,A,666,666,nvss,Deaths,age-adjusted rate,A,928.785480896833,1216.94661211478,1492.90474003967,burnett,attributable,25,150
1991,26,White,All Origins,A,666,666,nvss,Deaths,age-adjusted rate,A,440.691596724781,578.505976309658,711.008909286114,burnett,attributable,25,150
1991,27,All,All Origins,A,666,666,nvss,Deaths,age-adjusted rate,A,194.47136207529,255.981576590612,315.457008756592,burnett,attributable,25,150
1991,27,American Indian or Alaska Native,All Origins,A,666,666,nvss,Deaths,age-adjusted rate,A,382.986910595575,504.37368222117,621.869072167476,burnett,attributable,25,150
1991,27,Asian or Pacific Islander,All Origins,A,666,666,nvss,Deaths,age-adjusted rate,A,66.8447784520304,87.9221162554528,108.270506352143,burnett,attributable,25,150
1991,27,Black or African American,All Origins,A,666,666,nvss,Deaths,age-adjusted rate,A,329.503155913468,433.27011372124,533.384935612895,burnett,attributable,25,150
1991,27,White,All Origins,A,666,666,nvss,Deaths,age-adjusted rate,A,193.443103619457,254.635581506287,313.807415380278,burnett,attributable,25,150
1991,28,All,All Origins,A,666,666,nvss,Deaths,age-adjusted rate,A,628.59488229587,825.030729654247,1013.82472114967,burnett,attributable,25,150
1991,28,American Indian or Alaska Native,All Origins,A,666,666,nvss,Deaths,age-adjusted rate,A,467.655282891473,613.966253403095,754.66624457525,burnett,attributable,25,150
1991,28,Asian or Pacific Islander,All Origins,A,666,666,nvss,Deaths,age-adjusted rate,A,235.642051194076,309.277894789718,380.048270561811,burnett,attributable,25,150
1991,28,Black or African American,All Origins,A,666,666,nvss,Deaths,age-adjusted rate,A,942.692483541835,1237.25424246606,1520.34224118611,burnett,attributable,25,150
1991,28,White,All Origins,A,666,666,nvss,Deaths,age-adjusted rate,A,541.068655478103,710.15793897891,872.671863663643,burnett,attributable,25,150
1991,29,All,All Origins,A,666,666,nvss,Deaths,age-adjusted rate,A,345.563200633935,453.387299221376,556.940488932195,burnett,attributable,25,150
1991,29,American Indian or Alaska Native,All Origins,A,666,666,nvss,Deaths,age-adjusted rate,A,165.742453850487,217.649496616618,267.592258860409,burnett,attributable,25,150
1991,29,Asian or Pacific Islander,All Origins,A,666,666,nvss,Deaths,age-adjusted rate,A,99.7160684613918,130.766077028839,160.555542352652,burnett,attributable,25,150
1991,29,Black or African American,All Origins,A,666,666,nvss,Deaths,age-adjusted rate,A,642.550013163687,842.276532313507,1033.72606935173,burnett,attributable,25,150
1991,29,White,All Origins,A,666,666,nvss,Deaths,age-adjusted rate,A,330.100634538306,433.132166902181,532.097997830798,burnett,attributable,25,150
1991,30,All,All Origins,A,666,666,nvss,Deaths,age-adjusted rate,A,323.392024210463,426.513630663374,526.636124320384,burnett,attributable,25,150
1991,30,American Indian or Alaska Native,All Origins,A,666,666,nvss,Deaths,age-adjusted rate,A,528.887460047641,698.453111092936,863.536792351191,burnett,attributable,25,150
1991,30,Asian or Pacific Islander,All Origins,A,666,666,nvss,Deaths,age-adjusted rate,A,196.914871255255,259.399173997995,319.917971387048,burnett,attributable,25,150
1991,30,Black or African American,All Origins,A,666,666,nvss,Deaths,age-adjusted rate,A,361.043208703237,475.847609228818,587.154308817013,burnett,attributable,25,150
1991,30,White,All Origins,A,666,666,nvss,Deaths,age-adjusted rate,A,318.707813213429,420.321933314823,518.973997997308,burnett,attributable,25,150
1991,31,All,All Origins,A,666,666,nvss,Deaths,age-adjusted rate,A,259.033081860756,341.295379991956,420.997491524055,burnett,attributable,25,150
1991,31,American Indian or Alaska Native,All Origins,A,666,666,nvss,Deaths,age-adjusted rate,A,591.456937393342,779.646186893242,962.154353229762,burnett,attributable,25,150
1991,31,Asian or Pacific Islander,All Origins,A,666,666,nvss,Deaths,age-adjusted rate,A,93.465341049432,123.095815374875,151.778751525592,burnett,attributable,25,150
1991,31,Black or African American,All Origins,A,666,666,nvss,Deaths,age-adjusted rate,A,247.603732085858,326.024801531226,401.901681693672,burnett,attributable,25,150
1991,31,White,All Origins,A,666,666,nvss,Deaths,age-adjusted rate,A,258.659992108772,340.816720158737,420.422868505044,burnett,attributable,25,150
1991,32,All,All Origins,A,666,666,nvss,Deaths,age-adjusted rate,A,126.974750940317,167.028939586703,205.707062435257,burnett,attributable,25,150
1991,32,American Indian or Alaska Native,All Origins,A,666,666,nvss,Deaths,age-adjusted rate,A,101.826905394949,134.040099861751,165.1920828785,burnett,attributable,25,150
1991,32,Asian or Pacific Islander,All Origins,A,666,666,nvss,Deaths,age-adjusted rate,A,67.3291892680378,88.5424366554907,109.014246338662,burnett,attributable,25,150
1991,32,Black or African American,All Origins,A,666,666,nvss,Deaths,age-adjusted rate,A,143.238956017894,188.46385023517,232.153954344268,burnett,attributable,25,150
1991,32,White,All Origins,A,666,666,nvss,Deaths,age-adjusted rate,A,128.668820723417,169.25576817182,208.44759493937,burnett,attributable,25,150
1991,33,All,All Origins,A,666,666,nvss,Deaths,age-adjusted rate,A,451.017931234236,593.694915813485,731.66331009775,burnett,attributable,25,150
1991,33,American Indian or Alaska Native,All Origins,A,666,666,nvss,Deaths,age-adjusted rate,A,34.57900114072,45.5098393162606,56.0761564642692,burnett,attributable,25,150
1991,33,Asian or Pacific Islander,All Origins,A,666,666,nvss,Deaths,age-adjusted rate,A,141.328615889966,185.860992725849,228.838753883951,burnett,attributable,25,150
1991,33,Black or African American,All Origins,A,666,666,nvss,Deaths,age-adjusted rate,A,500.245989895097,657.636180823322,809.418449568938,burnett,attributable,25,150
1991,33,White,All Origins,A,666,666,nvss,Deaths,age-adjusted rate,A,452.603543529207,595.794711347111,734.266382884307,burnett,attributable,25,150
1991,34,All,All Origins,A,666,666,nvss,Deaths,age-adjusted rate,A,279.325433473311,365.481385957922,447.748141319346,burnett,attributable,25,150
1991,34,American Indian or Alaska Native,All Origins,A,666,666,nvss,Deaths,age-adjusted rate,A,129.747930592221,169.770762929994,207.988411324902,burnett,attributable,25,150
1991,34,Asian or Pacific Islander,All Origins,A,666,666,nvss,Deaths,age-adjusted rate,A,76.890525005373,100.600829808789,123.237831742078,burnett,attributable,25,150
1991,34,Black or African American,All Origins,A,666,666,nvss,Deaths,age-adjusted rate,A,531.336740961731,694.932385455088,851.00424770666,burnett,attributable,25,150
1991,34,White,All Origins,A,666,666,nvss,Deaths,age-adjusted rate,A,265.618290755515,347.562562083335,425.81549415123,burnett,attributable,25,150
1991,35,All,All Origins,A,666,666,nvss,Deaths,age-adjusted rate,A,114.656653107175,151.445605337989,187.274259584641,burnett,attributable,25,150
1991,35,American Indian or Alaska Native,All Origins,A,666,666,nvss,Deaths,age-adjusted rate,A,117.051667137116,154.801500003387,191.660689822421,burnett,attributable,25,150
1991,35,Asian or Pacific Islander,All Origins,A,666,666,nvss,Deaths,age-adjusted rate,A,86.9382635604332,114.797679044578,141.912165105457,burnett,attributable,25,150
1991,35,Black or African American,All Origins,A,666,666,nvss,Deaths,age-adjusted rate,A,147.447737372039,194.697048656691,240.682729270566,burnett,attributable,25,150
1991,35,White,All Origins,A,666,666,nvss,Deaths,age-adjusted rate,A,119.078588000431,157.284206573319,194.491487875173,burnett,attributable,25,150
1991,36,All,All Origins,A,666,666,nvss,Deaths,age-adjusted rate,A,264.474602832675,346.750194604055,425.649542516846,burnett,attributable,25,150
1991,36,American Indian or Alaska Native,All Origins,A,666,666,nvss,Deaths,age-adjusted rate,A,103.558983626875,135.771068463868,166.659675615958,burnett,attributable,25,150
1991,36,Asian or Pacific Islander,All Origins,A,666,666,nvss,Deaths,age-adjusted rate,A,146.889172712808,192.322477768895,235.765360809137,burnett,attributable,25,150
1991,36,Black or African American,All Origins,A,666,666,nvss,Deaths,age-adjusted rate,A,437.187469876632,572.305025935712,701.452263937157,burnett,attributable,25,150
1991,36,White,All Origins,A,666,666,nvss,Deaths,age-adjusted rate,A,250.417317004209,328.424859523727,403.281693149351,burnett,attributable,25,150
1991,37,All,All Origins,A,666,666,nvss,Deaths,age-adjusted rate,A,297.122704193621,389.251682788324,477.453670003506,burnett,attributable,25,150
1991,37,American Indian or Alaska Native,All Origins,A,666,666,nvss,Deaths,age-adjusted rate,A,421.386641109667,552.648586059614,678.605286768704,burnett,attributable,25,150
1991,37,Asian or Pacific Islander,All Origins,A,666,666,nvss,Deaths,age-adjusted rate,A,48.9585638984996,64.105439390161,78.5905184082477,burnett,attributable,25,150
1991,37,Black or African American,All Origins,A,666,666,nvss,Deaths,age-adjusted rate,A,445.798131686599,583.863321725822,715.964876265013,burnett,attributable,25,150
1991,37,White,All Origins,A,666,666,nvss,Deaths,age-adjusted rate,A,271.598705327831,355.836615390268,436.495015154102,burnett,attributable,25,150
1991,38,All,All Origins,A,666,666,nvss,Deaths,age-adjusted rate,A,311.201049358135,410.974396545935,508.10423456415,burnett,attributable,25,150
1991,38,American Indian or Alaska Native,All Origins,A,666,666,nvss,Deaths,age-adjusted rate,A,481.750116267315,637.149689573817,788.897834696825,burnett,attributable,25,150
1991,38,Asian or Pacific Islander,All Origins,A,666,666,nvss,Deaths,age-adjusted rate,A,314.537741208189,415.353001652775,513.483109114454,burnett,attributable,25,150
1991,38,Black or African American,All Origins,A,666,666,nvss,Deaths,age-adjusted rate,A,236.596225799138,312.666790186213,386.826527693886,burnett,attributable,25,150
1991,38,White,All Origins,A,666,666,nvss,Deaths,age-adjusted rate,A,308.882367393013,407.897475535272,504.281879152007,burnett,attributable,25,150
1991,39,All,All Origins,A,666,666,nvss,Deaths,age-adjusted rate,A,284.864990694685,372.660729868611,456.460622388002,burnett,attributable,25,150
1991,39,American Indian or Alaska Native,All Origins,A,666,666,nvss,Deaths,age-adjusted rate,A,121.495236204536,158.915334026249,194.620490026073,burnett,attributable,25,150
1991,39,Asian or Pacific Islander,All Origins,A,666,666,nvss,Deaths,age-adjusted rate,A,84.7935066642326,110.902457666065,135.811426654518,burnett,attributable,25,150
1991,39,Black or African American,All Origins,A,666,666,nvss,Deaths,age-adjusted rate,A,425.03160585276,555.711784010806,680.294414200452,burnett,attributable,25,150
1991,39,White,All Origins,A,666,666,nvss,Deaths,age-adjusted rate,A,275.605937675842,360.570506994086,441.678781622583,burnett,attributable,25,150
1991,40,All,All Origins,A,666,666,nvss,Deaths,age-adjusted rate,A,221.483231263073,291.430988083962,359.013709488371,burnett,attributable,25,150
1991,40,American Indian or Alaska Native,All Origins,A,666,666,nvss,Deaths,age-adjusted rate,A,213.909177589504,281.494928112616,346.809673392769,burnett,attributable,25,150
1991,40,Asian or Pacific Islander,All Origins,A,666,666,nvss,Deaths,age-adjusted rate,A,90.2677191654107,118.75791631031,146.276260998911,burnett,attributable,25,150
1991,40,Black or African American,All Origins,A,666,666,nvss,Deaths,age-adjusted rate,A,367.708411077794,483.897576270812,596.187798797904,burnett,attributable,25,150
1991,40,White,All Origins,A,666,666,nvss,Deaths,age-adjusted rate,A,216.90993867642,285.410128134604,351.592675294645,burnett,attributable,25,150
1991,41,All,All Origins,A,666,666,nvss,Deaths,age-adjusted rate,A,174.314762498114,229.43127191567,282.718253798825,burnett,attributable,25,150
1991,41,American Indian or Alaska Native,All Origins,A,666,666,nvss,Deaths,age-adjusted rate,A,191.932119832443,252.655576183611,311.382049982584,burnett,attributable,25,150
1991,41,Asian or Pacific Islander,All Origins,A,666,666,nvss,Deaths,age-adjusted rate,A,66.0542936640949,86.8457198178202,106.900970029606,burnett,attributable,25,150
1991,41,Black or African American,All Origins,A,666,666,nvss,Deaths,age-adjusted rate,A,124.30211734455,163.262626947346,200.763620019253,burnett,attributable,25,150
1991,41,White,All Origins,A,666,666,nvss,Deaths,age-adjusted rate,A,176.403334597406,232.204082258802,286.164188400182,burnett,attributable,25,150
1991,42,All,All Origins,A,666,666,nvss,Deaths,age-adjusted rate,A,337.720164760165,441.898100587994,541.380103146179,burnett,attributable,25,150
1991,42,American Indian or Alaska Native,All Origins,A,666,666,nvss,Deaths,age-adjusted rate,A,113.279355504452,148.198359636471,181.531780907219,burnett,attributable,25,150
1991,42,Asian or Pacific Islander,All Origins,A,666,666,nvss,Deaths,age-adjusted rate,A,135.05515170065,176.537188885424,216.064118150395,burnett,attributable,25,150
1991,42,Black or African American,All Origins,A,666,666,nvss,Deaths,age-adjusted rate,A,795.311996730814,1039.19764380547,1271.40240074727,burnett,attributable,25,150
1991,42,White,All Origins,A,666,666,nvss,Deaths,age-adjusted rate,A,320.596304343799,419.531588331964,514.026082835827,burnett,attributable,25,150
1991,44,All,All Origins,A,666,666,nvss,Deaths,age-adjusted rate,A,189.971623210909,249.60931446435,307.05787689537,burnett,attributable,25,150
1991,44,American Indian or Alaska Native,All Origins,A,666,666,nvss,Deaths,age-adjusted rate,A,313.157169683273,411.4716440485,506.179839892403,burnett,attributable,25,150
1991,44,Asian or Pacific Islander,All Origins,A,666,666,nvss,Deaths,age-adjusted rate,A,105.32160504565,138.329137456784,170.098180807803,burnett,attributable,25,150
1991,44,Black or African American,All Origins,A,666,666,nvss,Deaths,age-adjusted rate,A,658.434878136254,864.325541813058,1062.2694359208,burnett,attributable,25,150
1991,44,White,All Origins,A,666,666,nvss,Deaths,age-adjusted rate,A,185.853087151672,244.202878193358,300.413227881686,burnett,attributable,25,150
1991,45,All,All Origins,A,666,666,nvss,Deaths,age-adjusted rate,A,261.934886583877,342.936541668099,420.382610652243,burnett,attributable,25,150
1991,45,American Indian or Alaska Native,All Origins,A,666,666,nvss,Deaths,age-adjusted rate,A,97.5843945838087,127.805068983622,156.719831641239,burnett,attributable,25,150
1991,45,Asian or Pacific Islander,All Origins,A,666,666,nvss,Deaths,age-adjusted rate,A,61.7898175254843,80.891294179773,99.1511850446584,burnett,attributable,25,150
1991,45,Black or African American,All Origins,A,666,666,nvss,Deaths,age-adjusted rate,A,411.615358633742,538.997136424195,660.831981335267,burnett,attributable,25,150
1991,45,White,All Origins,A,666,666,nvss,Deaths,age-adjusted rate,A,229.349742459427,300.261258293794,368.053640937651,burnett,attributable,25,150
1991,46,All,All Origins,A,666,666,nvss,Deaths,age-adjusted rate,A,294.362471927718,388.803832606497,480.775591693448,burnett,attributable,25,150
1991,46,American Indian or Alaska Native,All Origins,A,666,666,nvss,Deaths,age-adjusted rate,A,591.988748253589,783.359929439204,970.43605321463,burnett,attributable,25,150
1991,46,Asian or Pacific Islander,All Origins,A,666,666,nvss,Deaths,age-adjusted rate,A,87.1025441002574,114.980783844114,142.097153762042,burnett,attributable,25,150
1991,46,Black or African American,All Origins,A,666,666,nvss,Deaths,age-adjusted rate,A,119.039907380311,157.127215455918,194.167437362549,burnett,attributable,25,150
1991,46,White,All Origins,A,666,666,nvss,Deaths,age-adjusted rate,A,286.401599583295,378.268954771488,467.724221328835,burnett,attributable,25,150
1991,47,All,All Origins,A,666,666,nvss,Deaths,age-adjusted rate,A,340.561225807654,445.97476344297,546.806538656188,burnett,attributable,25,150
1991,47,American Indian or Alaska Native,All Origins,A,666,666,nvss,Deaths,age-adjusted rate,A,48.804112752101,63.9114574977104,78.3626826406636,burnett,attributable,25,150
1991,47,Asian or Pacific Islander,All Origins,A,666,666,nvss,Deaths,age-adjusted rate,A,99.1887136769244,129.837497682058,159.128814520741,burnett,attributable,25,150
1991,47,Black or African American,All Origins,A,666,666,nvss,Deaths,age-adjusted rate,A,492.865222497966,645.263713292197,790.962581434974,burnett,attributable,25,150
1991,47,White,All Origins,A,666,666,nvss,Deaths,age-adjusted rate,A,323.666571134101,423.870731792896,519.729159987009,burnett,attributable,25,150
1991,48,All,All Origins,A,666,666,nvss,Deaths,age-adjusted rate,A,169.084755962451,222.307070034529,273.644719025972,burnett,attributable,25,150
1991,48,American Indian or Alaska Native,All Origins,A,666,666,nvss,Deaths,age-adjusted rate,A,21.595574724367,28.3987933047911,34.9638440387227,burnett,attributable,25,150
1991,48,Asian or Pacific Islander,All Origins,A,666,666,nvss,Deaths,age-adjusted rate,A,44.8650188017899,58.9394234299599,72.4924036593332,burnett,attributable,25,150
1991,48,Black or African American,All Origins,A,666,666,nvss,Deaths,age-adjusted rate,A,215.397426614472,283.016912091717,348.154375646114,burnett,attributable,25,150
1991,48,White,All Origins,A,666,666,nvss,Deaths,age-adjusted rate,A,170.891082121294,224.714363694463,276.647385448027,burnett,attributable,25,150
1991,49,All,All Origins,A,666,666,nvss,Deaths,age-adjusted rate,A,180.972945460542,237.999029590234,293.036805575005,burnett,attributable,25,150
1991,49,American Indian or Alaska Native,All Origins,A,666,666,nvss,Deaths,age-adjusted rate,A,134.182462407512,176.719368349742,217.898877237523,burnett,attributable,25,150
1991,49,Asian or Pacific Islander,All Origins,A,666,666,nvss,Deaths,age-adjusted rate,A,110.021420476339,144.613762353537,177.962547637703,burnett,attributable,25,150
1991,49,Black or African American,All Origins,A,666,666,nvss,Deaths,age-adjusted rate,A,323.809339705916,425.669276215005,523.891066672996,burnett,attributable,25,150
1991,49,White,All Origins,A,666,666,nvss,Deaths,age-adjusted rate,A,182.308417440455,239.75762707783,295.204909756113,burnett,attributable,25,150
1991,50,All,All Origins,A,666,666,nvss,Deaths,age-adjusted rate,A,471.330905865327,621.999822030683,768.461095517008,burnett,attributable,25,150
1991,50,American Indian or Alaska Native,All Origins,A,666,666,nvss,Deaths,age-adjusted rate,A,24.3492250218926,32.1420996105133,39.7218872547822,burnett,attributable,25,150
1991,50,Asian or Pacific Islander,All Origins,A,666,666,nvss,Deaths,age-adjusted rate,A,297.081518242724,391.522467641971,483.07204657039,burnett,attributable,25,150
1991,50,Black or African American,All Origins,A,666,666,nvss,Deaths,age-adjusted rate,A,236.451875221363,311.6087563328,384.459882627698,burnett,attributable,25,150
1991,50,White,All Origins,A,666,666,nvss,Deaths,age-adjusted rate,A,472.507520177663,623.561681987516,770.401837872555,burnett,attributable,25,150
1991,51,All,All Origins,A,666,666,nvss,Deaths,age-adjusted rate,A,267.692028092966,350.618907385408,429.973939918199,burnett,attributable,25,150
1991,51,American Indian or Alaska Native,All Origins,A,666,666,nvss,Deaths,age-adjusted rate,A,84.2487201666623,110.320072641299,135.255242401617,burnett,attributable,25,150
1991,51,Asian or Pacific Islander,All Origins,A,666,666,nvss,Deaths,age-adjusted rate,A,85.4677042979416,111.856324455975,137.066338741831,burnett,attributable,25,150
1991,51,Black or African American,All Origins,A,666,666,nvss,Deaths,age-adjusted rate,A,402.823098207489,527.466537301128,646.671634460655,burnett,attributable,25,150
1991,51,White,All Origins,A,666,666,nvss,Deaths,age-adjusted rate,A,248.95813205896,326.112423956109,399.958309322845,burnett,attributable,25,150
1991,53,All,All Origins,A,666,666,nvss,Deaths,age-adjusted rate,A,191.912573221859,252.709480631678,311.542318986395,burnett,attributable,25,150
1991,53,American Indian or Alaska Native,All Origins,A,666,666,nvss,Deaths,age-adjusted rate,A,252.997509162806,333.179292660939,410.787502876608,burnett,attributable,25,150
1991,53,Asian or Pacific Islander,All Origins,A,666,666,nvss,Deaths,age-adjusted rate,A,132.690975215502,174.666306328519,215.256181089825,burnett,attributable,25,150
1991,53,Black or African American,All Origins,A,666,666,nvss,Deaths,age-adjusted rate,A,317.703385112443,418.055000873726,515.02142566558,burnett,attributable,25,150
1991,53,White,All Origins,A,666,666,nvss,Deaths,age-adjusted rate,A,191.719382685432,252.464820786471,311.252581245723,burnett,attributable,25,150
1991,54,All,All Origins,A,666,666,nvss,Deaths,age-adjusted rate,A,615.712733452712,806.988267440261,990.284995731689,burnett,attributable,25,150
1991,54,American Indian or Alaska Native,All Origins,A,666,666,nvss,Deaths,age-adjusted rate,A,28.9215485735043,37.9076429654094,46.5196164672859,burnett,attributable,25,150
1991,54,Asian or Pacific Islander,All Origins,A,666,666,nvss,Deaths,age-adjusted rate,A,238.770336405336,312.833560723318,383.752940909308,burnett,attributable,25,150
1991,54,Black or African American,All Origins,A,666,666,nvss,Deaths,age-adjusted rate,A,1228.53751274989,1610.29457689706,1976.18130100016,burnett,attributable,25,150
1991,54,White,All Origins,A,666,666,nvss,Deaths,age-adjusted rate,A,605.671166552701,793.827845822589,974.136078143246,burnett,attributable,25,150
1991,55,All,All Origins,A,666,666,nvss,Deaths,age-adjusted rate,A,345.917163300415,454.814039482034,559.860585812027,burnett,attributable,25,150
1991,55,American Indian or Alaska Native,All Origins,A,666,666,nvss,Deaths,age-adjusted rate,A,524.327105275668,689.73642351722,849.467006165386,burnett,attributable,25,150
1991,55,Asian or Pacific Islander,All Origins,A,666,666,nvss,Deaths,age-adjusted rate,A,134.180001180094,176.308274472329,216.892690211128,burnett,attributable,25,150
1991,55,Black or African American,All Origins,A,666,666,nvss,Deaths,age-adjusted rate,A,574.65532441106,753.99727765868,926.248971731838,burnett,attributable,25,150
1991,55,White,All Origins,A,666,666,nvss,Deaths,age-adjusted rate,A,341.670135136949,449.262586644116,553.066442321326,burnett,attributable,25,150
1991,56,All,All Origins,A,666,666,nvss,Deaths,age-adjusted rate,A,323.913317086015,428.553325195008,530.809627006076,burnett,attributable,25,150
1991,56,American Indian or Alaska Native,All Origins,A,666,666,nvss,Deaths,age-adjusted rate,A,359.869260381894,476.046293217839,589.537774017296,burnett,attributable,25,150
1991,56,Asian or Pacific Islander,All Origins,A,666,666,nvss,Deaths,age-adjusted rate,A,44.0783650214081,58.3131735662774,72.221377605734,burnett,attributable,25,150
1991,56,Black or African American,All Origins,A,666,666,nvss,Deaths,age-adjusted rate,A,345.730586614611,457.417001049033,566.55654580293,burnett,attributable,25,150
1991,56,White,All Origins,A,666,666,nvss,Deaths,age-adjusted rate,A,324.123941848837,428.83277589519,531.15674003181,burnett,attributable,25,150
