Year,Race,Hispanic.Origin,Education,rural_urban_class,Gender.Code,STATEFP,measure1,measure2,attr,min_age,max_age,scenario,mean,lower,upper,source,method
2006,American Indian or Alaska Native,All Origins,666,666,A,1,Deaths,age-adjusted rate,attributable,45,150,A,6.15907081188314,4.89840467556039,7.74886928708501,nvss,GBD
2006,American Indian or Alaska Native,All Origins,666,666,A,2,Deaths,age-adjusted rate,attributable,35,150,A,5.37150995181458,3.11995433539729,8.40491477409445,nvss,GBD
2006,American Indian or Alaska Native,All Origins,666,666,A,4,Deaths,age-adjusted rate,attributable,25,150,A,1.66970787037341,0.84524534050841,3.30872809643396,nvss,GBD
2006,American Indian or Alaska Native,All Origins,666,666,A,5,Deaths,age-adjusted rate,attributable,25,150,A,6.47787125320005,4.61636861062386,8.85749244302975,nvss,GBD
2006,American Indian or Alaska Native,All Origins,666,666,A,6,Deaths,age-adjusted rate,attributable,25,150,A,5.7713313322283,4.34261032429833,7.6362047315023,nvss,GBD
2006,American Indian or Alaska Native,All Origins,666,666,A,8,Deaths,age-adjusted rate,attributable,35,150,A,2.29036113324022,1.16491260585711,4.02301754056993,nvss,GBD
2006,American Indian or Alaska Native,All Origins,666,666,A,9,Deaths,age-adjusted rate,attributable,45,150,A,3.02967018957324,2.02807102557456,4.39738614330327,nvss,GBD
2006,American Indian or Alaska Native,All Origins,666,666,A,10,Deaths,age-adjusted rate,attributable,35,150,A,12.0834069374946,9.25356210794653,15.8469377447781,nvss,GBD
2006,American Indian or Alaska Native,All Origins,666,666,A,11,Deaths,age-adjusted rate,attributable,85,150,A,5.95255732425767,3.96484491914979,8.57803714906034,nvss,GBD
2006,American Indian or Alaska Native,All Origins,666,666,A,12,Deaths,age-adjusted rate,attributable,25,150,A,3.72705699430669,2.67305969676121,5.07696832903298,nvss,GBD
2006,American Indian or Alaska Native,All Origins,666,666,A,13,Deaths,age-adjusted rate,attributable,45,150,A,9.2857834862799,7.27745878444307,11.9246944876576,nvss,GBD
2006,American Indian or Alaska Native,All Origins,666,666,A,15,Deaths,age-adjusted rate,attributable,55,84,A,0.22693280584768,0,1.20508679543212,nvss,GBD
2006,American Indian or Alaska Native,All Origins,666,666,A,16,Deaths,age-adjusted rate,attributable,35,150,A,2.62966854742171,0.952624396649397,5.61602954897505,nvss,GBD
2006,American Indian or Alaska Native,All Origins,666,666,A,17,Deaths,age-adjusted rate,attributable,45,150,A,4.24996707416818,3.15770863373414,5.7971359584962,nvss,GBD
2006,American Indian or Alaska Native,All Origins,666,666,A,18,Deaths,age-adjusted rate,attributable,45,84,A,2.24196520663845,1.59196977448981,3.14252945192048,nvss,GBD
2006,American Indian or Alaska Native,All Origins,666,666,A,19,Deaths,age-adjusted rate,attributable,45,84,A,4.00066828018963,2.4366019176796,6.06989089780974,nvss,GBD
2006,American Indian or Alaska Native,All Origins,666,666,A,20,Deaths,age-adjusted rate,attributable,35,150,A,12.5312149018233,8.04560634255761,18.5295876875555,nvss,GBD
2006,American Indian or Alaska Native,All Origins,666,666,A,21,Deaths,age-adjusted rate,attributable,45,84,A,3.85369256749072,2.96130287684506,4.94793418080689,nvss,GBD
2006,American Indian or Alaska Native,All Origins,666,666,A,22,Deaths,age-adjusted rate,attributable,35,150,A,5.46381039326451,3.99406311542648,7.45236814714122,nvss,GBD
2006,American Indian or Alaska Native,All Origins,666,666,A,23,Deaths,age-adjusted rate,attributable,25,84,A,3.48781416100048,1.04504419798361,7.61189625497775,nvss,GBD
2006,American Indian or Alaska Native,All Origins,666,666,A,24,Deaths,age-adjusted rate,attributable,25,150,A,5.09534282797737,3.98217039314135,6.44333159934692,nvss,GBD
2006,American Indian or Alaska Native,All Origins,666,666,A,25,Deaths,age-adjusted rate,attributable,35,150,A,2.04295442434204,1.28545567600564,3.02913467326529,nvss,GBD
2006,American Indian or Alaska Native,All Origins,666,666,A,26,Deaths,age-adjusted rate,attributable,25,150,A,11.4606466425927,7.58551747904846,16.9792075038044,nvss,GBD
2006,American Indian or Alaska Native,All Origins,666,666,A,27,Deaths,age-adjusted rate,attributable,35,150,A,6.79681583364261,3.25852623860366,12.1859312277023,nvss,GBD
2006,American Indian or Alaska Native,All Origins,666,666,A,28,Deaths,age-adjusted rate,attributable,45,84,A,8.52699026575832,6.16688084879675,11.4507527672163,nvss,GBD
2006,American Indian or Alaska Native,All Origins,666,666,A,29,Deaths,age-adjusted rate,attributable,25,150,A,9.46756514650218,6.8249399226285,12.912824853958,nvss,GBD
2006,American Indian or Alaska Native,All Origins,666,666,A,30,Deaths,age-adjusted rate,attributable,25,150,A,1.49738588841371,0.417949835250954,4.57799429755061,nvss,GBD
2006,American Indian or Alaska Native,All Origins,666,666,A,31,Deaths,age-adjusted rate,attributable,25,150,A,7.67624394098357,4.10107581360178,13.0894101218844,nvss,GBD
2006,American Indian or Alaska Native,All Origins,666,666,A,32,Deaths,age-adjusted rate,attributable,25,150,A,3.82396213568811,2.23459826154058,6.31348934181182,nvss,GBD
2006,American Indian or Alaska Native,All Origins,666,666,A,33,Deaths,age-adjusted rate,attributable,85,150,A,1.13391013002323,0.494287205973631,2.14823649488731,nvss,GBD
2006,American Indian or Alaska Native,All Origins,666,666,A,34,Deaths,age-adjusted rate,attributable,35,150,A,4.85741173505909,3.70911841024027,6.44095335067789,nvss,GBD
2006,American Indian or Alaska Native,All Origins,666,666,A,35,Deaths,age-adjusted rate,attributable,35,150,A,0.762528388316052,0.119210211841034,2.35629476697398,nvss,GBD
2006,American Indian or Alaska Native,All Origins,666,666,A,36,Deaths,age-adjusted rate,attributable,25,150,A,3.43976648224386,2.47555165293561,4.72174596557839,nvss,GBD
2006,American Indian or Alaska Native,All Origins,666,666,A,37,Deaths,age-adjusted rate,attributable,35,150,A,12.4464796269971,9.54143429353405,16.1456027480906,nvss,GBD
2006,American Indian or Alaska Native,All Origins,666,666,A,38,Deaths,age-adjusted rate,attributable,25,150,A,3.13869805441486,0.56710330729766,8.76139340184575,nvss,GBD
2006,American Indian or Alaska Native,All Origins,666,666,A,39,Deaths,age-adjusted rate,attributable,35,150,A,6.68749346399854,5.05037548327961,8.73874071151391,nvss,GBD
2006,American Indian or Alaska Native,All Origins,666,666,A,40,Deaths,age-adjusted rate,attributable,25,150,A,9.86401446914316,6.65240122446181,14.1147810856905,nvss,GBD
2006,American Indian or Alaska Native,All Origins,666,666,A,41,Deaths,age-adjusted rate,attributable,35,150,A,2.63913664172945,0.883710847826052,5.88644336661538,nvss,GBD
2006,American Indian or Alaska Native,All Origins,666,666,A,42,Deaths,age-adjusted rate,attributable,45,150,A,3.37963119763967,2.5989546800892,4.38945874841358,nvss,GBD
2006,American Indian or Alaska Native,All Origins,666,666,A,44,Deaths,age-adjusted rate,attributable,45,150,A,6.36416701870052,4.16732169147627,9.24543930403823,nvss,GBD
2006,American Indian or Alaska Native,All Origins,666,666,A,45,Deaths,age-adjusted rate,attributable,45,84,A,7.00229651838589,5.37117942238658,9.04835770709921,nvss,GBD
2006,American Indian or Alaska Native,All Origins,666,666,A,46,Deaths,age-adjusted rate,attributable,25,150,A,2.80024247013913,0.570629355774632,7.74290559923933,nvss,GBD
2006,American Indian or Alaska Native,All Origins,666,666,A,47,Deaths,age-adjusted rate,attributable,45,150,A,8.99772736886392,7.00827488430441,11.7821181436378,nvss,GBD
2006,American Indian or Alaska Native,All Origins,666,666,A,48,Deaths,age-adjusted rate,attributable,25,150,A,2.94685922409854,2.07336905097232,4.11180942329856,nvss,GBD
2006,American Indian or Alaska Native,All Origins,666,666,A,49,Deaths,age-adjusted rate,attributable,35,150,A,1.90143998750471,0.948596788878744,3.73346870319037,nvss,GBD
2006,American Indian or Alaska Native,All Origins,666,666,A,51,Deaths,age-adjusted rate,attributable,35,150,A,2.74697577474831,1.98643039958293,3.71625915465386,nvss,GBD
2006,American Indian or Alaska Native,All Origins,666,666,A,53,Deaths,age-adjusted rate,attributable,35,150,A,3.38640394301941,1.19290782728572,6.97958542563973,nvss,GBD
2006,American Indian or Alaska Native,All Origins,666,666,A,54,Deaths,age-adjusted rate,attributable,45,74,A,5.57601041695405,3.75155313345008,7.82062512919027,nvss,GBD
2006,American Indian or Alaska Native,All Origins,666,666,A,55,Deaths,age-adjusted rate,attributable,35,150,A,9.88695601692094,6.16260302938077,14.9896005011407,nvss,GBD
2006,American Indian or Alaska Native,All Origins,666,666,A,56,Deaths,age-adjusted rate,attributable,35,150,A,0.980859603928378,0.110519189541955,3.04630781969162,nvss,GBD
2006,Asian or Pacific Islander,All Origins,666,666,A,1,Deaths,age-adjusted rate,attributable,25,150,A,6.80624840354683,5.45077297997337,8.62749894559021,nvss,GBD
2006,Asian or Pacific Islander,All Origins,666,666,A,2,Deaths,age-adjusted rate,attributable,45,150,A,2.31180561257986,0.963566896410259,4.18417336726256,nvss,GBD
2006,Asian or Pacific Islander,All Origins,666,666,A,4,Deaths,age-adjusted rate,attributable,35,150,A,3.19585420405023,2.12679049532342,4.72131268616919,nvss,GBD
2006,Asian or Pacific Islander,All Origins,666,666,A,5,Deaths,age-adjusted rate,attributable,25,150,A,5.11731404981374,3.71286994389957,7.13667188525418,nvss,GBD
2006,Asian or Pacific Islander,All Origins,666,666,A,6,Deaths,age-adjusted rate,attributable,25,150,A,7.47195335477188,5.88523968904116,9.60882753098362,nvss,GBD
2006,Asian or Pacific Islander,All Origins,666,666,A,8,Deaths,age-adjusted rate,attributable,45,150,A,1.74235256980587,0.895587442839586,2.91972058838792,nvss,GBD
2006,Asian or Pacific Islander,All Origins,666,666,A,9,Deaths,age-adjusted rate,attributable,45,150,A,2.97369874669173,2.06021504924284,4.20180571500887,nvss,GBD
2006,Asian or Pacific Islander,All Origins,666,666,A,10,Deaths,age-adjusted rate,attributable,45,150,A,4.35565924724156,3.43191235872934,5.48465200129936,nvss,GBD
2006,Asian or Pacific Islander,All Origins,666,666,A,11,Deaths,age-adjusted rate,attributable,35,150,A,6.02237883014608,4.65226551805072,7.98135537857398,nvss,GBD
2006,Asian or Pacific Islander,All Origins,666,666,A,12,Deaths,age-adjusted rate,attributable,25,150,A,3.94334610703878,2.81293632180129,5.46197742755616,nvss,GBD
2006,Asian or Pacific Islander,All Origins,666,666,A,13,Deaths,age-adjusted rate,attributable,35,150,A,6.67655198119211,5.42066701864806,8.27633633192663,nvss,GBD
2006,Asian or Pacific Islander,All Origins,666,666,A,15,Deaths,age-adjusted rate,attributable,25,150,A,0.229880882603741,0,1.47197621020684,nvss,GBD
2006,Asian or Pacific Islander,All Origins,666,666,A,16,Deaths,age-adjusted rate,attributable,55,150,A,1.9855428742507,0.900965346475623,3.60388530393641,nvss,GBD
2006,Asian or Pacific Islander,All Origins,666,666,A,17,Deaths,age-adjusted rate,attributable,35,150,A,5.64328973450833,4.3798724064182,7.34344373618066,nvss,GBD
2006,Asian or Pacific Islander,All Origins,666,666,A,18,Deaths,age-adjusted rate,attributable,35,150,A,3.55963905413928,2.67365302231368,4.78258734548604,nvss,GBD
2006,Asian or Pacific Islander,All Origins,666,666,A,19,Deaths,age-adjusted rate,attributable,25,150,A,3.51318134395542,2.37201708013987,5.01888932200962,nvss,GBD
2006,Asian or Pacific Islander,All Origins,666,666,A,20,Deaths,age-adjusted rate,attributable,25,150,A,3.61805124263551,2.37187701285905,5.30616524504688,nvss,GBD
2006,Asian or Pacific Islander,All Origins,666,666,A,21,Deaths,age-adjusted rate,attributable,25,150,A,5.3247700804991,4.20979259777908,6.79635025065592,nvss,GBD
2006,Asian or Pacific Islander,All Origins,666,666,A,22,Deaths,age-adjusted rate,attributable,35,150,A,4.87550504566921,3.78294388616482,6.27786693777053,nvss,GBD
2006,Asian or Pacific Islander,All Origins,666,666,A,23,Deaths,age-adjusted rate,attributable,55,150,A,0.899462437435801,0.408042562573814,1.65218677419554,nvss,GBD
2006,Asian or Pacific Islander,All Origins,666,666,A,24,Deaths,age-adjusted rate,attributable,25,150,A,5.87641967099971,4.60948825483164,7.61482853148865,nvss,GBD
2006,Asian or Pacific Islander,All Origins,666,666,A,25,Deaths,age-adjusted rate,attributable,35,150,A,3.45038716980487,2.32165934751325,5.02514152678701,nvss,GBD
2006,Asian or Pacific Islander,All Origins,666,666,A,26,Deaths,age-adjusted rate,attributable,35,150,A,4.24585083178411,3.08000018764666,5.80716397420321,nvss,GBD
2006,Asian or Pacific Islander,All Origins,666,666,A,27,Deaths,age-adjusted rate,attributable,25,150,A,3.37802749765553,2.21043259635801,4.88958197203614,nvss,GBD
2006,Asian or Pacific Islander,All Origins,666,666,A,28,Deaths,age-adjusted rate,attributable,35,150,A,6.81793142360512,5.21745119745771,8.81504657771433,nvss,GBD
2006,Asian or Pacific Islander,All Origins,666,666,A,29,Deaths,age-adjusted rate,attributable,35,150,A,4.37300418582121,3.21597811211859,5.92748179653202,nvss,GBD
2006,Asian or Pacific Islander,All Origins,666,666,A,30,Deaths,age-adjusted rate,attributable,35,150,A,1.81885545468228,0.76177298988796,3.65720975291985,nvss,GBD
2006,Asian or Pacific Islander,All Origins,666,666,A,31,Deaths,age-adjusted rate,attributable,35,150,A,2.83127184885171,1.64475702462202,4.52143597233919,nvss,GBD
2006,Asian or Pacific Islander,All Origins,666,666,A,32,Deaths,age-adjusted rate,attributable,25,150,A,3.07544847096656,1.94860654403133,4.58956636197307,nvss,GBD
2006,Asian or Pacific Islander,All Origins,666,666,A,33,Deaths,age-adjusted rate,attributable,45,150,A,2.07287941463728,1.26952748575593,3.12922260463709,nvss,GBD
2006,Asian or Pacific Islander,All Origins,666,666,A,34,Deaths,age-adjusted rate,attributable,25,150,A,4.86971793815596,3.74339469040016,6.39500054844543,nvss,GBD
2006,Asian or Pacific Islander,All Origins,666,666,A,35,Deaths,age-adjusted rate,attributable,45,84,A,0.847484497290341,0.219498297561335,1.86758355135734,nvss,GBD
2006,Asian or Pacific Islander,All Origins,666,666,A,36,Deaths,age-adjusted rate,attributable,25,150,A,6.39534597274503,4.84008982862634,8.52901602697193,nvss,GBD
2006,Asian or Pacific Islander,All Origins,666,666,A,37,Deaths,age-adjusted rate,attributable,35,150,A,4.03477980316766,3.18688225305754,5.20171057498215,nvss,GBD
2006,Asian or Pacific Islander,All Origins,666,666,A,38,Deaths,age-adjusted rate,attributable,55,64,A,0.447560905517784,0.154666181518747,0.956772802243601,nvss,GBD
2006,Asian or Pacific Islander,All Origins,666,666,A,39,Deaths,age-adjusted rate,attributable,35,150,A,5.20910506265652,4.05691923339928,6.71462362610613,nvss,GBD
2006,Asian or Pacific Islander,All Origins,666,666,A,40,Deaths,age-adjusted rate,attributable,45,150,A,3.92072423459708,2.52316825513591,5.8329138246356,nvss,GBD
2006,Asian or Pacific Islander,All Origins,666,666,A,41,Deaths,age-adjusted rate,attributable,35,150,A,1.98837411003212,0.834463753980174,3.70454762064082,nvss,GBD
2006,Asian or Pacific Islander,All Origins,666,666,A,42,Deaths,age-adjusted rate,attributable,25,150,A,4.28148808922195,3.35702024970777,5.50976395923791,nvss,GBD
2006,Asian or Pacific Islander,All Origins,666,666,A,44,Deaths,age-adjusted rate,attributable,35,150,A,4.13239245853261,2.77905932968516,5.9277623379702,nvss,GBD
2006,Asian or Pacific Islander,All Origins,666,666,A,45,Deaths,age-adjusted rate,attributable,25,150,A,6.81239550169346,5.38417494029878,8.60760067096863,nvss,GBD
2006,Asian or Pacific Islander,All Origins,666,666,A,46,Deaths,age-adjusted rate,attributable,55,74,A,0.855265758245056,0.338028595207646,1.67353142457648,nvss,GBD
2006,Asian or Pacific Islander,All Origins,666,666,A,47,Deaths,age-adjusted rate,attributable,35,150,A,5.49625292615997,4.22081458093268,7.17243904099073,nvss,GBD
2006,Asian or Pacific Islander,All Origins,666,666,A,48,Deaths,age-adjusted rate,attributable,25,150,A,4.34492761417819,3.25114505180117,5.77484994665609,nvss,GBD
2006,Asian or Pacific Islander,All Origins,666,666,A,49,Deaths,age-adjusted rate,attributable,25,150,A,2.81936521268556,1.75610433808752,4.26864675650202,nvss,GBD
2006,Asian or Pacific Islander,All Origins,666,666,A,50,Deaths,age-adjusted rate,attributable,35,44,A,0.23527794797817,0.102640162395064,0.447172150914074,nvss,GBD
2006,Asian or Pacific Islander,All Origins,666,666,A,51,Deaths,age-adjusted rate,attributable,25,150,A,4.84608894096472,3.8001807141329,6.2784120540783,nvss,GBD
2006,Asian or Pacific Islander,All Origins,666,666,A,53,Deaths,age-adjusted rate,attributable,25,150,A,2.2096668160189,0.938992094875362,4.14427421700346,nvss,GBD
2006,Asian or Pacific Islander,All Origins,666,666,A,54,Deaths,age-adjusted rate,attributable,45,150,A,3.05542501456977,2.07379094000641,4.26648033124011,nvss,GBD
2006,Asian or Pacific Islander,All Origins,666,666,A,55,Deaths,age-adjusted rate,attributable,35,150,A,2.89332258773028,2.08074887863359,3.94544452469334,nvss,GBD
2006,Asian or Pacific Islander,All Origins,666,666,A,56,Deaths,age-adjusted rate,attributable,35,84,A,0.880555707909656,0.101788751593181,2.63703504212329,nvss,GBD
2006,Black or African American,All Origins,666,666,A,1,Deaths,age-adjusted rate,attributable,25,150,A,13.7644794884111,11.1464748725005,17.041507601033,nvss,GBD
2006,Black or African American,All Origins,666,666,A,2,Deaths,age-adjusted rate,attributable,35,150,A,3.3235222896685,1.65365859349961,5.64559835390525,nvss,GBD
2006,Black or African American,All Origins,666,666,A,4,Deaths,age-adjusted rate,attributable,25,150,A,8.09792489760666,5.44056116124018,11.7183999456786,nvss,GBD
2006,Black or African American,All Origins,666,666,A,5,Deaths,age-adjusted rate,attributable,25,150,A,13.87835536214,10.4202498634953,18.3401523810414,nvss,GBD
2006,Black or African American,All Origins,666,666,A,6,Deaths,age-adjusted rate,attributable,25,150,A,16.0201203560294,12.6162652954606,20.3965641450305,nvss,GBD
2006,Black or African American,All Origins,666,666,A,8,Deaths,age-adjusted rate,attributable,25,150,A,3.89433122418,2.14027494993184,6.32163756285584,nvss,GBD
2006,Black or African American,All Origins,666,666,A,9,Deaths,age-adjusted rate,attributable,25,150,A,7.02488048846412,5.10721181445827,9.53755104397008,nvss,GBD
2006,Black or African American,All Origins,666,666,A,10,Deaths,age-adjusted rate,attributable,25,150,A,13.7457762961865,10.7867194070925,17.5591738461253,nvss,GBD
2006,Black or African American,All Origins,666,666,A,11,Deaths,age-adjusted rate,attributable,25,150,A,16.8655349592979,13.287911869051,21.5656572327213,nvss,GBD
2006,Black or African American,All Origins,666,666,A,12,Deaths,age-adjusted rate,attributable,25,150,A,9.09438314220955,6.52926951616321,12.4717762356399,nvss,GBD
2006,Black or African American,All Origins,666,666,A,13,Deaths,age-adjusted rate,attributable,25,150,A,11.9655859737427,9.65034454702496,14.8873292347286,nvss,GBD
2006,Black or African American,All Origins,666,666,A,15,Deaths,age-adjusted rate,attributable,25,150,A,0.203380532021809,0,1.34019626076207,nvss,GBD
2006,Black or African American,All Origins,666,666,A,16,Deaths,age-adjusted rate,attributable,45,150,A,4.32555302113388,2.23066815187924,7.34571193988671,nvss,GBD
2006,Black or African American,All Origins,666,666,A,17,Deaths,age-adjusted rate,attributable,25,150,A,14.2522077869652,11.1477486666305,18.2867087363936,nvss,GBD
2006,Black or African American,All Origins,666,666,A,18,Deaths,age-adjusted rate,attributable,25,150,A,15.3522940386929,12.0623997518294,19.5974139502863,nvss,GBD
2006,Black or African American,All Origins,666,666,A,19,Deaths,age-adjusted rate,attributable,35,150,A,10.2137678012064,7.19940891214056,14.2083222378637,nvss,GBD
2006,Black or African American,All Origins,666,666,A,20,Deaths,age-adjusted rate,attributable,25,150,A,9.1681100521583,6.3489125971643,12.8953306100029,nvss,GBD
2006,Black or African American,All Origins,666,666,A,21,Deaths,age-adjusted rate,attributable,25,150,A,17.7172036381482,14.1352474875444,22.2752736653994,nvss,GBD
2006,Black or African American,All Origins,666,666,A,22,Deaths,age-adjusted rate,attributable,25,150,A,12.598443604142,9.64145844276483,16.3834120753804,nvss,GBD
2006,Black or African American,All Origins,666,666,A,23,Deaths,age-adjusted rate,attributable,45,84,A,1.09330547707421,0.505641144394083,2.03202639986197,nvss,GBD
2006,Black or African American,All Origins,666,666,A,24,Deaths,age-adjusted rate,attributable,25,150,A,13.1901534750851,10.3674175664328,16.9222289726436,nvss,GBD
2006,Black or African American,All Origins,666,666,A,25,Deaths,age-adjusted rate,attributable,35,150,A,5.31941573530696,3.64193428956351,7.57515042170936,nvss,GBD
2006,Black or African American,All Origins,666,666,A,26,Deaths,age-adjusted rate,attributable,25,150,A,15.2063011683715,11.5349307683161,20.0304165333473,nvss,GBD
2006,Black or African American,All Origins,666,666,A,27,Deaths,age-adjusted rate,attributable,25,150,A,5.37334949309853,3.61171228324362,7.72715885615643,nvss,GBD
2006,Black or African American,All Origins,666,666,A,28,Deaths,age-adjusted rate,attributable,25,150,A,12.3542904035444,9.37305903356395,16.1874296146782,nvss,GBD
2006,Black or African American,All Origins,666,666,A,29,Deaths,age-adjusted rate,attributable,25,150,A,14.8743225443068,11.482332722883,19.2531672372926,nvss,GBD
2006,Black or African American,All Origins,666,666,A,30,Deaths,age-adjusted rate,attributable,45,64,A,2.07014438542701,0.909921235318222,4.03432956529616,nvss,GBD
2006,Black or African American,All Origins,666,666,A,31,Deaths,age-adjusted rate,attributable,35,150,A,7.32397065782391,5.03195255849572,10.3781715687818,nvss,GBD
2006,Black or African American,All Origins,666,666,A,32,Deaths,age-adjusted rate,attributable,25,150,A,5.58011326345347,3.60584929152509,8.27534080518328,nvss,GBD
2006,Black or African American,All Origins,666,666,A,33,Deaths,age-adjusted rate,attributable,45,84,A,3.94489248058964,2.45283627177431,5.92991352640269,nvss,GBD
2006,Black or African American,All Origins,666,666,A,34,Deaths,age-adjusted rate,attributable,25,150,A,11.5366822559037,8.89619421158745,14.9615360706422,nvss,GBD
2006,Black or African American,All Origins,666,666,A,35,Deaths,age-adjusted rate,attributable,35,150,A,2.6716974482617,0.742016936015249,5.77446682255859,nvss,GBD
2006,Black or African American,All Origins,666,666,A,36,Deaths,age-adjusted rate,attributable,25,150,A,11.816193048337,8.94631906149029,15.5743089245609,nvss,GBD
2006,Black or African American,All Origins,666,666,A,37,Deaths,age-adjusted rate,attributable,25,150,A,12.629160625144,9.85004376706171,16.1283845125034,nvss,GBD
2006,Black or African American,All Origins,666,666,A,39,Deaths,age-adjusted rate,attributable,25,150,A,15.5469242424342,12.2457238061807,19.7356954765443,nvss,GBD
2006,Black or African American,All Origins,666,666,A,40,Deaths,age-adjusted rate,attributable,25,150,A,10.2646186895072,6.86194018605307,14.7989877175993,nvss,GBD
2006,Black or African American,All Origins,666,666,A,41,Deaths,age-adjusted rate,attributable,45,150,A,4.12063960216601,2.10868898053859,6.98305259893883,nvss,GBD
2006,Black or African American,All Origins,666,666,A,42,Deaths,age-adjusted rate,attributable,25,150,A,14.6298892017263,11.5379679007729,18.580468210133,nvss,GBD
2006,Black or African American,All Origins,666,666,A,44,Deaths,age-adjusted rate,attributable,35,150,A,8.29009491275939,5.85615098680198,11.5189834719493,nvss,GBD
2006,Black or African American,All Origins,666,666,A,45,Deaths,age-adjusted rate,attributable,25,150,A,12.6088374469848,9.93670583583624,16.0040207474411,nvss,GBD
2006,Black or African American,All Origins,666,666,A,46,Deaths,age-adjusted rate,attributable,25,84,A,6.61467169003848,3.10429737270398,11.765023425854,nvss,GBD
2006,Black or African American,All Origins,666,666,A,47,Deaths,age-adjusted rate,attributable,25,150,A,16.6480409552318,13.0806887553816,21.2494729254586,nvss,GBD
2006,Black or African American,All Origins,666,666,A,48,Deaths,age-adjusted rate,attributable,25,150,A,11.0025610198392,8.10736894362337,14.7173121948657,nvss,GBD
2006,Black or African American,All Origins,666,666,A,49,Deaths,age-adjusted rate,attributable,45,150,A,4.71299686050865,3.01269997171014,6.9599646693481,nvss,GBD
2006,Black or African American,All Origins,666,666,A,50,Deaths,age-adjusted rate,attributable,55,84,A,3.06298478100867,1.43996086567849,5.46528339718881,nvss,GBD
2006,Black or African American,All Origins,666,666,A,51,Deaths,age-adjusted rate,attributable,25,150,A,11.9637161460852,9.33274775402724,15.367890715533,nvss,GBD
2006,Black or African American,All Origins,666,666,A,53,Deaths,age-adjusted rate,attributable,25,150,A,4.22384967941194,1.99891631529136,7.47965401953512,nvss,GBD
2006,Black or African American,All Origins,666,666,A,54,Deaths,age-adjusted rate,attributable,25,150,A,11.8697540072908,8.9181303692426,15.7755095568615,nvss,GBD
2006,Black or African American,All Origins,666,666,A,55,Deaths,age-adjusted rate,attributable,25,150,A,11.534492077224,8.75941544995432,15.1182745369035,nvss,GBD
2006,Black or African American,All Origins,666,666,A,56,Deaths,age-adjusted rate,attributable,45,150,A,1.39915432621135,0.114469495399511,4.12815112086395,nvss,GBD
2006,White,Hispanic or Latino,666,666,A,1,Deaths,age-adjusted rate,attributable,25,150,A,4.45442857556382,3.58231334262863,5.51445259536119,nvss,GBD
2006,White,Hispanic or Latino,666,666,A,2,Deaths,age-adjusted rate,attributable,45,150,A,2.56618477276841,1.1988046492881,4.42680202200544,nvss,GBD
2006,White,Hispanic or Latino,666,666,A,4,Deaths,age-adjusted rate,attributable,25,150,A,5.14337534468871,3.30620509259441,7.71715667071501,nvss,GBD
2006,White,Hispanic or Latino,666,666,A,5,Deaths,age-adjusted rate,attributable,25,150,A,3.42136409517148,2.46667726550454,4.65992013178354,nvss,GBD
2006,White,Hispanic or Latino,666,666,A,6,Deaths,age-adjusted rate,attributable,25,150,A,10.5313212103668,8.34053221786112,13.4142882155736,nvss,GBD
2006,White,Hispanic or Latino,666,666,A,8,Deaths,age-adjusted rate,attributable,25,150,A,3.62337420054469,1.93119776886581,6.15771968083338,nvss,GBD
2006,White,Hispanic or Latino,666,666,A,9,Deaths,age-adjusted rate,attributable,25,150,A,5.90579504490446,4.26680150026163,8.02484367034861,nvss,GBD
2006,White,Hispanic or Latino,666,666,A,10,Deaths,age-adjusted rate,attributable,25,84,A,7.72654625626954,5.81614295831336,10.1845733270817,nvss,GBD
2006,White,Hispanic or Latino,666,666,A,11,Deaths,age-adjusted rate,attributable,55,150,A,5.34935626246207,4.2727370854751,6.74067387197198,nvss,GBD
2006,White,Hispanic or Latino,666,666,A,12,Deaths,age-adjusted rate,attributable,25,150,A,5.952433106944,4.02782421752281,8.52934601379543,nvss,GBD
2006,White,Hispanic or Latino,666,666,A,13,Deaths,age-adjusted rate,attributable,25,150,A,4.28174631394924,3.4866189042112,5.29762461701558,nvss,GBD
2006,White,Hispanic or Latino,666,666,A,15,Deaths,age-adjusted rate,attributable,45,150,A,0.237819344384644,0,1.31987149431681,nvss,GBD
2006,White,Hispanic or Latino,666,666,A,16,Deaths,age-adjusted rate,attributable,25,150,A,3.11193504181477,1.37267881625392,5.73562285323395,nvss,GBD
2006,White,Hispanic or Latino,666,666,A,17,Deaths,age-adjusted rate,attributable,25,150,A,7.39290031917908,5.78160149617298,9.4690017608047,nvss,GBD
2006,White,Hispanic or Latino,666,666,A,18,Deaths,age-adjusted rate,attributable,35,150,A,6.04191449253192,4.67231903822323,7.8605795904936,nvss,GBD
2006,White,Hispanic or Latino,666,666,A,19,Deaths,age-adjusted rate,attributable,35,150,A,3.6195294385856,2.40191717308585,5.24142218879535,nvss,GBD
2006,White,Hispanic or Latino,666,666,A,20,Deaths,age-adjusted rate,attributable,25,150,A,4.08651880781316,2.61598821723785,6.15544774909457,nvss,GBD
2006,White,Hispanic or Latino,666,666,A,21,Deaths,age-adjusted rate,attributable,35,150,A,6.27748449379975,4.97268820020228,7.98439989533825,nvss,GBD
2006,White,Hispanic or Latino,666,666,A,22,Deaths,age-adjusted rate,attributable,25,150,A,5.21935604332668,4.00700896049884,6.88617316225178,nvss,GBD
2006,White,Hispanic or Latino,666,666,A,23,Deaths,age-adjusted rate,attributable,45,84,A,1.42548144850305,0.583885729678222,2.69051813967731,nvss,GBD
2006,White,Hispanic or Latino,666,666,A,24,Deaths,age-adjusted rate,attributable,25,150,A,6.16255495380308,4.8111578140431,7.98271971651589,nvss,GBD
2006,White,Hispanic or Latino,666,666,A,25,Deaths,age-adjusted rate,attributable,35,150,A,4.55998740155073,3.11159408764415,6.53805930702167,nvss,GBD
2006,White,Hispanic or Latino,666,666,A,26,Deaths,age-adjusted rate,attributable,35,150,A,8.18617382189564,5.91352782073584,11.1933105946463,nvss,GBD
2006,White,Hispanic or Latino,666,666,A,27,Deaths,age-adjusted rate,attributable,35,150,A,2.42720831362732,1.51367301224528,3.68220005848922,nvss,GBD
2006,White,Hispanic or Latino,666,666,A,28,Deaths,age-adjusted rate,attributable,35,150,A,3.1080666650586,2.27875783368107,4.26938843140828,nvss,GBD
2006,White,Hispanic or Latino,666,666,A,29,Deaths,age-adjusted rate,attributable,25,150,A,6.23714570509853,4.60080754528377,8.46352691917149,nvss,GBD
2006,White,Hispanic or Latino,666,666,A,30,Deaths,age-adjusted rate,attributable,35,150,A,1.49903735215266,0.629369109154943,3.01917552022811,nvss,GBD
2006,White,Hispanic or Latino,666,666,A,31,Deaths,age-adjusted rate,attributable,35,150,A,2.63490892519677,1.47538256383483,4.31635256420507,nvss,GBD
2006,White,Hispanic or Latino,666,666,A,32,Deaths,age-adjusted rate,attributable,25,150,A,3.36100387427864,2.18728558358097,4.95701202178341,nvss,GBD
2006,White,Hispanic or Latino,666,666,A,33,Deaths,age-adjusted rate,attributable,45,150,A,2.77641306004093,1.60753904531384,4.42909473408333,nvss,GBD
2006,White,Hispanic or Latino,666,666,A,34,Deaths,age-adjusted rate,attributable,25,150,A,6.99700508362071,5.40249552243985,9.08760031585006,nvss,GBD
2006,White,Hispanic or Latino,666,666,A,35,Deaths,age-adjusted rate,attributable,25,150,A,2.08605212546156,0.625864862717992,4.66598370879424,nvss,GBD
2006,White,Hispanic or Latino,666,666,A,36,Deaths,age-adjusted rate,attributable,25,150,A,11.130974782359,8.33561055223416,14.8215696827636,nvss,GBD
2006,White,Hispanic or Latino,666,666,A,37,Deaths,age-adjusted rate,attributable,25,150,A,3.61140021055474,2.79977848335491,4.6495760915096,nvss,GBD
2006,White,Hispanic or Latino,666,666,A,38,Deaths,age-adjusted rate,attributable,55,74,A,1.02181760757797,0.378117270073405,2.05059446052313,nvss,GBD
2006,White,Hispanic or Latino,666,666,A,39,Deaths,age-adjusted rate,attributable,25,150,A,6.25000290592002,4.82872958412895,8.0420838410509,nvss,GBD
2006,White,Hispanic or Latino,666,666,A,40,Deaths,age-adjusted rate,attributable,25,150,A,4.83002234166169,3.15003720903447,7.1094206532495,nvss,GBD
2006,White,Hispanic or Latino,666,666,A,41,Deaths,age-adjusted rate,attributable,25,150,A,1.60174688410882,0.60100134329068,3.24727849824642,nvss,GBD
2006,White,Hispanic or Latino,666,666,A,42,Deaths,age-adjusted rate,attributable,25,150,A,7.00140980810324,5.41311370386891,9.01127821029536,nvss,GBD
2006,White,Hispanic or Latino,666,666,A,44,Deaths,age-adjusted rate,attributable,25,150,A,5.98774473518183,4.20672154385779,8.35473377092395,nvss,GBD
2006,White,Hispanic or Latino,666,666,A,45,Deaths,age-adjusted rate,attributable,35,150,A,6.32867430866022,4.97277834631358,7.99542450555313,nvss,GBD
2006,White,Hispanic or Latino,666,666,A,46,Deaths,age-adjusted rate,attributable,45,84,A,2.51594084489077,0.938209755213156,5.05045137774062,nvss,GBD
2006,White,Hispanic or Latino,666,666,A,47,Deaths,age-adjusted rate,attributable,25,150,A,4.48398054239442,3.45165526758274,5.84876833732538,nvss,GBD
2006,White,Hispanic or Latino,666,666,A,48,Deaths,age-adjusted rate,attributable,25,150,A,7.31765949867249,5.23454223236905,10.0940166352387,nvss,GBD
2006,White,Hispanic or Latino,666,666,A,49,Deaths,age-adjusted rate,attributable,25,150,A,3.46786702960967,2.15093814891222,5.23608417954593,nvss,GBD
2006,White,Hispanic or Latino,666,666,A,51,Deaths,age-adjusted rate,attributable,25,150,A,5.50640771779243,4.29518544495345,7.16124015839898,nvss,GBD
2006,White,Hispanic or Latino,666,666,A,53,Deaths,age-adjusted rate,attributable,25,150,A,2.28495765075088,0.944199705433328,4.32530134772692,nvss,GBD
2006,White,Hispanic or Latino,666,666,A,54,Deaths,age-adjusted rate,attributable,25,84,A,2.50105688609983,1.79237579040455,3.4844270832601,nvss,GBD
2006,White,Hispanic or Latino,666,666,A,55,Deaths,age-adjusted rate,attributable,25,150,A,3.78819698281267,2.74491959596711,5.12888139715733,nvss,GBD
2006,White,Hispanic or Latino,666,666,A,56,Deaths,age-adjusted rate,attributable,35,150,A,0.858186932536554,0.0811030617922051,2.53686102588348,nvss,GBD
2006,White,Not Hispanic or Latino,666,666,A,1,Deaths,age-adjusted rate,attributable,25,150,A,13.5718193126462,10.9325482457327,16.9213476146159,nvss,GBD
2006,White,Not Hispanic or Latino,666,666,A,2,Deaths,age-adjusted rate,attributable,35,150,A,3.76461563949837,1.94498417088403,6.28053673697667,nvss,GBD
2006,White,Not Hispanic or Latino,666,666,A,4,Deaths,age-adjusted rate,attributable,25,150,A,6.32416518550627,4.12074413982257,9.37492162141391,nvss,GBD
2006,White,Not Hispanic or Latino,666,666,A,5,Deaths,age-adjusted rate,attributable,25,150,A,11.0203845032597,8.09143220837202,14.9130870690317,nvss,GBD
2006,White,Not Hispanic or Latino,666,666,A,6,Deaths,age-adjusted rate,attributable,25,150,A,10.3915112988181,7.87381393916842,13.7553715291247,nvss,GBD
2006,White,Not Hispanic or Latino,666,666,A,8,Deaths,age-adjusted rate,attributable,25,150,A,3.19265237629645,1.62115531380502,5.53758093755856,nvss,GBD
2006,White,Not Hispanic or Latino,666,666,A,9,Deaths,age-adjusted rate,attributable,25,150,A,6.30238100043971,4.33803715327375,8.91263123164858,nvss,GBD
2006,White,Not Hispanic or Latino,666,666,A,10,Deaths,age-adjusted rate,attributable,25,150,A,11.6917381176185,9.08016321050098,14.9951659375396,nvss,GBD
2006,White,Not Hispanic or Latino,666,666,A,11,Deaths,age-adjusted rate,attributable,35,150,A,11.1879171422469,8.90916240799854,14.2583098809512,nvss,GBD
2006,White,Not Hispanic or Latino,666,666,A,12,Deaths,age-adjusted rate,attributable,25,150,A,8.21277093969538,5.74881903853296,11.4261123686534,nvss,GBD
2006,White,Not Hispanic or Latino,666,666,A,13,Deaths,age-adjusted rate,attributable,25,150,A,12.5889101192848,10.1481110663564,15.718793184476,nvss,GBD
2006,White,Not Hispanic or Latino,666,666,A,15,Deaths,age-adjusted rate,attributable,35,150,A,0.300567395816184,0,1.70916824596274,nvss,GBD
2006,White,Not Hispanic or Latino,666,666,A,16,Deaths,age-adjusted rate,attributable,25,150,A,3.13719327133185,1.40945020789633,5.87465533817522,nvss,GBD
2006,White,Not Hispanic or Latino,666,666,A,17,Deaths,age-adjusted rate,attributable,25,150,A,9.93621075675553,7.52459290894961,13.0916287257515,nvss,GBD
2006,White,Not Hispanic or Latino,666,666,A,18,Deaths,age-adjusted rate,attributable,25,150,A,11.7327369724128,8.98542099545033,15.2273861838506,nvss,GBD
2006,White,Not Hispanic or Latino,666,666,A,19,Deaths,age-adjusted rate,attributable,25,150,A,6.902632617723,4.5428362039637,10.0657769086508,nvss,GBD
2006,White,Not Hispanic or Latino,666,666,A,20,Deaths,age-adjusted rate,attributable,25,150,A,5.75714831541702,3.59727335068478,8.75029243461813,nvss,GBD
2006,White,Not Hispanic or Latino,666,666,A,21,Deaths,age-adjusted rate,attributable,25,150,A,14.1023478267238,11.0320043605014,18.0037313666929,nvss,GBD
2006,White,Not Hispanic or Latino,666,666,A,22,Deaths,age-adjusted rate,attributable,25,150,A,10.9641012808042,8.35535803519803,14.2965722136103,nvss,GBD
2006,White,Not Hispanic or Latino,666,666,A,23,Deaths,age-adjusted rate,attributable,25,150,A,3.13504408185678,1.18842299507374,6.08184837558478,nvss,GBD
2006,White,Not Hispanic or Latino,666,666,A,24,Deaths,age-adjusted rate,attributable,25,150,A,11.2262162688086,8.77699261590609,14.4360480697941,nvss,GBD
2006,White,Not Hispanic or Latino,666,666,A,25,Deaths,age-adjusted rate,attributable,25,150,A,5.52591924311852,3.53043893769399,8.20456653173322,nvss,GBD
2006,White,Not Hispanic or Latino,666,666,A,26,Deaths,age-adjusted rate,attributable,25,150,A,8.21886734453523,5.72931029343998,11.6068717741466,nvss,GBD
2006,White,Not Hispanic or Latino,666,666,A,27,Deaths,age-adjusted rate,attributable,25,150,A,3.86604959266224,2.24016375416005,6.10437728697691,nvss,GBD
2006,White,Not Hispanic or Latino,666,666,A,28,Deaths,age-adjusted rate,attributable,25,150,A,12.0026145827127,9.149211978344,15.6645341190431,nvss,GBD
2006,White,Not Hispanic or Latino,666,666,A,29,Deaths,age-adjusted rate,attributable,25,150,A,10.0035892282671,7.21572146504141,13.6494050700001,nvss,GBD
2006,White,Not Hispanic or Latino,666,666,A,30,Deaths,age-adjusted rate,attributable,25,150,A,1.87134518960709,0.719886251297244,4.15545130321797,nvss,GBD
2006,White,Not Hispanic or Latino,666,666,A,31,Deaths,age-adjusted rate,attributable,25,150,A,3.54154544067753,1.83356854663421,6.05939728538647,nvss,GBD
2006,White,Not Hispanic or Latino,666,666,A,32,Deaths,age-adjusted rate,attributable,25,150,A,6.35527916586745,4.00923437334238,9.59157422545322,nvss,GBD
2006,White,Not Hispanic or Latino,666,666,A,33,Deaths,age-adjusted rate,attributable,25,150,A,4.54080169272606,2.48328564715008,7.39019221961466,nvss,GBD
2006,White,Not Hispanic or Latino,666,666,A,34,Deaths,age-adjusted rate,attributable,25,150,A,9.96819092398497,7.60277659182037,13.1096096202489,nvss,GBD
2006,White,Not Hispanic or Latino,666,666,A,35,Deaths,age-adjusted rate,attributable,25,150,A,2.09271030279225,0.568723587418557,4.78052806471684,nvss,GBD
2006,White,Not Hispanic or Latino,666,666,A,36,Deaths,age-adjusted rate,attributable,25,150,A,8.73570742511922,6.14830001331651,12.2350325354978,nvss,GBD
2006,White,Not Hispanic or Latino,666,666,A,37,Deaths,age-adjusted rate,attributable,25,150,A,11.5287358020556,8.98050751684168,14.7750982168958,nvss,GBD
2006,White,Not Hispanic or Latino,666,666,A,38,Deaths,age-adjusted rate,attributable,25,150,A,2.55509642191998,0.88399991358711,5.36530410764108,nvss,GBD
2006,White,Not Hispanic or Latino,666,666,A,39,Deaths,age-adjusted rate,attributable,25,150,A,12.2387961911277,9.4164314381571,15.9076519352599,nvss,GBD
2006,White,Not Hispanic or Latino,666,666,A,40,Deaths,age-adjusted rate,attributable,25,150,A,8.96622488119205,5.87613358544176,13.1203098640399,nvss,GBD
2006,White,Not Hispanic or Latino,666,666,A,41,Deaths,age-adjusted rate,attributable,25,150,A,2.42497149400632,0.845649219371217,5.12001969294279,nvss,GBD
2006,White,Not Hispanic or Latino,666,666,A,42,Deaths,age-adjusted rate,attributable,25,150,A,9.93659335342415,7.55320026334627,13.056724651359,nvss,GBD
2006,White,Not Hispanic or Latino,666,666,A,44,Deaths,age-adjusted rate,attributable,25,150,A,7.3568655263796,4.93279202873467,10.6638714801989,nvss,GBD
2006,White,Not Hispanic or Latino,666,666,A,45,Deaths,age-adjusted rate,attributable,25,150,A,12.3789669308499,9.86264753779012,15.5819894433274,nvss,GBD
2006,White,Not Hispanic or Latino,666,666,A,46,Deaths,age-adjusted rate,attributable,25,150,A,2.83618759178535,1.00390254375121,5.79487965746872,nvss,GBD
2006,White,Not Hispanic or Latino,666,666,A,47,Deaths,age-adjusted rate,attributable,25,150,A,14.0533245153973,10.9151064411688,18.042524659022,nvss,GBD
2006,White,Not Hispanic or Latino,666,666,A,48,Deaths,age-adjusted rate,attributable,25,150,A,8.488716988659,5.99696722057071,11.8080034618595,nvss,GBD
2006,White,Not Hispanic or Latino,666,666,A,49,Deaths,age-adjusted rate,attributable,25,150,A,3.27201906076874,1.99216418006454,5.09992705991622,nvss,GBD
2006,White,Not Hispanic or Latino,666,666,A,50,Deaths,age-adjusted rate,attributable,25,150,A,3.12921649832243,1.21508258357368,6.09327017739569,nvss,GBD
2006,White,Not Hispanic or Latino,666,666,A,51,Deaths,age-adjusted rate,attributable,25,150,A,10.1233554622783,7.79403660873819,13.1337739363581,nvss,GBD
2006,White,Not Hispanic or Latino,666,666,A,53,Deaths,age-adjusted rate,attributable,25,150,A,2.9261317296479,1.11246499078814,5.8021650880753,nvss,GBD
2006,White,Not Hispanic or Latino,666,666,A,54,Deaths,age-adjusted rate,attributable,25,150,A,12.2036231705009,9.11952327777744,16.2142434948784,nvss,GBD
2006,White,Not Hispanic or Latino,666,666,A,55,Deaths,age-adjusted rate,attributable,25,150,A,6.35087350159233,4.29586668890545,9.09610229444478,nvss,GBD
2006,White,Not Hispanic or Latino,666,666,A,56,Deaths,age-adjusted rate,attributable,25,150,A,1.34588529519729,0.186291092248583,3.89193641072262,nvss,GBD
