"Year","replacecolumns","from","to"
2000,"Hispanic.Origin","0","Not Hispanic or Latino"
2001,"Hispanic.Origin","0","Not Hispanic or Latino"
2002,"Hispanic.Origin","0","Not Hispanic or Latino"
2003,"Hispanic.Origin","0","Not Hispanic or Latino"
2000,"Hispanic.Origin","1","Hispanic or Latino"
2001,"Hispanic.Origin","1","Hispanic or Latino"
2002,"Hispanic.Origin","1","Hispanic or Latino"
2003,"Hispanic.Origin","1","Hispanic or Latino"
2000,"Hispanic.Origin","2","Hispanic or Latino"
2001,"Hispanic.Origin","2","Hispanic or Latino"
2002,"Hispanic.Origin","2","Hispanic or Latino"
2003,"Hispanic.Origin","2","Hispanic or Latino"
2000,"Hispanic.Origin","3","Hispanic or Latino"
2001,"Hispanic.Origin","3","Hispanic or Latino"
2002,"Hispanic.Origin","3","Hispanic or Latino"
2003,"Hispanic.Origin","3","Hispanic or Latino"
2000,"Hispanic.Origin","4","Hispanic or Latino"
2001,"Hispanic.Origin","4","Hispanic or Latino"
2002,"Hispanic.Origin","4","Hispanic or Latino"
2003,"Hispanic.Origin","4","Hispanic or Latino"
2000,"Hispanic.Origin","5","Hispanic or Latino"
2001,"Hispanic.Origin","5","Hispanic or Latino"
2002,"Hispanic.Origin","5","Hispanic or Latino"
2003,"Hispanic.Origin","5","Hispanic or Latino"
2000,"Hispanic.Origin","99","Unkown"
2001,"Hispanic.Origin","99","Unkown"
2002,"Hispanic.Origin","99","Unkown"
2003,"Hispanic.Origin","99","Unkown"
2000,"Gender.Code","1","M"
2001,"Gender.Code","1","M"
2002,"Gender.Code","1","M"
2003,"Gender.Code","1","M"
2000,"Gender.Code","M","M"
2001,"Gender.Code","M","M"
2002,"Gender.Code","M","M"
2003,"Gender.Code","M","M"
2000,"Gender.Code","2","F"
2001,"Gender.Code","2","F"
2002,"Gender.Code","2","F"
2003,"Gender.Code","2","F"
2000,"Gender.Code","F","M"
2001,"Gender.Code","F","M"
2002,"Gender.Code","F","M"
2003,"Gender.Code","F","M"
2000,"Race","1","White"
2001,"Race","1","White"
2002,"Race","1","White"
2003,"Race","1","White"
2000,"Race","2","Black or African American"
2001,"Race","2","Black or African American"
2002,"Race","2","Black or African American"
2003,"Race","2","Black or African American"
2000,"Race","3","American Indian or Alaska Native"
2001,"Race","3","American Indian or Alaska Native"
2002,"Race","3","American Indian or Alaska Native"
2003,"Race","3","American Indian or Alaska Native"
2000,"Race","4","Asian or Pacific Islander"
2001,"Race","4","Asian or Pacific Islander"
2002,"Race","4","Asian or Pacific Islander"
2003,"Race","4","Asian or Pacific Islander"
2000,"Race","5","Asian or Pacific Islander"
2001,"Race","5","Asian or Pacific Islander"
2002,"Race","5","Asian or Pacific Islander"
2003,"Race","5","Asian or Pacific Islander"
2000,"Race","6","Asian or Pacific Islander"
2001,"Race","6","Asian or Pacific Islander"
2002,"Race","6","Asian or Pacific Islander"
2003,"Race","6","Asian or Pacific Islander"
2000,"Race","7","Asian or Pacific Islander"
2001,"Race","7","Asian or Pacific Islander"
2002,"Race","7","Asian or Pacific Islander"
2003,"Race","7","Asian or Pacific Islander"
2000,"Race","18","Asian or Pacific Islander"
2001,"Race","18","Asian or Pacific Islander"
2002,"Race","18","Asian or Pacific Islander"
2003,"Race","18","Asian or Pacific Islander"
2000,"Race","28","Asian or Pacific Islander"
2001,"Race","28","Asian or Pacific Islander"
2002,"Race","28","Asian or Pacific Islander"
2003,"Race","28","Asian or Pacific Islander"
2000,"Race","38","Asian or Pacific Islander"
2001,"Race","38","Asian or Pacific Islander"
2002,"Race","38","Asian or Pacific Islander"
2003,"Race","38","Asian or Pacific Islander"
2000,"Race","48","Asian or Pacific Islander"
2001,"Race","48","Asian or Pacific Islander"
2002,"Race","48","Asian or Pacific Islander"
2003,"Race","48","Asian or Pacific Islander"
2000,"Race","58","Guama"
2001,"Race","58","Guama"
2002,"Race","58","Guama"
2003,"Race","58","Guama"
2000,"Race","68","Asian or Pacific Islander"
2001,"Race","68","Asian or Pacific Islander"
2002,"Race","68","Asian or Pacific Islander"
2003,"Race","68","Asian or Pacific Islander"
2000,"Race","78","Asian or Pacific Islander"
2001,"Race","78","Asian or Pacific Islander"
2002,"Race","78","Asian or Pacific Islander"
2003,"Race","78","Asian or Pacific Islander"
2000,"label_cause","I20","cvd_ihd"
2001,"label_cause","I20","cvd_ihd"
2002,"label_cause","I20","cvd_ihd"
2003,"label_cause","I20","cvd_ihd"
2000,"label_cause","I21","cvd_ihd"
2001,"label_cause","I21","cvd_ihd"
2002,"label_cause","I21","cvd_ihd"
2003,"label_cause","I21","cvd_ihd"
2000,"label_cause","I22","cvd_ihd"
2001,"label_cause","I22","cvd_ihd"
2002,"label_cause","I22","cvd_ihd"
2003,"label_cause","I22","cvd_ihd"
2000,"label_cause","I23","cvd_ihd"
2001,"label_cause","I23","cvd_ihd"
2002,"label_cause","I23","cvd_ihd"
2003,"label_cause","I23","cvd_ihd"
2000,"label_cause","I24","cvd_ihd"
2001,"label_cause","I24","cvd_ihd"
2002,"label_cause","I24","cvd_ihd"
2003,"label_cause","I24","cvd_ihd"
2000,"label_cause","I25","cvd_ihd"
2001,"label_cause","I25","cvd_ihd"
2002,"label_cause","I25","cvd_ihd"
2003,"label_cause","I25","cvd_ihd"
2000,"label_cause","G45","cvd_stroke"
2001,"label_cause","G45","cvd_stroke"
2002,"label_cause","G45","cvd_stroke"
2003,"label_cause","G45","cvd_stroke"
2000,"label_cause","G46","cvd_stroke"
2001,"label_cause","G46","cvd_stroke"
2002,"label_cause","G46","cvd_stroke"
2003,"label_cause","G46","cvd_stroke"
2000,"label_cause","I61","cvd_stroke"
2001,"label_cause","I61","cvd_stroke"
2002,"label_cause","I61","cvd_stroke"
2003,"label_cause","I61","cvd_stroke"
2000,"label_cause","I62","cvd_stroke"
2001,"label_cause","I62","cvd_stroke"
2002,"label_cause","I62","cvd_stroke"
2003,"label_cause","I62","cvd_stroke"
2000,"label_cause","I63","cvd_stroke"
2001,"label_cause","I63","cvd_stroke"
2002,"label_cause","I63","cvd_stroke"
2003,"label_cause","I63","cvd_stroke"
2000,"label_cause","I65","cvd_stroke"
2001,"label_cause","I65","cvd_stroke"
2002,"label_cause","I65","cvd_stroke"
2003,"label_cause","I65","cvd_stroke"
2000,"label_cause","I66","cvd_stroke"
2001,"label_cause","I66","cvd_stroke"
2002,"label_cause","I66","cvd_stroke"
2003,"label_cause","I66","cvd_stroke"
2000,"label_cause","I67","cvd_stroke"
2001,"label_cause","I67","cvd_stroke"
2002,"label_cause","I67","cvd_stroke"
2003,"label_cause","I67","cvd_stroke"
2000,"label_cause","I68","cvd_stroke"
2001,"label_cause","I68","cvd_stroke"
2002,"label_cause","I68","cvd_stroke"
2003,"label_cause","I68","cvd_stroke"
2000,"label_cause","I69","cvd_stroke"
2001,"label_cause","I69","cvd_stroke"
2002,"label_cause","I69","cvd_stroke"
2003,"label_cause","I69","cvd_stroke"
2000,"label_cause","C33","neo_lung"
2001,"label_cause","C33","neo_lung"
2002,"label_cause","C33","neo_lung"
2003,"label_cause","C33","neo_lung"
2000,"label_cause","C34","neo_lung"
2001,"label_cause","C34","neo_lung"
2002,"label_cause","C34","neo_lung"
2003,"label_cause","C34","neo_lung"
2000,"label_cause","D02","neo_lung"
2001,"label_cause","D02","neo_lung"
2002,"label_cause","D02","neo_lung"
2003,"label_cause","D02","neo_lung"
2000,"label_cause","D14","neo_lung"
2001,"label_cause","D14","neo_lung"
2002,"label_cause","D14","neo_lung"
2003,"label_cause","D14","neo_lung"
2000,"label_cause","D38","neo_lung"
2001,"label_cause","D38","neo_lung"
2002,"label_cause","D38","neo_lung"
2003,"label_cause","D38","neo_lung"
2000,"label_cause","J41","resp_copd"
2001,"label_cause","J41","resp_copd"
2002,"label_cause","J41","resp_copd"
2003,"label_cause","J41","resp_copd"
2000,"label_cause","J42","resp_copd"
2001,"label_cause","J42","resp_copd"
2002,"label_cause","J42","resp_copd"
2003,"label_cause","J42","resp_copd"
2000,"label_cause","J43","resp_copd"
2001,"label_cause","J43","resp_copd"
2002,"label_cause","J43","resp_copd"
2003,"label_cause","J43","resp_copd"
2000,"label_cause","J44","resp_copd"
2001,"label_cause","J44","resp_copd"
2002,"label_cause","J44","resp_copd"
2003,"label_cause","J44","resp_copd"
2000,"label_cause","A48","resp_copd"
2001,"label_cause","A48","resp_copd"
2002,"label_cause","A48","resp_copd"
2003,"label_cause","A48","resp_copd"
2000,"label_cause","A70","resp_copd"
2001,"label_cause","A70","resp_copd"
2002,"label_cause","A70","resp_copd"
2003,"label_cause","A70","resp_copd"
2000,"label_cause","B97","resp_copd"
2001,"label_cause","B97","resp_copd"
2002,"label_cause","B97","resp_copd"
2003,"label_cause","B97","resp_copd"
2000,"label_cause","J09","resp_copd"
2001,"label_cause","J09","resp_copd"
2002,"label_cause","J09","resp_copd"
2003,"label_cause","J09","resp_copd"
2000,"label_cause","J10","resp_copd"
2001,"label_cause","J10","resp_copd"
2002,"label_cause","J10","resp_copd"
2003,"label_cause","J10","resp_copd"
2000,"label_cause","J11","resp_copd"
2001,"label_cause","J11","resp_copd"
2002,"label_cause","J11","resp_copd"
2003,"label_cause","J11","resp_copd"
2000,"label_cause","J12","resp_copd"
2001,"label_cause","J12","resp_copd"
2002,"label_cause","J12","resp_copd"
2003,"label_cause","J12","resp_copd"
2000,"label_cause","J13","resp_copd"
2001,"label_cause","J13","resp_copd"
2002,"label_cause","J13","resp_copd"
2003,"label_cause","J13","resp_copd"
2000,"label_cause","J14","resp_copd"
2001,"label_cause","J14","resp_copd"
2002,"label_cause","J14","resp_copd"
2003,"label_cause","J14","resp_copd"
2000,"label_cause","J15","resp_copd"
2001,"label_cause","J15","resp_copd"
2002,"label_cause","J15","resp_copd"
2003,"label_cause","J15","resp_copd"
2000,"label_cause","J16","resp_copd"
2001,"label_cause","J16","resp_copd"
2002,"label_cause","J16","resp_copd"
2003,"label_cause","J16","resp_copd"
2000,"label_cause","J20","resp_copd"
2001,"label_cause","J20","resp_copd"
2002,"label_cause","J20","resp_copd"
2003,"label_cause","J20","resp_copd"
2000,"label_cause","J21","resp_copd"
2001,"label_cause","J21","resp_copd"
2002,"label_cause","J21","resp_copd"
2003,"label_cause","J21","resp_copd"
2000,"label_cause","P23","resp_copd"
2001,"label_cause","P23","resp_copd"
2002,"label_cause","P23","resp_copd"
2003,"label_cause","P23","resp_copd"
2000,"label_cause","U04","resp_copd"
2001,"label_cause","U04","resp_copd"
2002,"label_cause","U04","resp_copd"
2003,"label_cause","U04","resp_copd"
2000,"label_cause","E11","t2_dm"
2001,"label_cause","E11","t2_dm"
2002,"label_cause","E11","t2_dm"
2003,"label_cause","E11","t2_dm"
2000,"label_cause","I200","cvd_ihd"
2001,"label_cause","I200","cvd_ihd"
2002,"label_cause","I200","cvd_ihd"
2003,"label_cause","I200","cvd_ihd"
2000,"label_cause","I210","cvd_ihd"
2001,"label_cause","I210","cvd_ihd"
2002,"label_cause","I210","cvd_ihd"
2003,"label_cause","I210","cvd_ihd"
2000,"label_cause","I220","cvd_ihd"
2001,"label_cause","I220","cvd_ihd"
2002,"label_cause","I220","cvd_ihd"
2003,"label_cause","I220","cvd_ihd"
2000,"label_cause","I230","cvd_ihd"
2001,"label_cause","I230","cvd_ihd"
2002,"label_cause","I230","cvd_ihd"
2003,"label_cause","I230","cvd_ihd"
2000,"label_cause","I240","cvd_ihd"
2001,"label_cause","I240","cvd_ihd"
2002,"label_cause","I240","cvd_ihd"
2003,"label_cause","I240","cvd_ihd"
2000,"label_cause","I250","cvd_ihd"
2001,"label_cause","I250","cvd_ihd"
2002,"label_cause","I250","cvd_ihd"
2003,"label_cause","I250","cvd_ihd"
2000,"label_cause","G450","cvd_stroke"
2001,"label_cause","G450","cvd_stroke"
2002,"label_cause","G450","cvd_stroke"
2003,"label_cause","G450","cvd_stroke"
2000,"label_cause","G460","cvd_stroke"
2001,"label_cause","G460","cvd_stroke"
2002,"label_cause","G460","cvd_stroke"
2003,"label_cause","G460","cvd_stroke"
2000,"label_cause","I610","cvd_stroke"
2001,"label_cause","I610","cvd_stroke"
2002,"label_cause","I610","cvd_stroke"
2003,"label_cause","I610","cvd_stroke"
2000,"label_cause","I620","cvd_stroke"
2001,"label_cause","I620","cvd_stroke"
2002,"label_cause","I620","cvd_stroke"
2003,"label_cause","I620","cvd_stroke"
2000,"label_cause","I630","cvd_stroke"
2001,"label_cause","I630","cvd_stroke"
2002,"label_cause","I630","cvd_stroke"
2003,"label_cause","I630","cvd_stroke"
2000,"label_cause","I650","cvd_stroke"
2001,"label_cause","I650","cvd_stroke"
2002,"label_cause","I650","cvd_stroke"
2003,"label_cause","I650","cvd_stroke"
2000,"label_cause","I660","cvd_stroke"
2001,"label_cause","I660","cvd_stroke"
2002,"label_cause","I660","cvd_stroke"
2003,"label_cause","I660","cvd_stroke"
2000,"label_cause","I670","cvd_stroke"
2001,"label_cause","I670","cvd_stroke"
2002,"label_cause","I670","cvd_stroke"
2003,"label_cause","I670","cvd_stroke"
2000,"label_cause","I680","cvd_stroke"
2001,"label_cause","I680","cvd_stroke"
2002,"label_cause","I680","cvd_stroke"
2003,"label_cause","I680","cvd_stroke"
2000,"label_cause","I690","cvd_stroke"
2001,"label_cause","I690","cvd_stroke"
2002,"label_cause","I690","cvd_stroke"
2003,"label_cause","I690","cvd_stroke"
2000,"label_cause","C330","neo_lung"
2001,"label_cause","C330","neo_lung"
2002,"label_cause","C330","neo_lung"
2003,"label_cause","C330","neo_lung"
2000,"label_cause","C340","neo_lung"
2001,"label_cause","C340","neo_lung"
2002,"label_cause","C340","neo_lung"
2003,"label_cause","C340","neo_lung"
2000,"label_cause","D020","neo_lung"
2001,"label_cause","D020","neo_lung"
2002,"label_cause","D020","neo_lung"
2003,"label_cause","D020","neo_lung"
2000,"label_cause","D140","neo_lung"
2001,"label_cause","D140","neo_lung"
2002,"label_cause","D140","neo_lung"
2003,"label_cause","D140","neo_lung"
2000,"label_cause","D380","neo_lung"
2001,"label_cause","D380","neo_lung"
2002,"label_cause","D380","neo_lung"
2003,"label_cause","D380","neo_lung"
2000,"label_cause","J410","resp_copd"
2001,"label_cause","J410","resp_copd"
2002,"label_cause","J410","resp_copd"
2003,"label_cause","J410","resp_copd"
2000,"label_cause","J420","resp_copd"
2001,"label_cause","J420","resp_copd"
2002,"label_cause","J420","resp_copd"
2003,"label_cause","J420","resp_copd"
2000,"label_cause","J430","resp_copd"
2001,"label_cause","J430","resp_copd"
2002,"label_cause","J430","resp_copd"
2003,"label_cause","J430","resp_copd"
2000,"label_cause","J440","resp_copd"
2001,"label_cause","J440","resp_copd"
2002,"label_cause","J440","resp_copd"
2003,"label_cause","J440","resp_copd"
2000,"label_cause","A480","resp_copd"
2001,"label_cause","A480","resp_copd"
2002,"label_cause","A480","resp_copd"
2003,"label_cause","A480","resp_copd"
2000,"label_cause","A700","resp_copd"
2001,"label_cause","A700","resp_copd"
2002,"label_cause","A700","resp_copd"
2003,"label_cause","A700","resp_copd"
2000,"label_cause","B970","resp_copd"
2001,"label_cause","B970","resp_copd"
2002,"label_cause","B970","resp_copd"
2003,"label_cause","B970","resp_copd"
2000,"label_cause","J090","resp_copd"
2001,"label_cause","J090","resp_copd"
2002,"label_cause","J090","resp_copd"
2003,"label_cause","J090","resp_copd"
2000,"label_cause","J100","resp_copd"
2001,"label_cause","J100","resp_copd"
2002,"label_cause","J100","resp_copd"
2003,"label_cause","J100","resp_copd"
2000,"label_cause","J110","resp_copd"
2001,"label_cause","J110","resp_copd"
2002,"label_cause","J110","resp_copd"
2003,"label_cause","J110","resp_copd"
2000,"label_cause","J120","resp_copd"
2001,"label_cause","J120","resp_copd"
2002,"label_cause","J120","resp_copd"
2003,"label_cause","J120","resp_copd"
2000,"label_cause","J130","resp_copd"
2001,"label_cause","J130","resp_copd"
2002,"label_cause","J130","resp_copd"
2003,"label_cause","J130","resp_copd"
2000,"label_cause","J140","resp_copd"
2001,"label_cause","J140","resp_copd"
2002,"label_cause","J140","resp_copd"
2003,"label_cause","J140","resp_copd"
2000,"label_cause","J150","resp_copd"
2001,"label_cause","J150","resp_copd"
2002,"label_cause","J150","resp_copd"
2003,"label_cause","J150","resp_copd"
2000,"label_cause","J160","resp_copd"
2001,"label_cause","J160","resp_copd"
2002,"label_cause","J160","resp_copd"
2003,"label_cause","J160","resp_copd"
2000,"label_cause","J200","resp_copd"
2001,"label_cause","J200","resp_copd"
2002,"label_cause","J200","resp_copd"
2003,"label_cause","J200","resp_copd"
2000,"label_cause","J210","resp_copd"
2001,"label_cause","J210","resp_copd"
2002,"label_cause","J210","resp_copd"
2003,"label_cause","J210","resp_copd"
2000,"label_cause","P230","resp_copd"
2001,"label_cause","P230","resp_copd"
2002,"label_cause","P230","resp_copd"
2003,"label_cause","P230","resp_copd"
2000,"label_cause","U040","resp_copd"
2001,"label_cause","U040","resp_copd"
2002,"label_cause","U040","resp_copd"
2003,"label_cause","U040","resp_copd"
2000,"label_cause","E110","t2_dm"
2001,"label_cause","E110","t2_dm"
2002,"label_cause","E110","t2_dm"
2003,"label_cause","E110","t2_dm"
2000,"label_cause","I201","cvd_ihd"
2001,"label_cause","I201","cvd_ihd"
2002,"label_cause","I201","cvd_ihd"
2003,"label_cause","I201","cvd_ihd"
2000,"label_cause","I211","cvd_ihd"
2001,"label_cause","I211","cvd_ihd"
2002,"label_cause","I211","cvd_ihd"
2003,"label_cause","I211","cvd_ihd"
2000,"label_cause","I221","cvd_ihd"
2001,"label_cause","I221","cvd_ihd"
2002,"label_cause","I221","cvd_ihd"
2003,"label_cause","I221","cvd_ihd"
2000,"label_cause","I231","cvd_ihd"
2001,"label_cause","I231","cvd_ihd"
2002,"label_cause","I231","cvd_ihd"
2003,"label_cause","I231","cvd_ihd"
2000,"label_cause","I241","cvd_ihd"
2001,"label_cause","I241","cvd_ihd"
2002,"label_cause","I241","cvd_ihd"
2003,"label_cause","I241","cvd_ihd"
2000,"label_cause","I251","cvd_ihd"
2001,"label_cause","I251","cvd_ihd"
2002,"label_cause","I251","cvd_ihd"
2003,"label_cause","I251","cvd_ihd"
2000,"label_cause","G451","cvd_stroke"
2001,"label_cause","G451","cvd_stroke"
2002,"label_cause","G451","cvd_stroke"
2003,"label_cause","G451","cvd_stroke"
2000,"label_cause","G461","cvd_stroke"
2001,"label_cause","G461","cvd_stroke"
2002,"label_cause","G461","cvd_stroke"
2003,"label_cause","G461","cvd_stroke"
2000,"label_cause","I611","cvd_stroke"
2001,"label_cause","I611","cvd_stroke"
2002,"label_cause","I611","cvd_stroke"
2003,"label_cause","I611","cvd_stroke"
2000,"label_cause","I621","cvd_stroke"
2001,"label_cause","I621","cvd_stroke"
2002,"label_cause","I621","cvd_stroke"
2003,"label_cause","I621","cvd_stroke"
2000,"label_cause","I631","cvd_stroke"
2001,"label_cause","I631","cvd_stroke"
2002,"label_cause","I631","cvd_stroke"
2003,"label_cause","I631","cvd_stroke"
2000,"label_cause","I651","cvd_stroke"
2001,"label_cause","I651","cvd_stroke"
2002,"label_cause","I651","cvd_stroke"
2003,"label_cause","I651","cvd_stroke"
2000,"label_cause","I661","cvd_stroke"
2001,"label_cause","I661","cvd_stroke"
2002,"label_cause","I661","cvd_stroke"
2003,"label_cause","I661","cvd_stroke"
2000,"label_cause","I671","cvd_stroke"
2001,"label_cause","I671","cvd_stroke"
2002,"label_cause","I671","cvd_stroke"
2003,"label_cause","I671","cvd_stroke"
2000,"label_cause","I681","cvd_stroke"
2001,"label_cause","I681","cvd_stroke"
2002,"label_cause","I681","cvd_stroke"
2003,"label_cause","I681","cvd_stroke"
2000,"label_cause","I691","cvd_stroke"
2001,"label_cause","I691","cvd_stroke"
2002,"label_cause","I691","cvd_stroke"
2003,"label_cause","I691","cvd_stroke"
2000,"label_cause","C331","neo_lung"
2001,"label_cause","C331","neo_lung"
2002,"label_cause","C331","neo_lung"
2003,"label_cause","C331","neo_lung"
2000,"label_cause","C341","neo_lung"
2001,"label_cause","C341","neo_lung"
2002,"label_cause","C341","neo_lung"
2003,"label_cause","C341","neo_lung"
2000,"label_cause","D021","neo_lung"
2001,"label_cause","D021","neo_lung"
2002,"label_cause","D021","neo_lung"
2003,"label_cause","D021","neo_lung"
2000,"label_cause","D141","neo_lung"
2001,"label_cause","D141","neo_lung"
2002,"label_cause","D141","neo_lung"
2003,"label_cause","D141","neo_lung"
2000,"label_cause","D381","neo_lung"
2001,"label_cause","D381","neo_lung"
2002,"label_cause","D381","neo_lung"
2003,"label_cause","D381","neo_lung"
2000,"label_cause","J411","resp_copd"
2001,"label_cause","J411","resp_copd"
2002,"label_cause","J411","resp_copd"
2003,"label_cause","J411","resp_copd"
2000,"label_cause","J421","resp_copd"
2001,"label_cause","J421","resp_copd"
2002,"label_cause","J421","resp_copd"
2003,"label_cause","J421","resp_copd"
2000,"label_cause","J431","resp_copd"
2001,"label_cause","J431","resp_copd"
2002,"label_cause","J431","resp_copd"
2003,"label_cause","J431","resp_copd"
2000,"label_cause","J441","resp_copd"
2001,"label_cause","J441","resp_copd"
2002,"label_cause","J441","resp_copd"
2003,"label_cause","J441","resp_copd"
2000,"label_cause","A481","resp_copd"
2001,"label_cause","A481","resp_copd"
2002,"label_cause","A481","resp_copd"
2003,"label_cause","A481","resp_copd"
2000,"label_cause","A701","resp_copd"
2001,"label_cause","A701","resp_copd"
2002,"label_cause","A701","resp_copd"
2003,"label_cause","A701","resp_copd"
2000,"label_cause","B971","resp_copd"
2001,"label_cause","B971","resp_copd"
2002,"label_cause","B971","resp_copd"
2003,"label_cause","B971","resp_copd"
2000,"label_cause","J091","resp_copd"
2001,"label_cause","J091","resp_copd"
2002,"label_cause","J091","resp_copd"
2003,"label_cause","J091","resp_copd"
2000,"label_cause","J101","resp_copd"
2001,"label_cause","J101","resp_copd"
2002,"label_cause","J101","resp_copd"
2003,"label_cause","J101","resp_copd"
2000,"label_cause","J111","resp_copd"
2001,"label_cause","J111","resp_copd"
2002,"label_cause","J111","resp_copd"
2003,"label_cause","J111","resp_copd"
2000,"label_cause","J121","resp_copd"
2001,"label_cause","J121","resp_copd"
2002,"label_cause","J121","resp_copd"
2003,"label_cause","J121","resp_copd"
2000,"label_cause","J131","resp_copd"
2001,"label_cause","J131","resp_copd"
2002,"label_cause","J131","resp_copd"
2003,"label_cause","J131","resp_copd"
2000,"label_cause","J141","resp_copd"
2001,"label_cause","J141","resp_copd"
2002,"label_cause","J141","resp_copd"
2003,"label_cause","J141","resp_copd"
2000,"label_cause","J151","resp_copd"
2001,"label_cause","J151","resp_copd"
2002,"label_cause","J151","resp_copd"
2003,"label_cause","J151","resp_copd"
2000,"label_cause","J161","resp_copd"
2001,"label_cause","J161","resp_copd"
2002,"label_cause","J161","resp_copd"
2003,"label_cause","J161","resp_copd"
2000,"label_cause","J201","resp_copd"
2001,"label_cause","J201","resp_copd"
2002,"label_cause","J201","resp_copd"
2003,"label_cause","J201","resp_copd"
2000,"label_cause","J211","resp_copd"
2001,"label_cause","J211","resp_copd"
2002,"label_cause","J211","resp_copd"
2003,"label_cause","J211","resp_copd"
2000,"label_cause","P231","resp_copd"
2001,"label_cause","P231","resp_copd"
2002,"label_cause","P231","resp_copd"
2003,"label_cause","P231","resp_copd"
2000,"label_cause","U041","resp_copd"
2001,"label_cause","U041","resp_copd"
2002,"label_cause","U041","resp_copd"
2003,"label_cause","U041","resp_copd"
2000,"label_cause","E111","t2_dm"
2001,"label_cause","E111","t2_dm"
2002,"label_cause","E111","t2_dm"
2003,"label_cause","E111","t2_dm"
2000,"label_cause","I202","cvd_ihd"
2001,"label_cause","I202","cvd_ihd"
2002,"label_cause","I202","cvd_ihd"
2003,"label_cause","I202","cvd_ihd"
2000,"label_cause","I212","cvd_ihd"
2001,"label_cause","I212","cvd_ihd"
2002,"label_cause","I212","cvd_ihd"
2003,"label_cause","I212","cvd_ihd"
2000,"label_cause","I222","cvd_ihd"
2001,"label_cause","I222","cvd_ihd"
2002,"label_cause","I222","cvd_ihd"
2003,"label_cause","I222","cvd_ihd"
2000,"label_cause","I232","cvd_ihd"
2001,"label_cause","I232","cvd_ihd"
2002,"label_cause","I232","cvd_ihd"
2003,"label_cause","I232","cvd_ihd"
2000,"label_cause","I242","cvd_ihd"
2001,"label_cause","I242","cvd_ihd"
2002,"label_cause","I242","cvd_ihd"
2003,"label_cause","I242","cvd_ihd"
2000,"label_cause","I252","cvd_ihd"
2001,"label_cause","I252","cvd_ihd"
2002,"label_cause","I252","cvd_ihd"
2003,"label_cause","I252","cvd_ihd"
2000,"label_cause","G452","cvd_stroke"
2001,"label_cause","G452","cvd_stroke"
2002,"label_cause","G452","cvd_stroke"
2003,"label_cause","G452","cvd_stroke"
2000,"label_cause","G462","cvd_stroke"
2001,"label_cause","G462","cvd_stroke"
2002,"label_cause","G462","cvd_stroke"
2003,"label_cause","G462","cvd_stroke"
2000,"label_cause","I612","cvd_stroke"
2001,"label_cause","I612","cvd_stroke"
2002,"label_cause","I612","cvd_stroke"
2003,"label_cause","I612","cvd_stroke"
2000,"label_cause","I622","cvd_stroke"
2001,"label_cause","I622","cvd_stroke"
2002,"label_cause","I622","cvd_stroke"
2003,"label_cause","I622","cvd_stroke"
2000,"label_cause","I632","cvd_stroke"
2001,"label_cause","I632","cvd_stroke"
2002,"label_cause","I632","cvd_stroke"
2003,"label_cause","I632","cvd_stroke"
2000,"label_cause","I652","cvd_stroke"
2001,"label_cause","I652","cvd_stroke"
2002,"label_cause","I652","cvd_stroke"
2003,"label_cause","I652","cvd_stroke"
2000,"label_cause","I662","cvd_stroke"
2001,"label_cause","I662","cvd_stroke"
2002,"label_cause","I662","cvd_stroke"
2003,"label_cause","I662","cvd_stroke"
2000,"label_cause","I672","cvd_stroke"
2001,"label_cause","I672","cvd_stroke"
2002,"label_cause","I672","cvd_stroke"
2003,"label_cause","I672","cvd_stroke"
2000,"label_cause","I682","cvd_stroke"
2001,"label_cause","I682","cvd_stroke"
2002,"label_cause","I682","cvd_stroke"
2003,"label_cause","I682","cvd_stroke"
2000,"label_cause","I692","cvd_stroke"
2001,"label_cause","I692","cvd_stroke"
2002,"label_cause","I692","cvd_stroke"
2003,"label_cause","I692","cvd_stroke"
2000,"label_cause","C332","neo_lung"
2001,"label_cause","C332","neo_lung"
2002,"label_cause","C332","neo_lung"
2003,"label_cause","C332","neo_lung"
2000,"label_cause","C342","neo_lung"
2001,"label_cause","C342","neo_lung"
2002,"label_cause","C342","neo_lung"
2003,"label_cause","C342","neo_lung"
2000,"label_cause","D022","neo_lung"
2001,"label_cause","D022","neo_lung"
2002,"label_cause","D022","neo_lung"
2003,"label_cause","D022","neo_lung"
2000,"label_cause","D142","neo_lung"
2001,"label_cause","D142","neo_lung"
2002,"label_cause","D142","neo_lung"
2003,"label_cause","D142","neo_lung"
2000,"label_cause","D382","neo_lung"
2001,"label_cause","D382","neo_lung"
2002,"label_cause","D382","neo_lung"
2003,"label_cause","D382","neo_lung"
2000,"label_cause","J412","resp_copd"
2001,"label_cause","J412","resp_copd"
2002,"label_cause","J412","resp_copd"
2003,"label_cause","J412","resp_copd"
2000,"label_cause","J422","resp_copd"
2001,"label_cause","J422","resp_copd"
2002,"label_cause","J422","resp_copd"
2003,"label_cause","J422","resp_copd"
2000,"label_cause","J432","resp_copd"
2001,"label_cause","J432","resp_copd"
2002,"label_cause","J432","resp_copd"
2003,"label_cause","J432","resp_copd"
2000,"label_cause","J442","resp_copd"
2001,"label_cause","J442","resp_copd"
2002,"label_cause","J442","resp_copd"
2003,"label_cause","J442","resp_copd"
2000,"label_cause","A482","resp_copd"
2001,"label_cause","A482","resp_copd"
2002,"label_cause","A482","resp_copd"
2003,"label_cause","A482","resp_copd"
2000,"label_cause","A702","resp_copd"
2001,"label_cause","A702","resp_copd"
2002,"label_cause","A702","resp_copd"
2003,"label_cause","A702","resp_copd"
2000,"label_cause","B972","resp_copd"
2001,"label_cause","B972","resp_copd"
2002,"label_cause","B972","resp_copd"
2003,"label_cause","B972","resp_copd"
2000,"label_cause","J092","resp_copd"
2001,"label_cause","J092","resp_copd"
2002,"label_cause","J092","resp_copd"
2003,"label_cause","J092","resp_copd"
2000,"label_cause","J102","resp_copd"
2001,"label_cause","J102","resp_copd"
2002,"label_cause","J102","resp_copd"
2003,"label_cause","J102","resp_copd"
2000,"label_cause","J112","resp_copd"
2001,"label_cause","J112","resp_copd"
2002,"label_cause","J112","resp_copd"
2003,"label_cause","J112","resp_copd"
2000,"label_cause","J122","resp_copd"
2001,"label_cause","J122","resp_copd"
2002,"label_cause","J122","resp_copd"
2003,"label_cause","J122","resp_copd"
2000,"label_cause","J132","resp_copd"
2001,"label_cause","J132","resp_copd"
2002,"label_cause","J132","resp_copd"
2003,"label_cause","J132","resp_copd"
2000,"label_cause","J142","resp_copd"
2001,"label_cause","J142","resp_copd"
2002,"label_cause","J142","resp_copd"
2003,"label_cause","J142","resp_copd"
2000,"label_cause","J152","resp_copd"
2001,"label_cause","J152","resp_copd"
2002,"label_cause","J152","resp_copd"
2003,"label_cause","J152","resp_copd"
2000,"label_cause","J162","resp_copd"
2001,"label_cause","J162","resp_copd"
2002,"label_cause","J162","resp_copd"
2003,"label_cause","J162","resp_copd"
2000,"label_cause","J202","resp_copd"
2001,"label_cause","J202","resp_copd"
2002,"label_cause","J202","resp_copd"
2003,"label_cause","J202","resp_copd"
2000,"label_cause","J212","resp_copd"
2001,"label_cause","J212","resp_copd"
2002,"label_cause","J212","resp_copd"
2003,"label_cause","J212","resp_copd"
2000,"label_cause","P232","resp_copd"
2001,"label_cause","P232","resp_copd"
2002,"label_cause","P232","resp_copd"
2003,"label_cause","P232","resp_copd"
2000,"label_cause","U042","resp_copd"
2001,"label_cause","U042","resp_copd"
2002,"label_cause","U042","resp_copd"
2003,"label_cause","U042","resp_copd"
2000,"label_cause","E112","t2_dm"
2001,"label_cause","E112","t2_dm"
2002,"label_cause","E112","t2_dm"
2003,"label_cause","E112","t2_dm"
2000,"label_cause","I203","cvd_ihd"
2001,"label_cause","I203","cvd_ihd"
2002,"label_cause","I203","cvd_ihd"
2003,"label_cause","I203","cvd_ihd"
2000,"label_cause","I213","cvd_ihd"
2001,"label_cause","I213","cvd_ihd"
2002,"label_cause","I213","cvd_ihd"
2003,"label_cause","I213","cvd_ihd"
2000,"label_cause","I223","cvd_ihd"
2001,"label_cause","I223","cvd_ihd"
2002,"label_cause","I223","cvd_ihd"
2003,"label_cause","I223","cvd_ihd"
2000,"label_cause","I233","cvd_ihd"
2001,"label_cause","I233","cvd_ihd"
2002,"label_cause","I233","cvd_ihd"
2003,"label_cause","I233","cvd_ihd"
2000,"label_cause","I243","cvd_ihd"
2001,"label_cause","I243","cvd_ihd"
2002,"label_cause","I243","cvd_ihd"
2003,"label_cause","I243","cvd_ihd"
2000,"label_cause","I253","cvd_ihd"
2001,"label_cause","I253","cvd_ihd"
2002,"label_cause","I253","cvd_ihd"
2003,"label_cause","I253","cvd_ihd"
2000,"label_cause","G453","cvd_stroke"
2001,"label_cause","G453","cvd_stroke"
2002,"label_cause","G453","cvd_stroke"
2003,"label_cause","G453","cvd_stroke"
2000,"label_cause","G463","cvd_stroke"
2001,"label_cause","G463","cvd_stroke"
2002,"label_cause","G463","cvd_stroke"
2003,"label_cause","G463","cvd_stroke"
2000,"label_cause","I613","cvd_stroke"
2001,"label_cause","I613","cvd_stroke"
2002,"label_cause","I613","cvd_stroke"
2003,"label_cause","I613","cvd_stroke"
2000,"label_cause","I623","cvd_stroke"
2001,"label_cause","I623","cvd_stroke"
2002,"label_cause","I623","cvd_stroke"
2003,"label_cause","I623","cvd_stroke"
2000,"label_cause","I633","cvd_stroke"
2001,"label_cause","I633","cvd_stroke"
2002,"label_cause","I633","cvd_stroke"
2003,"label_cause","I633","cvd_stroke"
2000,"label_cause","I653","cvd_stroke"
2001,"label_cause","I653","cvd_stroke"
2002,"label_cause","I653","cvd_stroke"
2003,"label_cause","I653","cvd_stroke"
2000,"label_cause","I663","cvd_stroke"
2001,"label_cause","I663","cvd_stroke"
2002,"label_cause","I663","cvd_stroke"
2003,"label_cause","I663","cvd_stroke"
2000,"label_cause","I673","cvd_stroke"
2001,"label_cause","I673","cvd_stroke"
2002,"label_cause","I673","cvd_stroke"
2003,"label_cause","I673","cvd_stroke"
2000,"label_cause","I683","cvd_stroke"
2001,"label_cause","I683","cvd_stroke"
2002,"label_cause","I683","cvd_stroke"
2003,"label_cause","I683","cvd_stroke"
2000,"label_cause","I693","cvd_stroke"
2001,"label_cause","I693","cvd_stroke"
2002,"label_cause","I693","cvd_stroke"
2003,"label_cause","I693","cvd_stroke"
2000,"label_cause","C333","neo_lung"
2001,"label_cause","C333","neo_lung"
2002,"label_cause","C333","neo_lung"
2003,"label_cause","C333","neo_lung"
2000,"label_cause","C343","neo_lung"
2001,"label_cause","C343","neo_lung"
2002,"label_cause","C343","neo_lung"
2003,"label_cause","C343","neo_lung"
2000,"label_cause","D023","neo_lung"
2001,"label_cause","D023","neo_lung"
2002,"label_cause","D023","neo_lung"
2003,"label_cause","D023","neo_lung"
2000,"label_cause","D143","neo_lung"
2001,"label_cause","D143","neo_lung"
2002,"label_cause","D143","neo_lung"
2003,"label_cause","D143","neo_lung"
2000,"label_cause","D383","neo_lung"
2001,"label_cause","D383","neo_lung"
2002,"label_cause","D383","neo_lung"
2003,"label_cause","D383","neo_lung"
2000,"label_cause","J413","resp_copd"
2001,"label_cause","J413","resp_copd"
2002,"label_cause","J413","resp_copd"
2003,"label_cause","J413","resp_copd"
2000,"label_cause","J423","resp_copd"
2001,"label_cause","J423","resp_copd"
2002,"label_cause","J423","resp_copd"
2003,"label_cause","J423","resp_copd"
2000,"label_cause","J433","resp_copd"
2001,"label_cause","J433","resp_copd"
2002,"label_cause","J433","resp_copd"
2003,"label_cause","J433","resp_copd"
2000,"label_cause","J443","resp_copd"
2001,"label_cause","J443","resp_copd"
2002,"label_cause","J443","resp_copd"
2003,"label_cause","J443","resp_copd"
2000,"label_cause","A483","resp_copd"
2001,"label_cause","A483","resp_copd"
2002,"label_cause","A483","resp_copd"
2003,"label_cause","A483","resp_copd"
2000,"label_cause","A703","resp_copd"
2001,"label_cause","A703","resp_copd"
2002,"label_cause","A703","resp_copd"
2003,"label_cause","A703","resp_copd"
2000,"label_cause","B973","resp_copd"
2001,"label_cause","B973","resp_copd"
2002,"label_cause","B973","resp_copd"
2003,"label_cause","B973","resp_copd"
2000,"label_cause","J093","resp_copd"
2001,"label_cause","J093","resp_copd"
2002,"label_cause","J093","resp_copd"
2003,"label_cause","J093","resp_copd"
2000,"label_cause","J103","resp_copd"
2001,"label_cause","J103","resp_copd"
2002,"label_cause","J103","resp_copd"
2003,"label_cause","J103","resp_copd"
2000,"label_cause","J113","resp_copd"
2001,"label_cause","J113","resp_copd"
2002,"label_cause","J113","resp_copd"
2003,"label_cause","J113","resp_copd"
2000,"label_cause","J123","resp_copd"
2001,"label_cause","J123","resp_copd"
2002,"label_cause","J123","resp_copd"
2003,"label_cause","J123","resp_copd"
2000,"label_cause","J133","resp_copd"
2001,"label_cause","J133","resp_copd"
2002,"label_cause","J133","resp_copd"
2003,"label_cause","J133","resp_copd"
2000,"label_cause","J143","resp_copd"
2001,"label_cause","J143","resp_copd"
2002,"label_cause","J143","resp_copd"
2003,"label_cause","J143","resp_copd"
2000,"label_cause","J153","resp_copd"
2001,"label_cause","J153","resp_copd"
2002,"label_cause","J153","resp_copd"
2003,"label_cause","J153","resp_copd"
2000,"label_cause","J163","resp_copd"
2001,"label_cause","J163","resp_copd"
2002,"label_cause","J163","resp_copd"
2003,"label_cause","J163","resp_copd"
2000,"label_cause","J203","resp_copd"
2001,"label_cause","J203","resp_copd"
2002,"label_cause","J203","resp_copd"
2003,"label_cause","J203","resp_copd"
2000,"label_cause","J213","resp_copd"
2001,"label_cause","J213","resp_copd"
2002,"label_cause","J213","resp_copd"
2003,"label_cause","J213","resp_copd"
2000,"label_cause","P233","resp_copd"
2001,"label_cause","P233","resp_copd"
2002,"label_cause","P233","resp_copd"
2003,"label_cause","P233","resp_copd"
2000,"label_cause","U043","resp_copd"
2001,"label_cause","U043","resp_copd"
2002,"label_cause","U043","resp_copd"
2003,"label_cause","U043","resp_copd"
2000,"label_cause","E113","t2_dm"
2001,"label_cause","E113","t2_dm"
2002,"label_cause","E113","t2_dm"
2003,"label_cause","E113","t2_dm"
2000,"label_cause","I204","cvd_ihd"
2001,"label_cause","I204","cvd_ihd"
2002,"label_cause","I204","cvd_ihd"
2003,"label_cause","I204","cvd_ihd"
2000,"label_cause","I214","cvd_ihd"
2001,"label_cause","I214","cvd_ihd"
2002,"label_cause","I214","cvd_ihd"
2003,"label_cause","I214","cvd_ihd"
2000,"label_cause","I224","cvd_ihd"
2001,"label_cause","I224","cvd_ihd"
2002,"label_cause","I224","cvd_ihd"
2003,"label_cause","I224","cvd_ihd"
2000,"label_cause","I234","cvd_ihd"
2001,"label_cause","I234","cvd_ihd"
2002,"label_cause","I234","cvd_ihd"
2003,"label_cause","I234","cvd_ihd"
2000,"label_cause","I244","cvd_ihd"
2001,"label_cause","I244","cvd_ihd"
2002,"label_cause","I244","cvd_ihd"
2003,"label_cause","I244","cvd_ihd"
2000,"label_cause","I254","cvd_ihd"
2001,"label_cause","I254","cvd_ihd"
2002,"label_cause","I254","cvd_ihd"
2003,"label_cause","I254","cvd_ihd"
2000,"label_cause","G454","cvd_stroke"
2001,"label_cause","G454","cvd_stroke"
2002,"label_cause","G454","cvd_stroke"
2003,"label_cause","G454","cvd_stroke"
2000,"label_cause","G464","cvd_stroke"
2001,"label_cause","G464","cvd_stroke"
2002,"label_cause","G464","cvd_stroke"
2003,"label_cause","G464","cvd_stroke"
2000,"label_cause","I614","cvd_stroke"
2001,"label_cause","I614","cvd_stroke"
2002,"label_cause","I614","cvd_stroke"
2003,"label_cause","I614","cvd_stroke"
2000,"label_cause","I624","cvd_stroke"
2001,"label_cause","I624","cvd_stroke"
2002,"label_cause","I624","cvd_stroke"
2003,"label_cause","I624","cvd_stroke"
2000,"label_cause","I634","cvd_stroke"
2001,"label_cause","I634","cvd_stroke"
2002,"label_cause","I634","cvd_stroke"
2003,"label_cause","I634","cvd_stroke"
2000,"label_cause","I654","cvd_stroke"
2001,"label_cause","I654","cvd_stroke"
2002,"label_cause","I654","cvd_stroke"
2003,"label_cause","I654","cvd_stroke"
2000,"label_cause","I664","cvd_stroke"
2001,"label_cause","I664","cvd_stroke"
2002,"label_cause","I664","cvd_stroke"
2003,"label_cause","I664","cvd_stroke"
2000,"label_cause","I674","cvd_stroke"
2001,"label_cause","I674","cvd_stroke"
2002,"label_cause","I674","cvd_stroke"
2003,"label_cause","I674","cvd_stroke"
2000,"label_cause","I684","cvd_stroke"
2001,"label_cause","I684","cvd_stroke"
2002,"label_cause","I684","cvd_stroke"
2003,"label_cause","I684","cvd_stroke"
2000,"label_cause","I694","cvd_stroke"
2001,"label_cause","I694","cvd_stroke"
2002,"label_cause","I694","cvd_stroke"
2003,"label_cause","I694","cvd_stroke"
2000,"label_cause","C334","neo_lung"
2001,"label_cause","C334","neo_lung"
2002,"label_cause","C334","neo_lung"
2003,"label_cause","C334","neo_lung"
2000,"label_cause","C344","neo_lung"
2001,"label_cause","C344","neo_lung"
2002,"label_cause","C344","neo_lung"
2003,"label_cause","C344","neo_lung"
2000,"label_cause","D024","neo_lung"
2001,"label_cause","D024","neo_lung"
2002,"label_cause","D024","neo_lung"
2003,"label_cause","D024","neo_lung"
2000,"label_cause","D144","neo_lung"
2001,"label_cause","D144","neo_lung"
2002,"label_cause","D144","neo_lung"
2003,"label_cause","D144","neo_lung"
2000,"label_cause","D384","neo_lung"
2001,"label_cause","D384","neo_lung"
2002,"label_cause","D384","neo_lung"
2003,"label_cause","D384","neo_lung"
2000,"label_cause","J414","resp_copd"
2001,"label_cause","J414","resp_copd"
2002,"label_cause","J414","resp_copd"
2003,"label_cause","J414","resp_copd"
2000,"label_cause","J424","resp_copd"
2001,"label_cause","J424","resp_copd"
2002,"label_cause","J424","resp_copd"
2003,"label_cause","J424","resp_copd"
2000,"label_cause","J434","resp_copd"
2001,"label_cause","J434","resp_copd"
2002,"label_cause","J434","resp_copd"
2003,"label_cause","J434","resp_copd"
2000,"label_cause","J444","resp_copd"
2001,"label_cause","J444","resp_copd"
2002,"label_cause","J444","resp_copd"
2003,"label_cause","J444","resp_copd"
2000,"label_cause","A484","resp_copd"
2001,"label_cause","A484","resp_copd"
2002,"label_cause","A484","resp_copd"
2003,"label_cause","A484","resp_copd"
2000,"label_cause","A704","resp_copd"
2001,"label_cause","A704","resp_copd"
2002,"label_cause","A704","resp_copd"
2003,"label_cause","A704","resp_copd"
2000,"label_cause","B974","resp_copd"
2001,"label_cause","B974","resp_copd"
2002,"label_cause","B974","resp_copd"
2003,"label_cause","B974","resp_copd"
2000,"label_cause","J094","resp_copd"
2001,"label_cause","J094","resp_copd"
2002,"label_cause","J094","resp_copd"
2003,"label_cause","J094","resp_copd"
2000,"label_cause","J104","resp_copd"
2001,"label_cause","J104","resp_copd"
2002,"label_cause","J104","resp_copd"
2003,"label_cause","J104","resp_copd"
2000,"label_cause","J114","resp_copd"
2001,"label_cause","J114","resp_copd"
2002,"label_cause","J114","resp_copd"
2003,"label_cause","J114","resp_copd"
2000,"label_cause","J124","resp_copd"
2001,"label_cause","J124","resp_copd"
2002,"label_cause","J124","resp_copd"
2003,"label_cause","J124","resp_copd"
2000,"label_cause","J134","resp_copd"
2001,"label_cause","J134","resp_copd"
2002,"label_cause","J134","resp_copd"
2003,"label_cause","J134","resp_copd"
2000,"label_cause","J144","resp_copd"
2001,"label_cause","J144","resp_copd"
2002,"label_cause","J144","resp_copd"
2003,"label_cause","J144","resp_copd"
2000,"label_cause","J154","resp_copd"
2001,"label_cause","J154","resp_copd"
2002,"label_cause","J154","resp_copd"
2003,"label_cause","J154","resp_copd"
2000,"label_cause","J164","resp_copd"
2001,"label_cause","J164","resp_copd"
2002,"label_cause","J164","resp_copd"
2003,"label_cause","J164","resp_copd"
2000,"label_cause","J204","resp_copd"
2001,"label_cause","J204","resp_copd"
2002,"label_cause","J204","resp_copd"
2003,"label_cause","J204","resp_copd"
2000,"label_cause","J214","resp_copd"
2001,"label_cause","J214","resp_copd"
2002,"label_cause","J214","resp_copd"
2003,"label_cause","J214","resp_copd"
2000,"label_cause","P234","resp_copd"
2001,"label_cause","P234","resp_copd"
2002,"label_cause","P234","resp_copd"
2003,"label_cause","P234","resp_copd"
2000,"label_cause","U044","resp_copd"
2001,"label_cause","U044","resp_copd"
2002,"label_cause","U044","resp_copd"
2003,"label_cause","U044","resp_copd"
2000,"label_cause","E114","t2_dm"
2001,"label_cause","E114","t2_dm"
2002,"label_cause","E114","t2_dm"
2003,"label_cause","E114","t2_dm"
2000,"label_cause","I205","cvd_ihd"
2001,"label_cause","I205","cvd_ihd"
2002,"label_cause","I205","cvd_ihd"
2003,"label_cause","I205","cvd_ihd"
2000,"label_cause","I215","cvd_ihd"
2001,"label_cause","I215","cvd_ihd"
2002,"label_cause","I215","cvd_ihd"
2003,"label_cause","I215","cvd_ihd"
2000,"label_cause","I225","cvd_ihd"
2001,"label_cause","I225","cvd_ihd"
2002,"label_cause","I225","cvd_ihd"
2003,"label_cause","I225","cvd_ihd"
2000,"label_cause","I235","cvd_ihd"
2001,"label_cause","I235","cvd_ihd"
2002,"label_cause","I235","cvd_ihd"
2003,"label_cause","I235","cvd_ihd"
2000,"label_cause","I245","cvd_ihd"
2001,"label_cause","I245","cvd_ihd"
2002,"label_cause","I245","cvd_ihd"
2003,"label_cause","I245","cvd_ihd"
2000,"label_cause","I255","cvd_ihd"
2001,"label_cause","I255","cvd_ihd"
2002,"label_cause","I255","cvd_ihd"
2003,"label_cause","I255","cvd_ihd"
2000,"label_cause","G455","cvd_stroke"
2001,"label_cause","G455","cvd_stroke"
2002,"label_cause","G455","cvd_stroke"
2003,"label_cause","G455","cvd_stroke"
2000,"label_cause","G465","cvd_stroke"
2001,"label_cause","G465","cvd_stroke"
2002,"label_cause","G465","cvd_stroke"
2003,"label_cause","G465","cvd_stroke"
2000,"label_cause","I615","cvd_stroke"
2001,"label_cause","I615","cvd_stroke"
2002,"label_cause","I615","cvd_stroke"
2003,"label_cause","I615","cvd_stroke"
2000,"label_cause","I625","cvd_stroke"
2001,"label_cause","I625","cvd_stroke"
2002,"label_cause","I625","cvd_stroke"
2003,"label_cause","I625","cvd_stroke"
2000,"label_cause","I635","cvd_stroke"
2001,"label_cause","I635","cvd_stroke"
2002,"label_cause","I635","cvd_stroke"
2003,"label_cause","I635","cvd_stroke"
2000,"label_cause","I655","cvd_stroke"
2001,"label_cause","I655","cvd_stroke"
2002,"label_cause","I655","cvd_stroke"
2003,"label_cause","I655","cvd_stroke"
2000,"label_cause","I665","cvd_stroke"
2001,"label_cause","I665","cvd_stroke"
2002,"label_cause","I665","cvd_stroke"
2003,"label_cause","I665","cvd_stroke"
2000,"label_cause","I675","cvd_stroke"
2001,"label_cause","I675","cvd_stroke"
2002,"label_cause","I675","cvd_stroke"
2003,"label_cause","I675","cvd_stroke"
2000,"label_cause","I685","cvd_stroke"
2001,"label_cause","I685","cvd_stroke"
2002,"label_cause","I685","cvd_stroke"
2003,"label_cause","I685","cvd_stroke"
2000,"label_cause","I695","cvd_stroke"
2001,"label_cause","I695","cvd_stroke"
2002,"label_cause","I695","cvd_stroke"
2003,"label_cause","I695","cvd_stroke"
2000,"label_cause","C335","neo_lung"
2001,"label_cause","C335","neo_lung"
2002,"label_cause","C335","neo_lung"
2003,"label_cause","C335","neo_lung"
2000,"label_cause","C345","neo_lung"
2001,"label_cause","C345","neo_lung"
2002,"label_cause","C345","neo_lung"
2003,"label_cause","C345","neo_lung"
2000,"label_cause","D025","neo_lung"
2001,"label_cause","D025","neo_lung"
2002,"label_cause","D025","neo_lung"
2003,"label_cause","D025","neo_lung"
2000,"label_cause","D145","neo_lung"
2001,"label_cause","D145","neo_lung"
2002,"label_cause","D145","neo_lung"
2003,"label_cause","D145","neo_lung"
2000,"label_cause","D385","neo_lung"
2001,"label_cause","D385","neo_lung"
2002,"label_cause","D385","neo_lung"
2003,"label_cause","D385","neo_lung"
2000,"label_cause","J415","resp_copd"
2001,"label_cause","J415","resp_copd"
2002,"label_cause","J415","resp_copd"
2003,"label_cause","J415","resp_copd"
2000,"label_cause","J425","resp_copd"
2001,"label_cause","J425","resp_copd"
2002,"label_cause","J425","resp_copd"
2003,"label_cause","J425","resp_copd"
2000,"label_cause","J435","resp_copd"
2001,"label_cause","J435","resp_copd"
2002,"label_cause","J435","resp_copd"
2003,"label_cause","J435","resp_copd"
2000,"label_cause","J445","resp_copd"
2001,"label_cause","J445","resp_copd"
2002,"label_cause","J445","resp_copd"
2003,"label_cause","J445","resp_copd"
2000,"label_cause","A485","resp_copd"
2001,"label_cause","A485","resp_copd"
2002,"label_cause","A485","resp_copd"
2003,"label_cause","A485","resp_copd"
2000,"label_cause","A705","resp_copd"
2001,"label_cause","A705","resp_copd"
2002,"label_cause","A705","resp_copd"
2003,"label_cause","A705","resp_copd"
2000,"label_cause","B975","resp_copd"
2001,"label_cause","B975","resp_copd"
2002,"label_cause","B975","resp_copd"
2003,"label_cause","B975","resp_copd"
2000,"label_cause","J095","resp_copd"
2001,"label_cause","J095","resp_copd"
2002,"label_cause","J095","resp_copd"
2003,"label_cause","J095","resp_copd"
2000,"label_cause","J105","resp_copd"
2001,"label_cause","J105","resp_copd"
2002,"label_cause","J105","resp_copd"
2003,"label_cause","J105","resp_copd"
2000,"label_cause","J115","resp_copd"
2001,"label_cause","J115","resp_copd"
2002,"label_cause","J115","resp_copd"
2003,"label_cause","J115","resp_copd"
2000,"label_cause","J125","resp_copd"
2001,"label_cause","J125","resp_copd"
2002,"label_cause","J125","resp_copd"
2003,"label_cause","J125","resp_copd"
2000,"label_cause","J135","resp_copd"
2001,"label_cause","J135","resp_copd"
2002,"label_cause","J135","resp_copd"
2003,"label_cause","J135","resp_copd"
2000,"label_cause","J145","resp_copd"
2001,"label_cause","J145","resp_copd"
2002,"label_cause","J145","resp_copd"
2003,"label_cause","J145","resp_copd"
2000,"label_cause","J155","resp_copd"
2001,"label_cause","J155","resp_copd"
2002,"label_cause","J155","resp_copd"
2003,"label_cause","J155","resp_copd"
2000,"label_cause","J165","resp_copd"
2001,"label_cause","J165","resp_copd"
2002,"label_cause","J165","resp_copd"
2003,"label_cause","J165","resp_copd"
2000,"label_cause","J205","resp_copd"
2001,"label_cause","J205","resp_copd"
2002,"label_cause","J205","resp_copd"
2003,"label_cause","J205","resp_copd"
2000,"label_cause","J215","resp_copd"
2001,"label_cause","J215","resp_copd"
2002,"label_cause","J215","resp_copd"
2003,"label_cause","J215","resp_copd"
2000,"label_cause","P235","resp_copd"
2001,"label_cause","P235","resp_copd"
2002,"label_cause","P235","resp_copd"
2003,"label_cause","P235","resp_copd"
2000,"label_cause","U045","resp_copd"
2001,"label_cause","U045","resp_copd"
2002,"label_cause","U045","resp_copd"
2003,"label_cause","U045","resp_copd"
2000,"label_cause","E115","t2_dm"
2001,"label_cause","E115","t2_dm"
2002,"label_cause","E115","t2_dm"
2003,"label_cause","E115","t2_dm"
2000,"label_cause","I206","cvd_ihd"
2001,"label_cause","I206","cvd_ihd"
2002,"label_cause","I206","cvd_ihd"
2003,"label_cause","I206","cvd_ihd"
2000,"label_cause","I216","cvd_ihd"
2001,"label_cause","I216","cvd_ihd"
2002,"label_cause","I216","cvd_ihd"
2003,"label_cause","I216","cvd_ihd"
2000,"label_cause","I226","cvd_ihd"
2001,"label_cause","I226","cvd_ihd"
2002,"label_cause","I226","cvd_ihd"
2003,"label_cause","I226","cvd_ihd"
2000,"label_cause","I236","cvd_ihd"
2001,"label_cause","I236","cvd_ihd"
2002,"label_cause","I236","cvd_ihd"
2003,"label_cause","I236","cvd_ihd"
2000,"label_cause","I246","cvd_ihd"
2001,"label_cause","I246","cvd_ihd"
2002,"label_cause","I246","cvd_ihd"
2003,"label_cause","I246","cvd_ihd"
2000,"label_cause","I256","cvd_ihd"
2001,"label_cause","I256","cvd_ihd"
2002,"label_cause","I256","cvd_ihd"
2003,"label_cause","I256","cvd_ihd"
2000,"label_cause","G456","cvd_stroke"
2001,"label_cause","G456","cvd_stroke"
2002,"label_cause","G456","cvd_stroke"
2003,"label_cause","G456","cvd_stroke"
2000,"label_cause","G466","cvd_stroke"
2001,"label_cause","G466","cvd_stroke"
2002,"label_cause","G466","cvd_stroke"
2003,"label_cause","G466","cvd_stroke"
2000,"label_cause","I616","cvd_stroke"
2001,"label_cause","I616","cvd_stroke"
2002,"label_cause","I616","cvd_stroke"
2003,"label_cause","I616","cvd_stroke"
2000,"label_cause","I626","cvd_stroke"
2001,"label_cause","I626","cvd_stroke"
2002,"label_cause","I626","cvd_stroke"
2003,"label_cause","I626","cvd_stroke"
2000,"label_cause","I636","cvd_stroke"
2001,"label_cause","I636","cvd_stroke"
2002,"label_cause","I636","cvd_stroke"
2003,"label_cause","I636","cvd_stroke"
2000,"label_cause","I656","cvd_stroke"
2001,"label_cause","I656","cvd_stroke"
2002,"label_cause","I656","cvd_stroke"
2003,"label_cause","I656","cvd_stroke"
2000,"label_cause","I666","cvd_stroke"
2001,"label_cause","I666","cvd_stroke"
2002,"label_cause","I666","cvd_stroke"
2003,"label_cause","I666","cvd_stroke"
2000,"label_cause","I676","cvd_stroke"
2001,"label_cause","I676","cvd_stroke"
2002,"label_cause","I676","cvd_stroke"
2003,"label_cause","I676","cvd_stroke"
2000,"label_cause","I686","cvd_stroke"
2001,"label_cause","I686","cvd_stroke"
2002,"label_cause","I686","cvd_stroke"
2003,"label_cause","I686","cvd_stroke"
2000,"label_cause","I696","cvd_stroke"
2001,"label_cause","I696","cvd_stroke"
2002,"label_cause","I696","cvd_stroke"
2003,"label_cause","I696","cvd_stroke"
2000,"label_cause","C336","neo_lung"
2001,"label_cause","C336","neo_lung"
2002,"label_cause","C336","neo_lung"
2003,"label_cause","C336","neo_lung"
2000,"label_cause","C346","neo_lung"
2001,"label_cause","C346","neo_lung"
2002,"label_cause","C346","neo_lung"
2003,"label_cause","C346","neo_lung"
2000,"label_cause","D026","neo_lung"
2001,"label_cause","D026","neo_lung"
2002,"label_cause","D026","neo_lung"
2003,"label_cause","D026","neo_lung"
2000,"label_cause","D146","neo_lung"
2001,"label_cause","D146","neo_lung"
2002,"label_cause","D146","neo_lung"
2003,"label_cause","D146","neo_lung"
2000,"label_cause","D386","neo_lung"
2001,"label_cause","D386","neo_lung"
2002,"label_cause","D386","neo_lung"
2003,"label_cause","D386","neo_lung"
2000,"label_cause","J416","resp_copd"
2001,"label_cause","J416","resp_copd"
2002,"label_cause","J416","resp_copd"
2003,"label_cause","J416","resp_copd"
2000,"label_cause","J426","resp_copd"
2001,"label_cause","J426","resp_copd"
2002,"label_cause","J426","resp_copd"
2003,"label_cause","J426","resp_copd"
2000,"label_cause","J436","resp_copd"
2001,"label_cause","J436","resp_copd"
2002,"label_cause","J436","resp_copd"
2003,"label_cause","J436","resp_copd"
2000,"label_cause","J446","resp_copd"
2001,"label_cause","J446","resp_copd"
2002,"label_cause","J446","resp_copd"
2003,"label_cause","J446","resp_copd"
2000,"label_cause","A486","resp_copd"
2001,"label_cause","A486","resp_copd"
2002,"label_cause","A486","resp_copd"
2003,"label_cause","A486","resp_copd"
2000,"label_cause","A706","resp_copd"
2001,"label_cause","A706","resp_copd"
2002,"label_cause","A706","resp_copd"
2003,"label_cause","A706","resp_copd"
2000,"label_cause","B976","resp_copd"
2001,"label_cause","B976","resp_copd"
2002,"label_cause","B976","resp_copd"
2003,"label_cause","B976","resp_copd"
2000,"label_cause","J096","resp_copd"
2001,"label_cause","J096","resp_copd"
2002,"label_cause","J096","resp_copd"
2003,"label_cause","J096","resp_copd"
2000,"label_cause","J106","resp_copd"
2001,"label_cause","J106","resp_copd"
2002,"label_cause","J106","resp_copd"
2003,"label_cause","J106","resp_copd"
2000,"label_cause","J116","resp_copd"
2001,"label_cause","J116","resp_copd"
2002,"label_cause","J116","resp_copd"
2003,"label_cause","J116","resp_copd"
2000,"label_cause","J126","resp_copd"
2001,"label_cause","J126","resp_copd"
2002,"label_cause","J126","resp_copd"
2003,"label_cause","J126","resp_copd"
2000,"label_cause","J136","resp_copd"
2001,"label_cause","J136","resp_copd"
2002,"label_cause","J136","resp_copd"
2003,"label_cause","J136","resp_copd"
2000,"label_cause","J146","resp_copd"
2001,"label_cause","J146","resp_copd"
2002,"label_cause","J146","resp_copd"
2003,"label_cause","J146","resp_copd"
2000,"label_cause","J156","resp_copd"
2001,"label_cause","J156","resp_copd"
2002,"label_cause","J156","resp_copd"
2003,"label_cause","J156","resp_copd"
2000,"label_cause","J166","resp_copd"
2001,"label_cause","J166","resp_copd"
2002,"label_cause","J166","resp_copd"
2003,"label_cause","J166","resp_copd"
2000,"label_cause","J206","resp_copd"
2001,"label_cause","J206","resp_copd"
2002,"label_cause","J206","resp_copd"
2003,"label_cause","J206","resp_copd"
2000,"label_cause","J216","resp_copd"
2001,"label_cause","J216","resp_copd"
2002,"label_cause","J216","resp_copd"
2003,"label_cause","J216","resp_copd"
2000,"label_cause","P236","resp_copd"
2001,"label_cause","P236","resp_copd"
2002,"label_cause","P236","resp_copd"
2003,"label_cause","P236","resp_copd"
2000,"label_cause","U046","resp_copd"
2001,"label_cause","U046","resp_copd"
2002,"label_cause","U046","resp_copd"
2003,"label_cause","U046","resp_copd"
2000,"label_cause","E116","t2_dm"
2001,"label_cause","E116","t2_dm"
2002,"label_cause","E116","t2_dm"
2003,"label_cause","E116","t2_dm"
2000,"label_cause","I207","cvd_ihd"
2001,"label_cause","I207","cvd_ihd"
2002,"label_cause","I207","cvd_ihd"
2003,"label_cause","I207","cvd_ihd"
2000,"label_cause","I217","cvd_ihd"
2001,"label_cause","I217","cvd_ihd"
2002,"label_cause","I217","cvd_ihd"
2003,"label_cause","I217","cvd_ihd"
2000,"label_cause","I227","cvd_ihd"
2001,"label_cause","I227","cvd_ihd"
2002,"label_cause","I227","cvd_ihd"
2003,"label_cause","I227","cvd_ihd"
2000,"label_cause","I237","cvd_ihd"
2001,"label_cause","I237","cvd_ihd"
2002,"label_cause","I237","cvd_ihd"
2003,"label_cause","I237","cvd_ihd"
2000,"label_cause","I247","cvd_ihd"
2001,"label_cause","I247","cvd_ihd"
2002,"label_cause","I247","cvd_ihd"
2003,"label_cause","I247","cvd_ihd"
2000,"label_cause","I257","cvd_ihd"
2001,"label_cause","I257","cvd_ihd"
2002,"label_cause","I257","cvd_ihd"
2003,"label_cause","I257","cvd_ihd"
2000,"label_cause","G457","cvd_stroke"
2001,"label_cause","G457","cvd_stroke"
2002,"label_cause","G457","cvd_stroke"
2003,"label_cause","G457","cvd_stroke"
2000,"label_cause","G467","cvd_stroke"
2001,"label_cause","G467","cvd_stroke"
2002,"label_cause","G467","cvd_stroke"
2003,"label_cause","G467","cvd_stroke"
2000,"label_cause","I617","cvd_stroke"
2001,"label_cause","I617","cvd_stroke"
2002,"label_cause","I617","cvd_stroke"
2003,"label_cause","I617","cvd_stroke"
2000,"label_cause","I627","cvd_stroke"
2001,"label_cause","I627","cvd_stroke"
2002,"label_cause","I627","cvd_stroke"
2003,"label_cause","I627","cvd_stroke"
2000,"label_cause","I637","cvd_stroke"
2001,"label_cause","I637","cvd_stroke"
2002,"label_cause","I637","cvd_stroke"
2003,"label_cause","I637","cvd_stroke"
2000,"label_cause","I657","cvd_stroke"
2001,"label_cause","I657","cvd_stroke"
2002,"label_cause","I657","cvd_stroke"
2003,"label_cause","I657","cvd_stroke"
2000,"label_cause","I667","cvd_stroke"
2001,"label_cause","I667","cvd_stroke"
2002,"label_cause","I667","cvd_stroke"
2003,"label_cause","I667","cvd_stroke"
2000,"label_cause","I677","cvd_stroke"
2001,"label_cause","I677","cvd_stroke"
2002,"label_cause","I677","cvd_stroke"
2003,"label_cause","I677","cvd_stroke"
2000,"label_cause","I687","cvd_stroke"
2001,"label_cause","I687","cvd_stroke"
2002,"label_cause","I687","cvd_stroke"
2003,"label_cause","I687","cvd_stroke"
2000,"label_cause","I697","cvd_stroke"
2001,"label_cause","I697","cvd_stroke"
2002,"label_cause","I697","cvd_stroke"
2003,"label_cause","I697","cvd_stroke"
2000,"label_cause","C337","neo_lung"
2001,"label_cause","C337","neo_lung"
2002,"label_cause","C337","neo_lung"
2003,"label_cause","C337","neo_lung"
2000,"label_cause","C347","neo_lung"
2001,"label_cause","C347","neo_lung"
2002,"label_cause","C347","neo_lung"
2003,"label_cause","C347","neo_lung"
2000,"label_cause","D027","neo_lung"
2001,"label_cause","D027","neo_lung"
2002,"label_cause","D027","neo_lung"
2003,"label_cause","D027","neo_lung"
2000,"label_cause","D147","neo_lung"
2001,"label_cause","D147","neo_lung"
2002,"label_cause","D147","neo_lung"
2003,"label_cause","D147","neo_lung"
2000,"label_cause","D387","neo_lung"
2001,"label_cause","D387","neo_lung"
2002,"label_cause","D387","neo_lung"
2003,"label_cause","D387","neo_lung"
2000,"label_cause","J417","resp_copd"
2001,"label_cause","J417","resp_copd"
2002,"label_cause","J417","resp_copd"
2003,"label_cause","J417","resp_copd"
2000,"label_cause","J427","resp_copd"
2001,"label_cause","J427","resp_copd"
2002,"label_cause","J427","resp_copd"
2003,"label_cause","J427","resp_copd"
2000,"label_cause","J437","resp_copd"
2001,"label_cause","J437","resp_copd"
2002,"label_cause","J437","resp_copd"
2003,"label_cause","J437","resp_copd"
2000,"label_cause","J447","resp_copd"
2001,"label_cause","J447","resp_copd"
2002,"label_cause","J447","resp_copd"
2003,"label_cause","J447","resp_copd"
2000,"label_cause","A487","resp_copd"
2001,"label_cause","A487","resp_copd"
2002,"label_cause","A487","resp_copd"
2003,"label_cause","A487","resp_copd"
2000,"label_cause","A707","resp_copd"
2001,"label_cause","A707","resp_copd"
2002,"label_cause","A707","resp_copd"
2003,"label_cause","A707","resp_copd"
2000,"label_cause","B977","resp_copd"
2001,"label_cause","B977","resp_copd"
2002,"label_cause","B977","resp_copd"
2003,"label_cause","B977","resp_copd"
2000,"label_cause","J097","resp_copd"
2001,"label_cause","J097","resp_copd"
2002,"label_cause","J097","resp_copd"
2003,"label_cause","J097","resp_copd"
2000,"label_cause","J107","resp_copd"
2001,"label_cause","J107","resp_copd"
2002,"label_cause","J107","resp_copd"
2003,"label_cause","J107","resp_copd"
2000,"label_cause","J117","resp_copd"
2001,"label_cause","J117","resp_copd"
2002,"label_cause","J117","resp_copd"
2003,"label_cause","J117","resp_copd"
2000,"label_cause","J127","resp_copd"
2001,"label_cause","J127","resp_copd"
2002,"label_cause","J127","resp_copd"
2003,"label_cause","J127","resp_copd"
2000,"label_cause","J137","resp_copd"
2001,"label_cause","J137","resp_copd"
2002,"label_cause","J137","resp_copd"
2003,"label_cause","J137","resp_copd"
2000,"label_cause","J147","resp_copd"
2001,"label_cause","J147","resp_copd"
2002,"label_cause","J147","resp_copd"
2003,"label_cause","J147","resp_copd"
2000,"label_cause","J157","resp_copd"
2001,"label_cause","J157","resp_copd"
2002,"label_cause","J157","resp_copd"
2003,"label_cause","J157","resp_copd"
2000,"label_cause","J167","resp_copd"
2001,"label_cause","J167","resp_copd"
2002,"label_cause","J167","resp_copd"
2003,"label_cause","J167","resp_copd"
2000,"label_cause","J207","resp_copd"
2001,"label_cause","J207","resp_copd"
2002,"label_cause","J207","resp_copd"
2003,"label_cause","J207","resp_copd"
2000,"label_cause","J217","resp_copd"
2001,"label_cause","J217","resp_copd"
2002,"label_cause","J217","resp_copd"
2003,"label_cause","J217","resp_copd"
2000,"label_cause","P237","resp_copd"
2001,"label_cause","P237","resp_copd"
2002,"label_cause","P237","resp_copd"
2003,"label_cause","P237","resp_copd"
2000,"label_cause","U047","resp_copd"
2001,"label_cause","U047","resp_copd"
2002,"label_cause","U047","resp_copd"
2003,"label_cause","U047","resp_copd"
2000,"label_cause","E117","t2_dm"
2001,"label_cause","E117","t2_dm"
2002,"label_cause","E117","t2_dm"
2003,"label_cause","E117","t2_dm"
2000,"label_cause","I208","cvd_ihd"
2001,"label_cause","I208","cvd_ihd"
2002,"label_cause","I208","cvd_ihd"
2003,"label_cause","I208","cvd_ihd"
2000,"label_cause","I218","cvd_ihd"
2001,"label_cause","I218","cvd_ihd"
2002,"label_cause","I218","cvd_ihd"
2003,"label_cause","I218","cvd_ihd"
2000,"label_cause","I228","cvd_ihd"
2001,"label_cause","I228","cvd_ihd"
2002,"label_cause","I228","cvd_ihd"
2003,"label_cause","I228","cvd_ihd"
2000,"label_cause","I238","cvd_ihd"
2001,"label_cause","I238","cvd_ihd"
2002,"label_cause","I238","cvd_ihd"
2003,"label_cause","I238","cvd_ihd"
2000,"label_cause","I248","cvd_ihd"
2001,"label_cause","I248","cvd_ihd"
2002,"label_cause","I248","cvd_ihd"
2003,"label_cause","I248","cvd_ihd"
2000,"label_cause","I258","cvd_ihd"
2001,"label_cause","I258","cvd_ihd"
2002,"label_cause","I258","cvd_ihd"
2003,"label_cause","I258","cvd_ihd"
2000,"label_cause","G458","cvd_stroke"
2001,"label_cause","G458","cvd_stroke"
2002,"label_cause","G458","cvd_stroke"
2003,"label_cause","G458","cvd_stroke"
2000,"label_cause","G468","cvd_stroke"
2001,"label_cause","G468","cvd_stroke"
2002,"label_cause","G468","cvd_stroke"
2003,"label_cause","G468","cvd_stroke"
2000,"label_cause","I618","cvd_stroke"
2001,"label_cause","I618","cvd_stroke"
2002,"label_cause","I618","cvd_stroke"
2003,"label_cause","I618","cvd_stroke"
2000,"label_cause","I628","cvd_stroke"
2001,"label_cause","I628","cvd_stroke"
2002,"label_cause","I628","cvd_stroke"
2003,"label_cause","I628","cvd_stroke"
2000,"label_cause","I638","cvd_stroke"
2001,"label_cause","I638","cvd_stroke"
2002,"label_cause","I638","cvd_stroke"
2003,"label_cause","I638","cvd_stroke"
2000,"label_cause","I658","cvd_stroke"
2001,"label_cause","I658","cvd_stroke"
2002,"label_cause","I658","cvd_stroke"
2003,"label_cause","I658","cvd_stroke"
2000,"label_cause","I668","cvd_stroke"
2001,"label_cause","I668","cvd_stroke"
2002,"label_cause","I668","cvd_stroke"
2003,"label_cause","I668","cvd_stroke"
2000,"label_cause","I678","cvd_stroke"
2001,"label_cause","I678","cvd_stroke"
2002,"label_cause","I678","cvd_stroke"
2003,"label_cause","I678","cvd_stroke"
2000,"label_cause","I688","cvd_stroke"
2001,"label_cause","I688","cvd_stroke"
2002,"label_cause","I688","cvd_stroke"
2003,"label_cause","I688","cvd_stroke"
2000,"label_cause","I698","cvd_stroke"
2001,"label_cause","I698","cvd_stroke"
2002,"label_cause","I698","cvd_stroke"
2003,"label_cause","I698","cvd_stroke"
2000,"label_cause","C338","neo_lung"
2001,"label_cause","C338","neo_lung"
2002,"label_cause","C338","neo_lung"
2003,"label_cause","C338","neo_lung"
2000,"label_cause","C348","neo_lung"
2001,"label_cause","C348","neo_lung"
2002,"label_cause","C348","neo_lung"
2003,"label_cause","C348","neo_lung"
2000,"label_cause","D028","neo_lung"
2001,"label_cause","D028","neo_lung"
2002,"label_cause","D028","neo_lung"
2003,"label_cause","D028","neo_lung"
2000,"label_cause","D148","neo_lung"
2001,"label_cause","D148","neo_lung"
2002,"label_cause","D148","neo_lung"
2003,"label_cause","D148","neo_lung"
2000,"label_cause","D388","neo_lung"
2001,"label_cause","D388","neo_lung"
2002,"label_cause","D388","neo_lung"
2003,"label_cause","D388","neo_lung"
2000,"label_cause","J418","resp_copd"
2001,"label_cause","J418","resp_copd"
2002,"label_cause","J418","resp_copd"
2003,"label_cause","J418","resp_copd"
2000,"label_cause","J428","resp_copd"
2001,"label_cause","J428","resp_copd"
2002,"label_cause","J428","resp_copd"
2003,"label_cause","J428","resp_copd"
2000,"label_cause","J438","resp_copd"
2001,"label_cause","J438","resp_copd"
2002,"label_cause","J438","resp_copd"
2003,"label_cause","J438","resp_copd"
2000,"label_cause","J448","resp_copd"
2001,"label_cause","J448","resp_copd"
2002,"label_cause","J448","resp_copd"
2003,"label_cause","J448","resp_copd"
2000,"label_cause","A488","resp_copd"
2001,"label_cause","A488","resp_copd"
2002,"label_cause","A488","resp_copd"
2003,"label_cause","A488","resp_copd"
2000,"label_cause","A708","resp_copd"
2001,"label_cause","A708","resp_copd"
2002,"label_cause","A708","resp_copd"
2003,"label_cause","A708","resp_copd"
2000,"label_cause","B978","resp_copd"
2001,"label_cause","B978","resp_copd"
2002,"label_cause","B978","resp_copd"
2003,"label_cause","B978","resp_copd"
2000,"label_cause","J098","resp_copd"
2001,"label_cause","J098","resp_copd"
2002,"label_cause","J098","resp_copd"
2003,"label_cause","J098","resp_copd"
2000,"label_cause","J108","resp_copd"
2001,"label_cause","J108","resp_copd"
2002,"label_cause","J108","resp_copd"
2003,"label_cause","J108","resp_copd"
2000,"label_cause","J118","resp_copd"
2001,"label_cause","J118","resp_copd"
2002,"label_cause","J118","resp_copd"
2003,"label_cause","J118","resp_copd"
2000,"label_cause","J128","resp_copd"
2001,"label_cause","J128","resp_copd"
2002,"label_cause","J128","resp_copd"
2003,"label_cause","J128","resp_copd"
2000,"label_cause","J138","resp_copd"
2001,"label_cause","J138","resp_copd"
2002,"label_cause","J138","resp_copd"
2003,"label_cause","J138","resp_copd"
2000,"label_cause","J148","resp_copd"
2001,"label_cause","J148","resp_copd"
2002,"label_cause","J148","resp_copd"
2003,"label_cause","J148","resp_copd"
2000,"label_cause","J158","resp_copd"
2001,"label_cause","J158","resp_copd"
2002,"label_cause","J158","resp_copd"
2003,"label_cause","J158","resp_copd"
2000,"label_cause","J168","resp_copd"
2001,"label_cause","J168","resp_copd"
2002,"label_cause","J168","resp_copd"
2003,"label_cause","J168","resp_copd"
2000,"label_cause","J208","resp_copd"
2001,"label_cause","J208","resp_copd"
2002,"label_cause","J208","resp_copd"
2003,"label_cause","J208","resp_copd"
2000,"label_cause","J218","resp_copd"
2001,"label_cause","J218","resp_copd"
2002,"label_cause","J218","resp_copd"
2003,"label_cause","J218","resp_copd"
2000,"label_cause","P238","resp_copd"
2001,"label_cause","P238","resp_copd"
2002,"label_cause","P238","resp_copd"
2003,"label_cause","P238","resp_copd"
2000,"label_cause","U048","resp_copd"
2001,"label_cause","U048","resp_copd"
2002,"label_cause","U048","resp_copd"
2003,"label_cause","U048","resp_copd"
2000,"label_cause","E118","t2_dm"
2001,"label_cause","E118","t2_dm"
2002,"label_cause","E118","t2_dm"
2003,"label_cause","E118","t2_dm"
2000,"label_cause","I209","cvd_ihd"
2001,"label_cause","I209","cvd_ihd"
2002,"label_cause","I209","cvd_ihd"
2003,"label_cause","I209","cvd_ihd"
2000,"label_cause","I219","cvd_ihd"
2001,"label_cause","I219","cvd_ihd"
2002,"label_cause","I219","cvd_ihd"
2003,"label_cause","I219","cvd_ihd"
2000,"label_cause","I229","cvd_ihd"
2001,"label_cause","I229","cvd_ihd"
2002,"label_cause","I229","cvd_ihd"
2003,"label_cause","I229","cvd_ihd"
2000,"label_cause","I239","cvd_ihd"
2001,"label_cause","I239","cvd_ihd"
2002,"label_cause","I239","cvd_ihd"
2003,"label_cause","I239","cvd_ihd"
2000,"label_cause","I249","cvd_ihd"
2001,"label_cause","I249","cvd_ihd"
2002,"label_cause","I249","cvd_ihd"
2003,"label_cause","I249","cvd_ihd"
2000,"label_cause","I259","cvd_ihd"
2001,"label_cause","I259","cvd_ihd"
2002,"label_cause","I259","cvd_ihd"
2003,"label_cause","I259","cvd_ihd"
2000,"label_cause","G459","cvd_stroke"
2001,"label_cause","G459","cvd_stroke"
2002,"label_cause","G459","cvd_stroke"
2003,"label_cause","G459","cvd_stroke"
2000,"label_cause","G469","cvd_stroke"
2001,"label_cause","G469","cvd_stroke"
2002,"label_cause","G469","cvd_stroke"
2003,"label_cause","G469","cvd_stroke"
2000,"label_cause","I619","cvd_stroke"
2001,"label_cause","I619","cvd_stroke"
2002,"label_cause","I619","cvd_stroke"
2003,"label_cause","I619","cvd_stroke"
2000,"label_cause","I629","cvd_stroke"
2001,"label_cause","I629","cvd_stroke"
2002,"label_cause","I629","cvd_stroke"
2003,"label_cause","I629","cvd_stroke"
2000,"label_cause","I639","cvd_stroke"
2001,"label_cause","I639","cvd_stroke"
2002,"label_cause","I639","cvd_stroke"
2003,"label_cause","I639","cvd_stroke"
2000,"label_cause","I659","cvd_stroke"
2001,"label_cause","I659","cvd_stroke"
2002,"label_cause","I659","cvd_stroke"
2003,"label_cause","I659","cvd_stroke"
2000,"label_cause","I669","cvd_stroke"
2001,"label_cause","I669","cvd_stroke"
2002,"label_cause","I669","cvd_stroke"
2003,"label_cause","I669","cvd_stroke"
2000,"label_cause","I679","cvd_stroke"
2001,"label_cause","I679","cvd_stroke"
2002,"label_cause","I679","cvd_stroke"
2003,"label_cause","I679","cvd_stroke"
2000,"label_cause","I689","cvd_stroke"
2001,"label_cause","I689","cvd_stroke"
2002,"label_cause","I689","cvd_stroke"
2003,"label_cause","I689","cvd_stroke"
2000,"label_cause","I699","cvd_stroke"
2001,"label_cause","I699","cvd_stroke"
2002,"label_cause","I699","cvd_stroke"
2003,"label_cause","I699","cvd_stroke"
2000,"label_cause","C339","neo_lung"
2001,"label_cause","C339","neo_lung"
2002,"label_cause","C339","neo_lung"
2003,"label_cause","C339","neo_lung"
2000,"label_cause","C349","neo_lung"
2001,"label_cause","C349","neo_lung"
2002,"label_cause","C349","neo_lung"
2003,"label_cause","C349","neo_lung"
2000,"label_cause","D029","neo_lung"
2001,"label_cause","D029","neo_lung"
2002,"label_cause","D029","neo_lung"
2003,"label_cause","D029","neo_lung"
2000,"label_cause","D149","neo_lung"
2001,"label_cause","D149","neo_lung"
2002,"label_cause","D149","neo_lung"
2003,"label_cause","D149","neo_lung"
2000,"label_cause","D389","neo_lung"
2001,"label_cause","D389","neo_lung"
2002,"label_cause","D389","neo_lung"
2003,"label_cause","D389","neo_lung"
2000,"label_cause","J419","resp_copd"
2001,"label_cause","J419","resp_copd"
2002,"label_cause","J419","resp_copd"
2003,"label_cause","J419","resp_copd"
2000,"label_cause","J429","resp_copd"
2001,"label_cause","J429","resp_copd"
2002,"label_cause","J429","resp_copd"
2003,"label_cause","J429","resp_copd"
2000,"label_cause","J439","resp_copd"
2001,"label_cause","J439","resp_copd"
2002,"label_cause","J439","resp_copd"
2003,"label_cause","J439","resp_copd"
2000,"label_cause","J449","resp_copd"
2001,"label_cause","J449","resp_copd"
2002,"label_cause","J449","resp_copd"
2003,"label_cause","J449","resp_copd"
2000,"label_cause","A489","resp_copd"
2001,"label_cause","A489","resp_copd"
2002,"label_cause","A489","resp_copd"
2003,"label_cause","A489","resp_copd"
2000,"label_cause","A709","resp_copd"
2001,"label_cause","A709","resp_copd"
2002,"label_cause","A709","resp_copd"
2003,"label_cause","A709","resp_copd"
2000,"label_cause","B979","resp_copd"
2001,"label_cause","B979","resp_copd"
2002,"label_cause","B979","resp_copd"
2003,"label_cause","B979","resp_copd"
2000,"label_cause","J099","resp_copd"
2001,"label_cause","J099","resp_copd"
2002,"label_cause","J099","resp_copd"
2003,"label_cause","J099","resp_copd"
2000,"label_cause","J109","resp_copd"
2001,"label_cause","J109","resp_copd"
2002,"label_cause","J109","resp_copd"
2003,"label_cause","J109","resp_copd"
2000,"label_cause","J119","resp_copd"
2001,"label_cause","J119","resp_copd"
2002,"label_cause","J119","resp_copd"
2003,"label_cause","J119","resp_copd"
2000,"label_cause","J129","resp_copd"
2001,"label_cause","J129","resp_copd"
2002,"label_cause","J129","resp_copd"
2003,"label_cause","J129","resp_copd"
2000,"label_cause","J139","resp_copd"
2001,"label_cause","J139","resp_copd"
2002,"label_cause","J139","resp_copd"
2003,"label_cause","J139","resp_copd"
2000,"label_cause","J149","resp_copd"
2001,"label_cause","J149","resp_copd"
2002,"label_cause","J149","resp_copd"
2003,"label_cause","J149","resp_copd"
2000,"label_cause","J159","resp_copd"
2001,"label_cause","J159","resp_copd"
2002,"label_cause","J159","resp_copd"
2003,"label_cause","J159","resp_copd"
2000,"label_cause","J169","resp_copd"
2001,"label_cause","J169","resp_copd"
2002,"label_cause","J169","resp_copd"
2003,"label_cause","J169","resp_copd"
2000,"label_cause","J209","resp_copd"
2001,"label_cause","J209","resp_copd"
2002,"label_cause","J209","resp_copd"
2003,"label_cause","J209","resp_copd"
2000,"label_cause","J219","resp_copd"
2001,"label_cause","J219","resp_copd"
2002,"label_cause","J219","resp_copd"
2003,"label_cause","J219","resp_copd"
2000,"label_cause","P239","resp_copd"
2001,"label_cause","P239","resp_copd"
2002,"label_cause","P239","resp_copd"
2003,"label_cause","P239","resp_copd"
2000,"label_cause","U049","resp_copd"
2001,"label_cause","U049","resp_copd"
2002,"label_cause","U049","resp_copd"
2003,"label_cause","U049","resp_copd"
2000,"label_cause","E119","t2_dm"
2001,"label_cause","E119","t2_dm"
2002,"label_cause","E119","t2_dm"
2003,"label_cause","E119","t2_dm"
