Year,Race,Hispanic.Origin,label_cause,Gender,Gender.Code,Nation,measure,attr,mean,lower,upper
2003,American Indian or Alaska Native,All Origins,cvd_ihd,Female,F,us,Deaths,attributable,35.8981255900839,19.3329545851074,60.1735769367014
2003,American Indian or Alaska Native,All Origins,cvd_ihd,Female,F,us,YLL,attributable,936.473740719863,503.389050691,1569.16672928429
2003,American Indian or Alaska Native,All Origins,cvd_ihd,Male,M,us,Deaths,attributable,64.2027027645867,34.5617715045163,107.362285298991
2003,American Indian or Alaska Native,All Origins,cvd_ihd,Male,M,us,YLL,attributable,2019.08789895897,1087.89474587572,3370.16871028943
2003,American Indian or Alaska Native,All Origins,cvd_stroke,Female,F,us,Deaths,attributable,8.33695477855905,5.01606962832809,13.3447692549296
2003,American Indian or Alaska Native,All Origins,cvd_stroke,Female,F,us,YLL,attributable,278.222656981759,167.81877040621,441.665017505012
2003,American Indian or Alaska Native,All Origins,cvd_stroke,Male,M,us,Deaths,attributable,6.84259376876155,4.14111978593581,10.8351759435449
2003,American Indian or Alaska Native,All Origins,cvd_stroke,Male,M,us,YLL,attributable,269.740353659635,163.654391317076,424.738047293757
2003,American Indian or Alaska Native,All Origins,lri,Female,F,us,Deaths,attributable,7.96918812829569,3.9407957148665,13.1075445279199
2003,American Indian or Alaska Native,All Origins,lri,Female,F,us,YLL,attributable,189.559783737664,93.6196134610877,311.791953156408
2003,American Indian or Alaska Native,All Origins,lri,Male,M,us,Deaths,attributable,6.9430966386187,3.42351192198791,11.4249399729505
2003,American Indian or Alaska Native,All Origins,lri,Male,M,us,YLL,attributable,199.837638834096,98.6790057816948,328.446116886982
2003,American Indian or Alaska Native,All Origins,neo_lung,Female,F,us,Deaths,attributable,14.3062150455196,8.39383321607014,22.1943502417955
2003,American Indian or Alaska Native,All Origins,neo_lung,Female,F,us,YLL,attributable,356.082949705157,208.942045064658,552.285484313196
2003,American Indian or Alaska Native,All Origins,neo_lung,Male,M,us,Deaths,attributable,16.8562266943475,9.88128473997379,26.1723795043619
2003,American Indian or Alaska Native,All Origins,neo_lung,Male,M,us,YLL,attributable,446.157825217139,261.951538527281,691.694343803548
2003,American Indian or Alaska Native,All Origins,resp_copd,Female,F,us,Deaths,attributable,10.9386491542849,6.59299457116659,16.4621622095656
2003,American Indian or Alaska Native,All Origins,resp_copd,Female,F,us,YLL,attributable,236.7733998857,142.639756492304,356.325967285893
2003,American Indian or Alaska Native,All Origins,resp_copd,Male,M,us,Deaths,attributable,12.2900862701591,7.38640336562355,18.5471685731515
2003,American Indian or Alaska Native,All Origins,resp_copd,Male,M,us,YLL,attributable,274.062906558219,164.965163780528,412.776745031355
2003,American Indian or Alaska Native,All Origins,t2_dm,Female,F,us,Deaths,attributable,9.4788134962295,5.57356013935614,14.8700186368926
2003,American Indian or Alaska Native,All Origins,t2_dm,Female,F,us,YLL,attributable,217.820285672084,128.065705135903,341.597878893285
2003,American Indian or Alaska Native,All Origins,t2_dm,Male,M,us,Deaths,attributable,7.35547264338139,4.31777741763392,11.552180092978
2003,American Indian or Alaska Native,All Origins,t2_dm,Male,M,us,YLL,attributable,188.74078635593,111.12904511435,295.478960346394
2003,American Indian or Alaska Native,Hispanic or Latino,cvd_ihd,Female,F,us,Deaths,attributable,0.806262231464076,0.479515860415395,1.25225206307443
2003,American Indian or Alaska Native,Hispanic or Latino,cvd_ihd,Female,F,us,YLL,attributable,14.6481546409783,8.69571019378052,22.7711908535283
2003,American Indian or Alaska Native,Hispanic or Latino,cvd_ihd,Male,M,us,Deaths,attributable,2.26835451462422,1.32649857214826,3.5177813441373
2003,American Indian or Alaska Native,Hispanic or Latino,cvd_ihd,Male,M,us,YLL,attributable,64.2257146035603,37.6700932511395,99.4656773739248
2003,American Indian or Alaska Native,Hispanic or Latino,cvd_stroke,Female,F,us,Deaths,attributable,0.641254598520231,0.425175079432925,0.930275591730632
2003,American Indian or Alaska Native,Hispanic or Latino,cvd_stroke,Female,F,us,YLL,attributable,23.7988762078954,15.7566482181979,34.5653366360408
2003,American Indian or Alaska Native,Hispanic or Latino,cvd_stroke,Male,M,us,Deaths,attributable,0.746710579837278,0.499135708023351,1.09101242522145
2003,American Indian or Alaska Native,Hispanic or Latino,cvd_stroke,Male,M,us,YLL,attributable,28.3132380640231,18.904331406492,41.2068498316215
2003,American Indian or Alaska Native,Hispanic or Latino,lri,Female,F,us,Deaths,attributable,0.224007231919248,0.117888376687689,0.344346795164079
2003,American Indian or Alaska Native,Hispanic or Latino,lri,Female,F,us,YLL,attributable,12.9197287069839,6.79669768748917,19.8735483981262
2003,American Indian or Alaska Native,Hispanic or Latino,lri,Male,M,us,Deaths,attributable,0.22234650367269,0.116938167418346,0.342079771536151
2003,American Indian or Alaska Native,Hispanic or Latino,lri,Male,M,us,YLL,attributable,8.25571827589088,4.34144242695222,12.7116363200671
2003,American Indian or Alaska Native,Hispanic or Latino,neo_lung,Female,F,us,Deaths,attributable,0.3251013698514,0.205958650997736,0.469947082384484
2003,American Indian or Alaska Native,Hispanic or Latino,neo_lung,Female,F,us,YLL,attributable,8.75891348855189,5.54683407978388,12.6666025060534
2003,American Indian or Alaska Native,Hispanic or Latino,neo_lung,Male,M,us,Deaths,attributable,0.399544714635658,0.25231226755544,0.579678257244328
2003,American Indian or Alaska Native,Hispanic or Latino,neo_lung,Male,M,us,YLL,attributable,11.5163094980822,7.27344869829531,16.7044441880134
2003,American Indian or Alaska Native,Hispanic or Latino,resp_copd,Female,F,us,Deaths,attributable,0.297108547395154,0.194230360189149,0.416719162288132
2003,American Indian or Alaska Native,Hispanic or Latino,resp_copd,Female,F,us,YLL,attributable,5.00694365418146,3.27140973125706,7.02543344984619
2003,American Indian or Alaska Native,Hispanic or Latino,resp_copd,Male,M,us,Deaths,attributable,0.287538100445896,0.18672656904897,0.405858167483362
2003,American Indian or Alaska Native,Hispanic or Latino,resp_copd,Male,M,us,YLL,attributable,9.42873309023811,6.12240082805599,13.3081951245716
2003,American Indian or Alaska Native,Hispanic or Latino,t2_dm,Female,F,us,Deaths,attributable,0.112385737234078,0.0731250374321556,0.160662503563298
2003,American Indian or Alaska Native,Hispanic or Latino,t2_dm,Female,F,us,YLL,attributable,1.92219110772953,1.25069515192767,2.74789348982705
2003,American Indian or Alaska Native,Hispanic or Latino,t2_dm,Male,M,us,Deaths,attributable,0.107913438660478,0.0693023857423251,0.156030158038142
2003,American Indian or Alaska Native,Hispanic or Latino,t2_dm,Male,M,us,YLL,attributable,2.2972828778416,1.47532305647605,3.32160122907119
2003,American Indian or Alaska Native,Not Hispanic or Latino,cvd_ihd,Female,F,us,Deaths,attributable,34.6843107962579,18.1313442249447,59.235710562895
2003,American Indian or Alaska Native,Not Hispanic or Latino,cvd_ihd,Female,F,us,YLL,attributable,892.481401100429,466.864868350059,1523.74086468488
2003,American Indian or Alaska Native,Not Hispanic or Latino,cvd_ihd,Male,M,us,Deaths,attributable,60.424129936447,31.6149847326109,102.96182233576
2003,American Indian or Alaska Native,Not Hispanic or Latino,cvd_ihd,Male,M,us,YLL,attributable,1875.62061394441,982.399665460576,3191.71776375551
2003,American Indian or Alaska Native,Not Hispanic or Latino,cvd_stroke,Female,F,us,Deaths,attributable,7.61319882631693,4.45557058158276,12.4706471487096
2003,American Indian or Alaska Native,Not Hispanic or Latino,cvd_stroke,Female,F,us,YLL,attributable,247.831681700647,145.162103291334,402.483632840863
2003,American Indian or Alaska Native,Not Hispanic or Latino,cvd_stroke,Male,M,us,Deaths,attributable,5.96782440852329,3.50970267267599,9.66278445697885
2003,American Indian or Alaska Native,Not Hispanic or Latino,cvd_stroke,Male,M,us,YLL,attributable,232.788798711093,136.947942585395,375.655898496567
2003,American Indian or Alaska Native,Not Hispanic or Latino,lri,Female,F,us,Deaths,attributable,7.2748083311624,3.53755389960815,12.1007190011406
2003,American Indian or Alaska Native,Not Hispanic or Latino,lri,Female,F,us,YLL,attributable,165.543025217664,79.9704407390331,276.628437835631
2003,American Indian or Alaska Native,Not Hispanic or Latino,lri,Male,M,us,Deaths,attributable,6.24907253459199,3.02173911422586,10.4465174510021
2003,American Indian or Alaska Native,Not Hispanic or Latino,lri,Male,M,us,YLL,attributable,176.777582861062,85.2476641714308,295.877078085529
2003,American Indian or Alaska Native,Not Hispanic or Latino,neo_lung,Female,F,us,Deaths,attributable,13.217222069367,7.61681970157712,20.800220597823
2003,American Indian or Alaska Native,Not Hispanic or Latino,neo_lung,Female,F,us,YLL,attributable,327.981490641818,188.958514520531,516.19253515884
2003,American Indian or Alaska Native,Not Hispanic or Latino,neo_lung,Male,M,us,Deaths,attributable,15.429769344439,8.88673380821233,24.3012211992383
2003,American Indian or Alaska Native,Not Hispanic or Latino,neo_lung,Male,M,us,YLL,attributable,406.592006794817,234.373153269923,639.589088512346
2003,American Indian or Alaska Native,Not Hispanic or Latino,resp_copd,Female,F,us,Deaths,attributable,10.0527764866609,5.94705650651409,15.3645297648341
2003,American Indian or Alaska Native,Not Hispanic or Latino,resp_copd,Female,F,us,YLL,attributable,218.04152271972,128.850131083815,333.414188626413
2003,American Indian or Alaska Native,Not Hispanic or Latino,resp_copd,Male,M,us,Deaths,attributable,11.2274825405324,6.61933318679946,17.2048111301009
2003,American Indian or Alaska Native,Not Hispanic or Latino,resp_copd,Male,M,us,YLL,attributable,248.414859148926,146.677030565652,380.009367852515
2003,American Indian or Alaska Native,Not Hispanic or Latino,t2_dm,Female,F,us,Deaths,attributable,8.90587142186022,5.12134699676854,14.2190387044862
2003,American Indian or Alaska Native,Not Hispanic or Latino,t2_dm,Female,F,us,YLL,attributable,204.526169166556,117.454299234068,326.673213269448
2003,American Indian or Alaska Native,Not Hispanic or Latino,t2_dm,Male,M,us,Deaths,attributable,6.87635765926732,3.94475442126025,10.9945426979655
2003,American Indian or Alaska Native,Not Hispanic or Latino,t2_dm,Male,M,us,YLL,attributable,175.934637404,100.980174508385,280.892016589088
2003,Asian or Pacific Islander,All Origins,cvd_ihd,Female,F,us,Deaths,attributable,173.646976988322,103.80606066889,268.259766202606
2003,Asian or Pacific Islander,All Origins,cvd_ihd,Female,F,us,YLL,attributable,3543.65221112592,2110.93045676696,5464.65488675355
2003,Asian or Pacific Islander,All Origins,cvd_ihd,Male,M,us,Deaths,attributable,296.901342166906,177.52648053338,456.934069579509
2003,Asian or Pacific Islander,All Origins,cvd_ihd,Male,M,us,YLL,attributable,8174.2513510513,4886.0245232056,12558.5849954902
2003,Asian or Pacific Islander,All Origins,cvd_stroke,Female,F,us,Deaths,attributable,70.1961224315643,46.4897445183966,102.977821282972
2003,Asian or Pacific Islander,All Origins,cvd_stroke,Female,F,us,YLL,attributable,2105.14961062729,1398.01351520703,3058.69290494522
2003,Asian or Pacific Islander,All Origins,cvd_stroke,Male,M,us,Deaths,attributable,64.1118990055928,42.6556218175654,93.3557500925992
2003,Asian or Pacific Islander,All Origins,cvd_stroke,Male,M,us,YLL,attributable,2146.77739549961,1432.24785197277,3105.57810712136
2003,Asian or Pacific Islander,All Origins,lri,Female,F,us,Deaths,attributable,32.5297790907537,17.2124809439564,49.6531396493861
2003,Asian or Pacific Islander,All Origins,lri,Female,F,us,YLL,attributable,539.400008897608,285.303278959429,823.210372188785
2003,Asian or Pacific Islander,All Origins,lri,Male,M,us,Deaths,attributable,38.2413413112415,20.2468937996663,58.3539434652593
2003,Asian or Pacific Islander,All Origins,lri,Male,M,us,YLL,attributable,678.758484640589,359.340247236664,1034.70236395191
2003,Asian or Pacific Islander,All Origins,neo_lung,Female,F,us,Deaths,attributable,78.1699366391013,50.0026127961668,112.414489354438
2003,Asian or Pacific Islander,All Origins,neo_lung,Female,F,us,YLL,attributable,1891.53041623383,1209.86991724115,2718.94166400587
2003,Asian or Pacific Islander,All Origins,neo_lung,Male,M,us,Deaths,attributable,120.485485257981,77.1647518876858,172.953747533691
2003,Asian or Pacific Islander,All Origins,neo_lung,Male,M,us,YLL,attributable,2912.95205303213,1866.22317814231,4178.61265046735
2003,Asian or Pacific Islander,All Origins,resp_copd,Female,F,us,Deaths,attributable,26.8283438665255,17.6232395840514,37.5196944055788
2003,Asian or Pacific Islander,All Origins,resp_copd,Female,F,us,YLL,attributable,433.416004696039,284.756167980979,605.89132011599
2003,Asian or Pacific Islander,All Origins,resp_copd,Male,M,us,Deaths,attributable,53.4225130657051,35.107726225382,74.6722813199464
2003,Asian or Pacific Islander,All Origins,resp_copd,Male,M,us,YLL,attributable,907.741569576096,596.895797554378,1267.57702038752
2003,Asian or Pacific Islander,All Origins,t2_dm,Female,F,us,Deaths,attributable,14.7487202148665,9.65978255444534,21.0635385904448
2003,Asian or Pacific Islander,All Origins,t2_dm,Female,F,us,YLL,attributable,267.343208848601,175.135993969627,381.326952350114
2003,Asian or Pacific Islander,All Origins,t2_dm,Male,M,us,Deaths,attributable,11.1562857813877,7.31719756650848,15.8942346237703
2003,Asian or Pacific Islander,All Origins,t2_dm,Male,M,us,YLL,attributable,240.366592633267,157.791656316368,341.809543525452
2003,Asian or Pacific Islander,Hispanic or Latino,cvd_ihd,Female,F,us,Deaths,attributable,3.11679789190251,1.82393944338051,4.90391479318217
2003,Asian or Pacific Islander,Hispanic or Latino,cvd_ihd,Female,F,us,YLL,attributable,89.9684724537473,52.5473548166491,141.757578059636
2003,Asian or Pacific Islander,Hispanic or Latino,cvd_ihd,Male,M,us,Deaths,attributable,4.27666914754509,2.48548837228028,6.69882093948471
2003,Asian or Pacific Islander,Hispanic or Latino,cvd_ihd,Male,M,us,YLL,attributable,135.381956471345,78.8783293995409,211.461257315286
2003,Asian or Pacific Islander,Hispanic or Latino,cvd_stroke,Female,F,us,Deaths,attributable,0.734322574351382,0.475216769734077,1.09523323189721
2003,Asian or Pacific Islander,Hispanic or Latino,cvd_stroke,Female,F,us,YLL,attributable,20.6399978000367,13.3874555771923,30.3372265055919
2003,Asian or Pacific Islander,Hispanic or Latino,cvd_stroke,Male,M,us,Deaths,attributable,0.543097037066798,0.351266787968829,0.802126593879224
2003,Asian or Pacific Islander,Hispanic or Latino,cvd_stroke,Male,M,us,YLL,attributable,25.8974315430014,16.7326381194464,38.0059142412001
2003,Asian or Pacific Islander,Hispanic or Latino,lri,Female,F,us,Deaths,attributable,0.212086483725622,0.111311845806635,0.327549603398117
2003,Asian or Pacific Islander,Hispanic or Latino,lri,Female,F,us,YLL,attributable,3.9242146628448,2.05983333595085,6.05786955635989
2003,Asian or Pacific Islander,Hispanic or Latino,lri,Male,M,us,Deaths,attributable,0.305497922329096,0.15944018495738,0.475213851112076
2003,Asian or Pacific Islander,Hispanic or Latino,lri,Male,M,us,YLL,attributable,4.48181106704885,2.33976378155976,6.96966492302234
2003,Asian or Pacific Islander,Hispanic or Latino,neo_lung,Female,F,us,Deaths,attributable,0.608855077805174,0.382916474134411,0.887930157514367
2003,Asian or Pacific Islander,Hispanic or Latino,neo_lung,Female,F,us,YLL,attributable,15.9031158870204,9.99850963490377,23.1984865051898
2003,Asian or Pacific Islander,Hispanic or Latino,neo_lung,Male,M,us,Deaths,attributable,1.40981437477714,0.88270129991808,2.0633919057113
2003,Asian or Pacific Islander,Hispanic or Latino,neo_lung,Male,M,us,YLL,attributable,34.8195793862194,21.8182522098786,50.9263711637696
2003,Asian or Pacific Islander,Hispanic or Latino,resp_copd,Female,F,us,Deaths,attributable,0.480165480851912,0.311193226124646,0.679305717220856
2003,Asian or Pacific Islander,Hispanic or Latino,resp_copd,Female,F,us,YLL,attributable,7.14140927738866,4.63115101547067,10.0996801739484
2003,Asian or Pacific Islander,Hispanic or Latino,resp_copd,Male,M,us,Deaths,attributable,0.471315214187168,0.304366227125019,0.66868658046008
2003,Asian or Pacific Islander,Hispanic or Latino,resp_copd,Male,M,us,YLL,attributable,9.64834210235501,6.2322455761376,13.6844504919178
2003,Asian or Pacific Islander,Hispanic or Latino,t2_dm,Female,F,us,Deaths,attributable,0.103990291885024,0.0666696345550443,0.150937528946916
2003,Asian or Pacific Islander,Hispanic or Latino,t2_dm,Female,F,us,YLL,attributable,1.03888186354785,0.666041732676138,1.50789327070119
2003,Asian or Pacific Islander,Hispanic or Latino,t2_dm,Male,M,us,Deaths,attributable,0.103383745733715,0.0660632895583412,0.150390856539622
2003,Asian or Pacific Islander,Hispanic or Latino,t2_dm,Male,M,us,YLL,attributable,3.60963117445773,2.30659189009486,5.25087885204943
2003,Asian or Pacific Islander,Not Hispanic or Latino,cvd_ihd,Female,F,us,Deaths,attributable,181.248715923485,106.674519709341,280.876997442605
2003,Asian or Pacific Islander,Not Hispanic or Latino,cvd_ihd,Female,F,us,YLL,attributable,3579.25977511387,2117.31559588151,5524.73652314409
2003,Asian or Pacific Islander,Not Hispanic or Latino,cvd_ihd,Male,M,us,Deaths,attributable,303.730821147242,180.25010624084,468.24218035948
2003,Asian or Pacific Islander,Not Hispanic or Latino,cvd_ihd,Male,M,us,YLL,attributable,8205.84722062808,4893.23454594309,12614.657725953
2003,Asian or Pacific Islander,Not Hispanic or Latino,cvd_stroke,Female,F,us,Deaths,attributable,72.4279265856919,47.9242137727697,106.338099277877
2003,Asian or Pacific Islander,Not Hispanic or Latino,cvd_stroke,Female,F,us,YLL,attributable,2140.97992070084,1421.28172002529,3111.0270733636
2003,Asian or Pacific Islander,Not Hispanic or Latino,cvd_stroke,Male,M,us,Deaths,attributable,65.3046417898832,43.4587887988329,95.1652881382604
2003,Asian or Pacific Islander,Not Hispanic or Latino,cvd_stroke,Male,M,us,YLL,attributable,2155.21568928156,1438.79976576872,3118.972271078
2003,Asian or Pacific Islander,Not Hispanic or Latino,lri,Female,F,us,Deaths,attributable,32.1054442270386,16.9872104830321,49.025547279361
2003,Asian or Pacific Islander,Not Hispanic or Latino,lri,Female,F,us,YLL,attributable,533.277695062519,282.08997261414,813.863886359573
2003,Asian or Pacific Islander,Not Hispanic or Latino,lri,Male,M,us,Deaths,attributable,37.7889970785956,20.0001833295791,57.6956427490689
2003,Asian or Pacific Islander,Not Hispanic or Latino,lri,Male,M,us,YLL,attributable,673.535525928169,356.582250577549,1026.76442954278
2003,Asian or Pacific Islander,Not Hispanic or Latino,neo_lung,Female,F,us,Deaths,attributable,77.5639117591287,49.6197736516861,111.522943804535
2003,Asian or Pacific Islander,Not Hispanic or Latino,neo_lung,Female,F,us,YLL,attributable,1875.69712531162,1199.94488181555,2695.69812376789
2003,Asian or Pacific Islander,Not Hispanic or Latino,neo_lung,Male,M,us,Deaths,attributable,118.545455400818,75.9239728846209,170.123651586878
2003,Asian or Pacific Islander,Not Hispanic or Latino,neo_lung,Male,M,us,YLL,attributable,2861.48056433831,1833.34362000609,4103.75830857462
2003,Asian or Pacific Islander,Not Hispanic or Latino,resp_copd,Female,F,us,Deaths,attributable,26.1600256541109,17.1839933603711,36.5838071327706
2003,Asian or Pacific Islander,Not Hispanic or Latino,resp_copd,Female,F,us,YLL,attributable,423.75573175503,278.429308570578,592.31319584808
2003,Asian or Pacific Islander,Not Hispanic or Latino,resp_copd,Male,M,us,Deaths,attributable,52.6595001916576,34.6057414039888,73.5956493125064
2003,Asian or Pacific Islander,Not Hispanic or Latino,resp_copd,Male,M,us,YLL,attributable,891.151346416295,586.033062937163,1244.18592887561
2003,Asian or Pacific Islander,Not Hispanic or Latino,t2_dm,Female,F,us,Deaths,attributable,14.6366678526457,9.58682043780736,20.9018857487766
2003,Asian or Pacific Islander,Not Hispanic or Latino,t2_dm,Female,F,us,YLL,attributable,266.278744386152,174.456588517441,379.75968151088
2003,Asian or Pacific Islander,Not Hispanic or Latino,t2_dm,Male,M,us,Deaths,attributable,11.0322467772842,7.23514502177593,15.7201475711327
2003,Asian or Pacific Islander,Not Hispanic or Latino,t2_dm,Male,M,us,YLL,attributable,236.367076073115,155.182458426746,336.138401741967
2003,Black or African American,All Origins,cvd_ihd,Female,F,us,Deaths,attributable,1741.29386678,1046.15562433749,2659.90794156668
2003,Black or African American,All Origins,cvd_ihd,Female,F,us,YLL,attributable,41735.6787502412,25033.6615497037,63640.9965091595
2003,Black or African American,All Origins,cvd_ihd,Male,M,us,Deaths,attributable,2086.00369997803,1245.85810077206,3190.79533736319
2003,Black or African American,All Origins,cvd_ihd,Male,M,us,YLL,attributable,61320.8602693886,36641.9723959433,93716.8286672696
2003,Black or African American,All Origins,cvd_stroke,Female,F,us,Deaths,attributable,349.400608442122,233.830514749224,506.228370897757
2003,Black or African American,All Origins,cvd_stroke,Female,F,us,YLL,attributable,11957.5768255931,8025.56193356013,17177.6303361745
2003,Black or African American,All Origins,cvd_stroke,Male,M,us,Deaths,attributable,321.381322603191,214.944935617056,464.899362117461
2003,Black or African American,All Origins,cvd_stroke,Male,M,us,YLL,attributable,11651.3815181739,7804.1772812767,16762.7831733456
2003,Black or African American,All Origins,lri,Female,F,us,Deaths,attributable,189.683081036356,100.744320999854,285.562446652292
2003,Black or African American,All Origins,lri,Female,F,us,YLL,attributable,3883.58179466702,2061.31925878646,5851.28814547622
2003,Black or African American,All Origins,lri,Male,M,us,Deaths,attributable,183.588038310138,97.3080893848129,277.178713425064
2003,Black or African American,All Origins,lri,Male,M,us,YLL,attributable,4689.55968620422,2483.55545954745,7087.41440870127
2003,Black or African American,All Origins,neo_lung,Female,F,us,Deaths,attributable,582.2392243022,375.295369480927,826.851566417025
2003,Black or African American,All Origins,neo_lung,Female,F,us,YLL,attributable,14922.2732672307,9616.01997703294,21199.1951969768
2003,Black or African American,All Origins,neo_lung,Male,M,us,Deaths,attributable,898.174189800032,577.656218087909,1278.94062615742
2003,Black or African American,All Origins,neo_lung,Male,M,us,YLL,attributable,23873.1195848704,15345.8878003966,34011.7265133617
2003,Black or African American,All Origins,resp_copd,Female,F,us,Deaths,attributable,235.052073990658,155.494789810689,324.689713083265
2003,Black or African American,All Origins,resp_copd,Female,F,us,YLL,attributable,4836.38402062759,3198.70444234025,6682.54668085543
2003,Black or African American,All Origins,resp_copd,Male,M,us,Deaths,attributable,308.202375503702,203.533089469479,426.621627313457
2003,Black or African American,All Origins,resp_copd,Male,M,us,YLL,attributable,6485.48421457865,4281.27115816313,8981.59470146342
2003,Black or African American,All Origins,t2_dm,Female,F,us,Deaths,attributable,140.01402810904,93.0310868571372,196.028990801995
2003,Black or African American,All Origins,t2_dm,Female,F,us,YLL,attributable,2912.12113674647,1934.27740863967,4077.7994558385
2003,Black or African American,All Origins,t2_dm,Male,M,us,Deaths,attributable,90.8380102123278,60.1729744257381,127.494344903741
2003,Black or African American,All Origins,t2_dm,Male,M,us,YLL,attributable,2215.39549543684,1466.45242784866,3111.86493568892
2003,Black or African American,Hispanic or Latino,cvd_ihd,Female,F,us,Deaths,attributable,9.97361760337759,5.94403324398695,15.3822820319669
2003,Black or African American,Hispanic or Latino,cvd_ihd,Female,F,us,YLL,attributable,208.973953530386,124.222329002232,321.91595582684
2003,Black or African American,Hispanic or Latino,cvd_ihd,Male,M,us,Deaths,attributable,12.9175256092834,7.64081446989475,19.9373693965855
2003,Black or African American,Hispanic or Latino,cvd_ihd,Male,M,us,YLL,attributable,355.298423549303,210.172699389331,547.6990199833
2003,Black or African American,Hispanic or Latino,cvd_stroke,Female,F,us,Deaths,attributable,2.23315034313313,1.48810951230664,3.238930188677
2003,Black or African American,Hispanic or Latino,cvd_stroke,Female,F,us,YLL,attributable,75.9377169808393,50.8766570631762,109.385262910831
2003,Black or African American,Hispanic or Latino,cvd_stroke,Male,M,us,Deaths,attributable,2.44355071507105,1.62643791655592,3.52764496069524
2003,Black or African American,Hispanic or Latino,cvd_stroke,Male,M,us,YLL,attributable,97.6684580788232,64.846421169456,140.846157342703
2003,Black or African American,Hispanic or Latino,lri,Female,F,us,Deaths,attributable,0.849605655897033,0.449711738308369,1.29009847288632
2003,Black or African American,Hispanic or Latino,lri,Female,F,us,YLL,attributable,25.004778918774,13.2349974008964,37.9712670234747
2003,Black or African American,Hispanic or Latino,lri,Male,M,us,Deaths,attributable,1.31063594004047,0.693128566519994,1.99712738397693
2003,Black or African American,Hispanic or Latino,lri,Male,M,us,YLL,attributable,37.1293482497511,19.6400095488092,56.5464602709305
2003,Black or African American,Hispanic or Latino,neo_lung,Female,F,us,Deaths,attributable,1.75398842560132,1.12293574588983,2.51134589331568
2003,Black or African American,Hispanic or Latino,neo_lung,Female,F,us,YLL,attributable,42.2997745791739,27.0900799453829,60.5408744605733
2003,Black or African American,Hispanic or Latino,neo_lung,Male,M,us,Deaths,attributable,2.66521199259548,1.69980727714583,3.83319142170467
2003,Black or African American,Hispanic or Latino,neo_lung,Male,M,us,YLL,attributable,67.1238823828994,42.8140412628256,96.528121224264
2003,Black or African American,Hispanic or Latino,resp_copd,Female,F,us,Deaths,attributable,1.65389634597819,1.08660257953948,2.30327600291364
2003,Black or African American,Hispanic or Latino,resp_copd,Female,F,us,YLL,attributable,25.6763642195117,16.8722915162497,35.7531829512737
2003,Black or African American,Hispanic or Latino,resp_copd,Male,M,us,Deaths,attributable,1.78054498778984,1.16593845713611,2.48816455535202
2003,Black or African American,Hispanic or Latino,resp_copd,Male,M,us,YLL,attributable,32.9968105726285,21.6083586706068,46.1042914856793
2003,Black or African American,Hispanic or Latino,t2_dm,Female,F,us,Deaths,attributable,0.48382022889439,0.318585096374383,0.683799302736913
2003,Black or African American,Hispanic or Latino,t2_dm,Female,F,us,YLL,attributable,9.69138477090874,6.38542653741738,13.6872005279943
2003,Black or African American,Hispanic or Latino,t2_dm,Male,M,us,Deaths,attributable,0.356284798674102,0.233267311321686,0.506374550935103
2003,Black or African American,Hispanic or Latino,t2_dm,Male,M,us,YLL,attributable,6.81574771263356,4.46358187895391,9.68488511038287
2003,Black or African American,Not Hispanic or Latino,cvd_ihd,Female,F,us,Deaths,attributable,1814.87631715865,1077.59756069654,2779.15734497653
2003,Black or African American,Not Hispanic or Latino,cvd_ihd,Female,F,us,YLL,attributable,42671.1741377762,25481.5771967062,65117.374881247
2003,Black or African American,Not Hispanic or Latino,cvd_ihd,Male,M,us,Deaths,attributable,2130.92025851696,1267.16152227486,3262.26149232767
2003,Black or African American,Not Hispanic or Latino,cvd_ihd,Male,M,us,YLL,attributable,61990.3112970891,36992.7433489826,94765.0388256157
2003,Black or African American,Not Hispanic or Latino,cvd_stroke,Female,F,us,Deaths,attributable,357.661213220465,239.243185477511,518.554271580814
2003,Black or African American,Not Hispanic or Latino,cvd_stroke,Female,F,us,YLL,attributable,12075.1163780252,8101.72895581975,17346.1577168533
2003,Black or African American,Not Hispanic or Latino,cvd_stroke,Male,M,us,Deaths,attributable,326.616497489328,218.302319952002,472.455560325807
2003,Black or African American,Not Hispanic or Latino,cvd_stroke,Male,M,us,YLL,attributable,11734.4601826874,7855.74789270159,16879.8196614345
2003,Black or African American,Not Hispanic or Latino,lri,Female,F,us,Deaths,attributable,187.887350511672,99.790185558962,282.847448149389
2003,Black or African American,Not Hispanic or Latino,lri,Female,F,us,YLL,attributable,3846.84999708977,2041.94532944642,5795.3194915204
2003,Black or African American,Not Hispanic or Latino,lri,Male,M,us,Deaths,attributable,180.887846923617,95.8768369099293,273.07027075233
2003,Black or African American,Not Hispanic or Latino,lri,Male,M,us,YLL,attributable,4619.27090472899,2446.5276508202,6980.04614656135
2003,Black or African American,Not Hispanic or Latino,neo_lung,Female,F,us,Deaths,attributable,578.386340088346,372.841223272726,821.276892325769
2003,Black or African American,Not Hispanic or Latino,neo_lung,Female,F,us,YLL,attributable,14823.5151099556,9553.08630317808,21056.3701749299
2003,Black or African American,Not Hispanic or Latino,neo_lung,Male,M,us,Deaths,attributable,892.225534878159,573.912651845044,1270.28252592156
2003,Black or African American,Not Hispanic or Latino,neo_lung,Male,M,us,YLL,attributable,23712.543711537,15244.9501018958,33777.9814631296
2003,Black or African American,Not Hispanic or Latino,resp_copd,Female,F,us,Deaths,attributable,232.947555160236,154.1130130507,321.756265849755
2003,Black or African American,Not Hispanic or Latino,resp_copd,Female,F,us,YLL,attributable,4805.56836717427,3178.56071296673,6639.3687704134
2003,Black or African American,Not Hispanic or Latino,resp_copd,Male,M,us,Deaths,attributable,305.355814605876,201.674761013068,422.626491875449
2003,Black or African American,Not Hispanic or Latino,resp_copd,Male,M,us,YLL,attributable,6430.99857269398,4245.79307136871,8904.87731259302
2003,Black or African American,Not Hispanic or Latino,t2_dm,Female,F,us,Deaths,attributable,139.080623592896,92.4206533532239,194.70318157937
2003,Black or African American,Not Hispanic or Latino,t2_dm,Female,F,us,YLL,attributable,2891.99700404595,1921.14313682864,4049.25303924919
2003,Black or African American,Not Hispanic or Latino,t2_dm,Male,M,us,Deaths,attributable,90.4023862097158,59.8940443488746,126.865176590129
2003,Black or African American,Not Hispanic or Latino,t2_dm,Male,M,us,YLL,attributable,2208.06063602798,1461.81294878772,3101.10855101628
2003,White,All Origins,cvd_ihd,Female,F,us,Deaths,attributable,9304.17374111914,5332.54784710874,14833.4598942092
2003,White,All Origins,cvd_ihd,Female,F,us,YLL,attributable,167870.10134458,95512.1084015529,267553.507592989
2003,White,All Origins,cvd_ihd,Male,M,us,Deaths,attributable,12751.0710295413,7212.35101441386,20391.2129599838
2003,White,All Origins,cvd_ihd,Male,M,us,YLL,attributable,319032.667612287,180517.302263962,509250.392882575
2003,White,All Origins,cvd_stroke,Female,F,us,Deaths,attributable,1307.44209827817,824.65145209077,2021.79858966602
2003,White,All Origins,cvd_stroke,Female,F,us,YLL,attributable,31216.4388839658,19781.6306980096,47638.9028195773
2003,White,All Origins,cvd_stroke,Male,M,us,Deaths,attributable,1102.84919409986,693.353273672501,1699.99118311165
2003,White,All Origins,cvd_stroke,Male,M,us,YLL,attributable,30813.4096246718,19503.7208058954,46864.5511790502
2003,White,All Origins,lri,Female,F,us,Deaths,attributable,1688.52350954894,872.023549583098,2645.86447612633
2003,White,All Origins,lri,Female,F,us,YLL,attributable,23092.9446148693,11919.2022603489,36210.5527045494
2003,White,All Origins,lri,Male,M,us,Deaths,attributable,1257.64360651776,646.638116871316,1980.21002099723
2003,White,All Origins,lri,Male,M,us,YLL,attributable,21745.5006315718,11182.4471957666,34228.8855589116
2003,White,All Origins,neo_lung,Female,F,us,Deaths,attributable,4479.63425550619,2757.20350923297,6614.32997203779
2003,White,All Origins,neo_lung,Female,F,us,YLL,attributable,100196.677401152,61627.4885435507,148036.915013993
2003,White,All Origins,neo_lung,Male,M,us,Deaths,attributable,5667.08368665493,3475.18468026372,8397.97846856895
2003,White,All Origins,neo_lung,Male,M,us,YLL,attributable,131551.317963864,80671.6303169361,194942.127899212
2003,White,All Origins,resp_copd,Female,F,us,Deaths,attributable,3943.49308485776,2513.36043374095,5654.61648711017
2003,White,All Origins,resp_copd,Female,F,us,YLL,attributable,67745.7421126663,43149.3174951378,97224.490782737
2003,White,All Origins,resp_copd,Male,M,us,Deaths,attributable,3513.24560281848,2228.26746033595,5065.0136936526
2003,White,All Origins,resp_copd,Male,M,us,YLL,attributable,64452.6619181456,40868.5011333305,92940.4586374927
2003,White,All Origins,t2_dm,Female,F,us,Deaths,attributable,696.502397794852,436.933465316357,1025.97826377378
2003,White,All Origins,t2_dm,Female,F,us,YLL,attributable,11658.0900782715,7304.60677616699,17195.7278366381
2003,White,All Origins,t2_dm,Male,M,us,Deaths,attributable,615.890872667058,383.699103169115,913.401304812365
2003,White,All Origins,t2_dm,Male,M,us,YLL,attributable,12432.3054696887,7745.37244087251,18437.7170753146
2003,White,Hispanic or Latino,cvd_ihd,Female,F,us,Deaths,attributable,503.637020383256,292.810925748399,793.112202082225
2003,White,Hispanic or Latino,cvd_ihd,Female,F,us,YLL,attributable,10503.5549488858,6100.08793083337,16494.5951270888
2003,White,Hispanic or Latino,cvd_ihd,Male,M,us,Deaths,attributable,744.944740003245,431.482754981014,1171.06395424581
2003,White,Hispanic or Latino,cvd_ihd,Male,M,us,YLL,attributable,20853.3575675923,12111.7319615,32674.0096630671
2003,White,Hispanic or Latino,cvd_stroke,Female,F,us,Deaths,attributable,101.99405052773,65.9618341292094,152.445374701533
2003,White,Hispanic or Latino,cvd_stroke,Female,F,us,YLL,attributable,3374.99880732273,2196.04666162811,4986.17259131515
2003,White,Hispanic or Latino,cvd_stroke,Male,M,us,Deaths,attributable,117.223133464629,76.1579422545915,173.888228088193
2003,White,Hispanic or Latino,cvd_stroke,Male,M,us,YLL,attributable,4464.74797580303,2913.62158132499,6570.67068245351
2003,White,Hispanic or Latino,lri,Female,F,us,Deaths,attributable,80.7922739034461,42.0787974918869,125.504086935717
2003,White,Hispanic or Latino,lri,Female,F,us,YLL,attributable,1625.32337168328,849.026426288186,2517.08454341005
2003,White,Hispanic or Latino,lri,Male,M,us,Deaths,attributable,75.3350843357036,39.177937668172,117.178628931994
2003,White,Hispanic or Latino,lri,Male,M,us,YLL,attributable,1944.16285093152,1015.0341440147,3012.03703175736
2003,White,Hispanic or Latino,neo_lung,Female,F,us,Deaths,attributable,113.80018941493,71.0325079372251,166.318319419587
2003,White,Hispanic or Latino,neo_lung,Female,F,us,YLL,attributable,2699.3059704901,1687.5982776679,3940.26286603219
2003,White,Hispanic or Latino,neo_lung,Male,M,us,Deaths,attributable,198.195880478303,123.382214554416,290.477991282515
2003,White,Hispanic or Latino,neo_lung,Male,M,us,YLL,attributable,4858.14618028725,3028.6650693175,7111.0555629741
2003,White,Hispanic or Latino,resp_copd,Female,F,us,Deaths,attributable,87.7696682392138,56.4580142087103,124.854657231916
2003,White,Hispanic or Latino,resp_copd,Female,F,us,YLL,attributable,1494.15431663383,962.394344956562,2123.83482234154
2003,White,Hispanic or Latino,resp_copd,Male,M,us,Deaths,attributable,103.637625718663,66.5055909061892,147.633692203724
2003,White,Hispanic or Latino,resp_copd,Male,M,us,YLL,attributable,1879.38882826977,1207.62504692081,2674.76456761483
2003,White,Hispanic or Latino,t2_dm,Female,F,us,Deaths,attributable,64.5771468013737,41.0255444078228,93.934896466358
2003,White,Hispanic or Latino,t2_dm,Female,F,us,YLL,attributable,1311.90497439005,835.142014022074,1905.65851751945
2003,White,Hispanic or Latino,t2_dm,Male,M,us,Deaths,attributable,57.6502999291524,36.5107326584929,84.0809289942438
2003,White,Hispanic or Latino,t2_dm,Male,M,us,YLL,attributable,1337.69293971693,849.436951362011,1947.20926941213
2003,White,Not Hispanic or Latino,cvd_ihd,Female,F,us,Deaths,attributable,8782.44287540012,5030.13894226138,14010.0539336456
2003,White,Not Hispanic or Latino,cvd_ihd,Female,F,us,YLL,attributable,157015.028006759,89232.3967181611,250470.900266622
2003,White,Not Hispanic or Latino,cvd_ihd,Male,M,us,Deaths,attributable,11969.15770293,6761.72730497767,19161.4419736953
2003,White,Not Hispanic or Latino,cvd_ihd,Male,M,us,YLL,attributable,297165.893400129,167876.14269962,474977.747952958
2003,White,Not Hispanic or Latino,cvd_stroke,Female,F,us,Deaths,attributable,1205.13174440244,758.883805757257,1867.81512172889
2003,White,Not Hispanic or Latino,cvd_stroke,Female,F,us,YLL,attributable,27853.9959351659,17611.0066904967,42629.6632433146
2003,White,Not Hispanic or Latino,cvd_stroke,Male,M,us,Deaths,attributable,986.553982100867,618.742563208762,1525.77887985892
2003,White,Not Hispanic or Latino,cvd_stroke,Male,M,us,YLL,attributable,26410.9558214203,16669.507223704,40310.9466498852
2003,White,Not Hispanic or Latino,lri,Female,F,us,Deaths,attributable,1605.41471687138,828.865252102634,2516.23886109293
2003,White,Not Hispanic or Latino,lri,Female,F,us,YLL,attributable,21452.2541426444,11065.5984491368,33654.8462025916
2003,White,Not Hispanic or Latino,lri,Male,M,us,Deaths,attributable,1179.91417076132,606.168786894946,1858.74365870549
2003,White,Not Hispanic or Latino,lri,Male,M,us,YLL,attributable,19774.2184775644,10156.5070156042,31153.2359713161
2003,White,Not Hispanic or Latino,neo_lung,Female,F,us,Deaths,attributable,4352.18578569738,2677.35109070137,6429.48902002934
2003,White,Not Hispanic or Latino,neo_lung,Female,F,us,YLL,attributable,97148.9815448864,59714.4561581371,143628.40257334
2003,White,Not Hispanic or Latino,neo_lung,Male,M,us,Deaths,attributable,5451.81357618042,3341.56852614677,8083.77317884296
2003,White,Not Hispanic or Latino,neo_lung,Male,M,us,YLL,attributable,126254.964294909,77378.3290370173,187225.258372818
2003,White,Not Hispanic or Latino,resp_copd,Female,F,us,Deaths,attributable,3842.43363581553,2447.6173520029,5512.43448406635
2003,White,Not Hispanic or Latino,resp_copd,Female,F,us,YLL,attributable,65970.4068695797,41987.208554498,94742.0609193155
2003,White,Not Hispanic or Latino,resp_copd,Male,M,us,Deaths,attributable,3396.70896729415,2152.46492612372,4899.8282497195
2003,White,Not Hispanic or Latino,resp_copd,Male,M,us,YLL,attributable,62287.8330529375,39454.6781199804,89878.9757455097
2003,White,Not Hispanic or Latino,t2_dm,Female,F,us,Deaths,attributable,631.534918439969,396.044773439993,930.700277520896
2003,White,Not Hispanic or Latino,t2_dm,Female,F,us,YLL,attributable,10353.901059236,6483.79715840155,15281.0019920902
2003,White,Not Hispanic or Latino,t2_dm,Male,M,us,Deaths,attributable,558.054712162211,347.483767897325,827.961435576492
2003,White,Not Hispanic or Latino,t2_dm,Male,M,us,YLL,attributable,11097.9525685718,6908.94465237686,16468.0349095805
2003,American Indian or Alaska Native,All Origins,all-cause,Female,F,us,Deaths,overall,6041,6041,6041
2003,American Indian or Alaska Native,All Origins,all-cause,Female,F,us,YLL,overall,180675.119433876,180675.119433876,180675.119433876
2003,American Indian or Alaska Native,All Origins,all-cause,Male,M,us,Deaths,overall,7101,7101,7101
2003,American Indian or Alaska Native,All Origins,all-cause,Male,M,us,YLL,overall,261116.871422389,261116.871422389,261116.871422389
2003,American Indian or Alaska Native,All Origins,cvd_ihd,Female,F,us,Deaths,total,772,772,772
2003,American Indian or Alaska Native,All Origins,cvd_ihd,Female,F,us,YLL,total,16054.457363507,16054.457363507,16054.457363507
2003,American Indian or Alaska Native,All Origins,cvd_ihd,Male,M,us,Deaths,total,1131,1131,1131
2003,American Indian or Alaska Native,All Origins,cvd_ihd,Male,M,us,YLL,total,29724.745841946,29724.745841946,29724.745841946
2003,American Indian or Alaska Native,All Origins,cvd_stroke,Female,F,us,Deaths,total,138,138,138
2003,American Indian or Alaska Native,All Origins,cvd_stroke,Female,F,us,YLL,total,3690.487738039,3690.487738039,3690.487738039
2003,American Indian or Alaska Native,All Origins,cvd_stroke,Male,M,us,Deaths,total,94,94,94
2003,American Indian or Alaska Native,All Origins,cvd_stroke,Male,M,us,YLL,total,3103.600625127,3103.600625127,3103.600625127
2003,American Indian or Alaska Native,All Origins,lri,Female,F,us,Deaths,total,209,209,209
2003,American Indian or Alaska Native,All Origins,lri,Female,F,us,YLL,total,4967.984980194,4967.984980194,4967.984980194
2003,American Indian or Alaska Native,All Origins,lri,Male,M,us,Deaths,total,184,184,184
2003,American Indian or Alaska Native,All Origins,lri,Male,M,us,YLL,total,5237.288987612,5237.288987612,5237.288987612
2003,American Indian or Alaska Native,All Origins,neo_lung,Female,F,us,Deaths,total,255,255,255
2003,American Indian or Alaska Native,All Origins,neo_lung,Female,F,us,YLL,total,6328.064034364,6328.064034364,6328.064034364
2003,American Indian or Alaska Native,All Origins,neo_lung,Male,M,us,Deaths,total,301,301,301
2003,American Indian or Alaska Native,All Origins,neo_lung,Male,M,us,YLL,total,7896.30017028,7896.30017028,7896.30017028
2003,American Indian or Alaska Native,All Origins,resp_copd,Female,F,us,Deaths,total,220,220,220
2003,American Indian or Alaska Native,All Origins,resp_copd,Female,F,us,YLL,total,4752.999480046,4752.999480046,4752.999480046
2003,American Indian or Alaska Native,All Origins,resp_copd,Male,M,us,Deaths,total,250,250,250
2003,American Indian or Alaska Native,All Origins,resp_copd,Male,M,us,YLL,total,5515.275584459,5515.275584459,5515.275584459
2003,American Indian or Alaska Native,All Origins,t2_dm,Female,F,us,Deaths,total,118,118,118
2003,American Indian or Alaska Native,All Origins,t2_dm,Female,F,us,YLL,total,2702.402537291,2702.402537291,2702.402537291
2003,American Indian or Alaska Native,All Origins,t2_dm,Male,M,us,Deaths,total,92,92,92
2003,American Indian or Alaska Native,All Origins,t2_dm,Male,M,us,YLL,total,2328.149889013,2328.149889013,2328.149889013
2003,American Indian or Alaska Native,Hispanic or Latino,all-cause,Female,F,us,Deaths,overall,175,175,175
2003,American Indian or Alaska Native,Hispanic or Latino,all-cause,Female,F,us,YLL,overall,6820.839190791,6820.839190791,6820.839190791
2003,American Indian or Alaska Native,Hispanic or Latino,all-cause,Male,M,us,Deaths,overall,221,221,221
2003,American Indian or Alaska Native,Hispanic or Latino,all-cause,Male,M,us,YLL,overall,9957.386137046,9957.386137046,9957.386137046
2003,American Indian or Alaska Native,Hispanic or Latino,cvd_ihd,Female,F,us,Deaths,total,15,15,15
2003,American Indian or Alaska Native,Hispanic or Latino,cvd_ihd,Female,F,us,YLL,total,233.515141107,233.515141107,233.515141107
2003,American Indian or Alaska Native,Hispanic or Latino,cvd_ihd,Male,M,us,Deaths,total,29,29,29
2003,American Indian or Alaska Native,Hispanic or Latino,cvd_ihd,Male,M,us,YLL,total,726.15725383,726.15725383,726.15725383
2003,American Indian or Alaska Native,Hispanic or Latino,cvd_stroke,Female,F,us,Deaths,total,6,6,6
2003,American Indian or Alaska Native,Hispanic or Latino,cvd_stroke,Female,F,us,YLL,total,206.21529001,206.21529001,206.21529001
2003,American Indian or Alaska Native,Hispanic or Latino,cvd_stroke,Male,M,us,Deaths,total,7,7,7
2003,American Indian or Alaska Native,Hispanic or Latino,cvd_stroke,Male,M,us,YLL,total,242.26129732,242.26129732,242.26129732
2003,American Indian or Alaska Native,Hispanic or Latino,lri,Female,F,us,Deaths,total,4,4,4
2003,American Indian or Alaska Native,Hispanic or Latino,lri,Female,F,us,YLL,total,231.72064217,231.72064217,231.72064217
2003,American Indian or Alaska Native,Hispanic or Latino,lri,Male,M,us,Deaths,total,4,4,4
2003,American Indian or Alaska Native,Hispanic or Latino,lri,Male,M,us,YLL,total,149.220177555,149.220177555,149.220177555
2003,American Indian or Alaska Native,Hispanic or Latino,neo_lung,Female,F,us,Deaths,total,4,4,4
2003,American Indian or Alaska Native,Hispanic or Latino,neo_lung,Female,F,us,YLL,total,107.9527292,107.9527292,107.9527292
2003,American Indian or Alaska Native,Hispanic or Latino,neo_lung,Male,M,us,Deaths,total,5,5,5
2003,American Indian or Alaska Native,Hispanic or Latino,neo_lung,Male,M,us,YLL,total,143.86999119,143.86999119,143.86999119
2003,American Indian or Alaska Native,Hispanic or Latino,resp_copd,Female,F,us,Deaths,total,4,4,4
2003,American Indian or Alaska Native,Hispanic or Latino,resp_copd,Female,F,us,YLL,total,67.505649635,67.505649635,67.505649635
2003,American Indian or Alaska Native,Hispanic or Latino,resp_copd,Male,M,us,Deaths,total,4,4,4
2003,American Indian or Alaska Native,Hispanic or Latino,resp_copd,Male,M,us,YLL,total,131.025825904,131.025825904,131.025825904
2003,American Indian or Alaska Native,Hispanic or Latino,t2_dm,Female,F,us,Deaths,total,1,1,1
2003,American Indian or Alaska Native,Hispanic or Latino,t2_dm,Female,F,us,YLL,total,17.10351469,17.10351469,17.10351469
2003,American Indian or Alaska Native,Hispanic or Latino,t2_dm,Male,M,us,Deaths,total,1,1,1
2003,American Indian or Alaska Native,Hispanic or Latino,t2_dm,Male,M,us,YLL,total,21.28820012,21.28820012,21.28820012
2003,American Indian or Alaska Native,Not Hispanic or Latino,all-cause,Female,F,us,Deaths,overall,5857,5857,5857
2003,American Indian or Alaska Native,Not Hispanic or Latino,all-cause,Female,F,us,YLL,overall,173596.158596031,173596.158596031,173596.158596031
2003,American Indian or Alaska Native,Not Hispanic or Latino,all-cause,Male,M,us,Deaths,overall,6863,6863,6863
2003,American Indian or Alaska Native,Not Hispanic or Latino,all-cause,Male,M,us,YLL,overall,250444.092335323,250444.092335323,250444.092335323
2003,American Indian or Alaska Native,Not Hispanic or Latino,cvd_ihd,Female,F,us,Deaths,total,754,754,754
2003,American Indian or Alaska Native,Not Hispanic or Latino,cvd_ihd,Female,F,us,YLL,total,15784.474591616,15784.474591616,15784.474591616
2003,American Indian or Alaska Native,Not Hispanic or Latino,cvd_ihd,Male,M,us,Deaths,total,1099,1099,1099
2003,American Indian or Alaska Native,Not Hispanic or Latino,cvd_ihd,Male,M,us,YLL,total,28910.800244526,28910.800244526,28910.800244526
2003,American Indian or Alaska Native,Not Hispanic or Latino,cvd_stroke,Female,F,us,Deaths,total,132,132,132
2003,American Indian or Alaska Native,Not Hispanic or Latino,cvd_stroke,Female,F,us,YLL,total,3484.272448029,3484.272448029,3484.272448029
2003,American Indian or Alaska Native,Not Hispanic or Latino,cvd_stroke,Male,M,us,Deaths,total,87,87,87
2003,American Indian or Alaska Native,Not Hispanic or Latino,cvd_stroke,Male,M,us,YLL,total,2861.339327807,2861.339327807,2861.339327807
2003,American Indian or Alaska Native,Not Hispanic or Latino,lri,Female,F,us,Deaths,total,205,205,205
2003,American Indian or Alaska Native,Not Hispanic or Latino,lri,Female,F,us,YLL,total,4736.264338024,4736.264338024,4736.264338024
2003,American Indian or Alaska Native,Not Hispanic or Latino,lri,Male,M,us,Deaths,total,180,180,180
2003,American Indian or Alaska Native,Not Hispanic or Latino,lri,Male,M,us,YLL,total,5088.068810057,5088.068810057,5088.068810057
2003,American Indian or Alaska Native,Not Hispanic or Latino,neo_lung,Female,F,us,Deaths,total,251,251,251
2003,American Indian or Alaska Native,Not Hispanic or Latino,neo_lung,Female,F,us,YLL,total,6220.111305164,6220.111305164,6220.111305164
2003,American Indian or Alaska Native,Not Hispanic or Latino,neo_lung,Male,M,us,Deaths,total,294,294,294
2003,American Indian or Alaska Native,Not Hispanic or Latino,neo_lung,Male,M,us,YLL,total,7691.8344028,7691.8344028,7691.8344028
2003,American Indian or Alaska Native,Not Hispanic or Latino,resp_copd,Female,F,us,Deaths,total,216,216,216
2003,American Indian or Alaska Native,Not Hispanic or Latino,resp_copd,Female,F,us,YLL,total,4685.493830411,4685.493830411,4685.493830411
2003,American Indian or Alaska Native,Not Hispanic or Latino,resp_copd,Male,M,us,Deaths,total,245,245,245
2003,American Indian or Alaska Native,Not Hispanic or Latino,resp_copd,Male,M,us,YLL,total,5358.568863215,5358.568863215,5358.568863215
2003,American Indian or Alaska Native,Not Hispanic or Latino,t2_dm,Female,F,us,Deaths,total,117,117,117
2003,American Indian or Alaska Native,Not Hispanic or Latino,t2_dm,Female,F,us,YLL,total,2685.299022601,2685.299022601,2685.299022601
2003,American Indian or Alaska Native,Not Hispanic or Latino,t2_dm,Male,M,us,Deaths,total,91,91,91
2003,American Indian or Alaska Native,Not Hispanic or Latino,t2_dm,Male,M,us,YLL,total,2306.861688893,2306.861688893,2306.861688893
2003,Asian or Pacific Islander,All Origins,all-cause,Female,F,us,Deaths,overall,18939,18939,18939
2003,Asian or Pacific Islander,All Origins,all-cause,Female,F,us,YLL,overall,451386.034435702,451386.034435702,451386.034435702
2003,Asian or Pacific Islander,All Origins,all-cause,Male,M,us,Deaths,overall,21183,21183,21183
2003,Asian or Pacific Islander,All Origins,all-cause,Male,M,us,YLL,overall,579889.013692777,579889.013692777,579889.013692777
2003,Asian or Pacific Islander,All Origins,cvd_ihd,Female,F,us,Deaths,total,3182,3182,3182
2003,Asian or Pacific Islander,All Origins,cvd_ihd,Female,F,us,YLL,total,51002.804379552,51002.804379552,51002.804379552
2003,Asian or Pacific Islander,All Origins,cvd_ihd,Male,M,us,Deaths,total,4185,4185,4185
2003,Asian or Pacific Islander,All Origins,cvd_ihd,Male,M,us,YLL,total,91665.405159925,91665.405159925,91665.405159925
2003,Asian or Pacific Islander,All Origins,cvd_stroke,Female,F,us,Deaths,total,879,879,879
2003,Asian or Pacific Islander,All Origins,cvd_stroke,Female,F,us,YLL,total,20882.803376911,20882.803376911,20882.803376911
2003,Asian or Pacific Islander,All Origins,cvd_stroke,Male,M,us,Deaths,total,708,708,708
2003,Asian or Pacific Islander,All Origins,cvd_stroke,Male,M,us,YLL,total,19396.021729551,19396.021729551,19396.021729551
2003,Asian or Pacific Islander,All Origins,lri,Female,F,us,Deaths,total,579,579,579
2003,Asian or Pacific Islander,All Origins,lri,Female,F,us,YLL,total,9479.191378883,9479.191378883,9479.191378883
2003,Asian or Pacific Islander,All Origins,lri,Male,M,us,Deaths,total,681,681,681
2003,Asian or Pacific Islander,All Origins,lri,Male,M,us,YLL,total,11872.543499343,11872.543499343,11872.543499343
2003,Asian or Pacific Islander,All Origins,neo_lung,Female,F,us,Deaths,total,955,955,955
2003,Asian or Pacific Islander,All Origins,neo_lung,Female,F,us,YLL,total,22918.208581162,22918.208581162,22918.208581162
2003,Asian or Pacific Islander,All Origins,neo_lung,Male,M,us,Deaths,total,1460,1460,1460
2003,Asian or Pacific Islander,All Origins,neo_lung,Male,M,us,YLL,total,34981.687214695,34981.687214695,34981.687214695
2003,Asian or Pacific Islander,All Origins,resp_copd,Female,F,us,Deaths,total,366,366,366
2003,Asian or Pacific Islander,All Origins,resp_copd,Female,F,us,YLL,total,5865.264026893,5865.264026893,5865.264026893
2003,Asian or Pacific Islander,All Origins,resp_copd,Male,M,us,Deaths,total,727,727,727
2003,Asian or Pacific Islander,All Origins,resp_copd,Male,M,us,YLL,total,12213.320522627,12213.320522627,12213.320522627
2003,Asian or Pacific Islander,All Origins,t2_dm,Female,F,us,Deaths,total,134,134,134
2003,Asian or Pacific Islander,All Origins,t2_dm,Female,F,us,YLL,total,2403.844704866,2403.844704866,2403.844704866
2003,Asian or Pacific Islander,All Origins,t2_dm,Male,M,us,Deaths,total,100,100,100
2003,Asian or Pacific Islander,All Origins,t2_dm,Male,M,us,YLL,total,2127.54247842,2127.54247842,2127.54247842
2003,Asian or Pacific Islander,Hispanic or Latino,all-cause,Female,F,us,Deaths,overall,291,291,291
2003,Asian or Pacific Islander,Hispanic or Latino,all-cause,Female,F,us,YLL,overall,8594.705302383,8594.705302383,8594.705302383
2003,Asian or Pacific Islander,Hispanic or Latino,all-cause,Male,M,us,Deaths,overall,374,374,374
2003,Asian or Pacific Islander,Hispanic or Latino,all-cause,Male,M,us,YLL,overall,13292.981876362,13292.981876362,13292.981876362
2003,Asian or Pacific Islander,Hispanic or Latino,cvd_ihd,Female,F,us,Deaths,total,48,48,48
2003,Asian or Pacific Islander,Hispanic or Latino,cvd_ihd,Female,F,us,YLL,total,1053.701907747,1053.701907747,1053.701907747
2003,Asian or Pacific Islander,Hispanic or Latino,cvd_ihd,Male,M,us,Deaths,total,59,59,59
2003,Asian or Pacific Islander,Hispanic or Latino,cvd_ihd,Male,M,us,YLL,total,1494.715138604,1494.715138604,1494.715138604
2003,Asian or Pacific Islander,Hispanic or Latino,cvd_stroke,Female,F,us,Deaths,total,11,11,11
2003,Asian or Pacific Islander,Hispanic or Latino,cvd_stroke,Female,F,us,YLL,total,235.780764028,235.780764028,235.780764028
2003,Asian or Pacific Islander,Hispanic or Latino,cvd_stroke,Male,M,us,Deaths,total,6,6,6
2003,Asian or Pacific Islander,Hispanic or Latino,cvd_stroke,Male,M,us,YLL,total,203.965591915,203.965591915,203.965591915
2003,Asian or Pacific Islander,Hispanic or Latino,lri,Female,F,us,Deaths,total,4,4,4
2003,Asian or Pacific Islander,Hispanic or Latino,lri,Female,F,us,YLL,total,73.854781604,73.854781604,73.854781604
2003,Asian or Pacific Islander,Hispanic or Latino,lri,Male,M,us,Deaths,total,6,6,6
2003,Asian or Pacific Islander,Hispanic or Latino,lri,Male,M,us,YLL,total,87.895038118,87.895038118,87.895038118
2003,Asian or Pacific Islander,Hispanic or Latino,neo_lung,Female,F,us,Deaths,total,8,8,8
2003,Asian or Pacific Islander,Hispanic or Latino,neo_lung,Female,F,us,YLL,total,209.119286654,209.119286654,209.119286654
2003,Asian or Pacific Islander,Hispanic or Latino,neo_lung,Male,M,us,Deaths,total,19,19,19
2003,Asian or Pacific Islander,Hispanic or Latino,neo_lung,Male,M,us,YLL,total,466.43124687,466.43124687,466.43124687
2003,Asian or Pacific Islander,Hispanic or Latino,resp_copd,Female,F,us,Deaths,total,7,7,7
2003,Asian or Pacific Islander,Hispanic or Latino,resp_copd,Female,F,us,YLL,total,103.765270629,103.765270629,103.765270629
2003,Asian or Pacific Islander,Hispanic or Latino,resp_copd,Male,M,us,Deaths,total,7,7,7
2003,Asian or Pacific Islander,Hispanic or Latino,resp_copd,Male,M,us,YLL,total,143.00746078,143.00746078,143.00746078
2003,Asian or Pacific Islander,Hispanic or Latino,t2_dm,Female,F,us,Deaths,total,1,1,1
2003,Asian or Pacific Islander,Hispanic or Latino,t2_dm,Female,F,us,YLL,total,9.990181244,9.990181244,9.990181244
2003,Asian or Pacific Islander,Hispanic or Latino,t2_dm,Male,M,us,Deaths,total,1,1,1
2003,Asian or Pacific Islander,Hispanic or Latino,t2_dm,Male,M,us,YLL,total,34.91488095,34.91488095,34.91488095
2003,Asian or Pacific Islander,Not Hispanic or Latino,all-cause,Female,F,us,Deaths,overall,18588,18588,18588
2003,Asian or Pacific Islander,Not Hispanic or Latino,all-cause,Female,F,us,YLL,overall,440844.59450396,440844.59450396,440844.59450396
2003,Asian or Pacific Islander,Not Hispanic or Latino,all-cause,Male,M,us,Deaths,overall,20729,20729,20729
2003,Asian or Pacific Islander,Not Hispanic or Latino,all-cause,Male,M,us,YLL,overall,563868.173523843,563868.173523843,563868.173523843
2003,Asian or Pacific Islander,Not Hispanic or Latino,cvd_ihd,Female,F,us,Deaths,total,3118,3118,3118
2003,Asian or Pacific Islander,Not Hispanic or Latino,cvd_ihd,Female,F,us,YLL,total,49682.042942531,49682.042942531,49682.042942531
2003,Asian or Pacific Islander,Not Hispanic or Latino,cvd_ihd,Male,M,us,Deaths,total,4103,4103,4103
2003,Asian or Pacific Islander,Not Hispanic or Latino,cvd_ihd,Male,M,us,YLL,total,89659.549254811,89659.549254811,89659.549254811
2003,Asian or Pacific Islander,Not Hispanic or Latino,cvd_stroke,Female,F,us,Deaths,total,868,868,868
2003,Asian or Pacific Islander,Not Hispanic or Latino,cvd_stroke,Female,F,us,YLL,total,20647.022612883,20647.022612883,20647.022612883
2003,Asian or Pacific Islander,Not Hispanic or Latino,cvd_stroke,Male,M,us,Deaths,total,701,701,701
2003,Asian or Pacific Islander,Not Hispanic or Latino,cvd_stroke,Male,M,us,YLL,total,19132.859860536,19132.859860536,19132.859860536
2003,Asian or Pacific Islander,Not Hispanic or Latino,lri,Female,F,us,Deaths,total,574,574,574
2003,Asian or Pacific Islander,Not Hispanic or Latino,lri,Female,F,us,YLL,total,9379.655701939,9379.655701939,9379.655701939
2003,Asian or Pacific Islander,Not Hispanic or Latino,lri,Male,M,us,Deaths,total,675,675,675
2003,Asian or Pacific Islander,Not Hispanic or Latino,lri,Male,M,us,YLL,total,11784.648461225,11784.648461225,11784.648461225
2003,Asian or Pacific Islander,Not Hispanic or Latino,neo_lung,Female,F,us,Deaths,total,947,947,947
2003,Asian or Pacific Islander,Not Hispanic or Latino,neo_lung,Female,F,us,YLL,total,22709.089294508,22709.089294508,22709.089294508
2003,Asian or Pacific Islander,Not Hispanic or Latino,neo_lung,Male,M,us,Deaths,total,1435,1435,1435
2003,Asian or Pacific Islander,Not Hispanic or Latino,neo_lung,Male,M,us,YLL,total,34329.958867995,34329.958867995,34329.958867995
2003,Asian or Pacific Islander,Not Hispanic or Latino,resp_copd,Female,F,us,Deaths,total,357,357,357
2003,Asian or Pacific Islander,Not Hispanic or Latino,resp_copd,Female,F,us,YLL,total,5731.156516804,5731.156516804,5731.156516804
2003,Asian or Pacific Islander,Not Hispanic or Latino,resp_copd,Male,M,us,Deaths,total,717,717,717
2003,Asian or Pacific Islander,Not Hispanic or Latino,resp_copd,Male,M,us,YLL,total,11986.960121167,11986.960121167,11986.960121167
2003,Asian or Pacific Islander,Not Hispanic or Latino,t2_dm,Female,F,us,Deaths,total,133,133,133
2003,Asian or Pacific Islander,Not Hispanic or Latino,t2_dm,Female,F,us,YLL,total,2393.854523622,2393.854523622,2393.854523622
2003,Asian or Pacific Islander,Not Hispanic or Latino,t2_dm,Male,M,us,Deaths,total,99,99,99
2003,Asian or Pacific Islander,Not Hispanic or Latino,t2_dm,Male,M,us,YLL,total,2092.62759747,2092.62759747,2092.62759747
2003,Black or African American,All Origins,all-cause,Female,F,us,Deaths,overall,143273,143273,143273
2003,Black or African American,All Origins,all-cause,Female,F,us,YLL,overall,3745303.94745044,3745303.94745044,3745303.94745044
2003,Black or African American,All Origins,all-cause,Male,M,us,Deaths,overall,147987,147987,147987
2003,Black or African American,All Origins,all-cause,Male,M,us,YLL,overall,4896797.80825652,4896797.80825652,4896797.80825652
2003,Black or African American,All Origins,cvd_ihd,Female,F,us,Deaths,total,25001,25001,25001
2003,Black or African American,All Origins,cvd_ihd,Female,F,us,YLL,total,470714.602764153,470714.602764153,470714.602764153
2003,Black or African American,All Origins,cvd_ihd,Male,M,us,Deaths,total,24269,24269,24269
2003,Black or African American,All Origins,cvd_ihd,Male,M,us,YLL,total,605317.515229275,605317.515229275,605317.515229275
2003,Black or African American,All Origins,cvd_stroke,Female,F,us,Deaths,total,3581,3581,3581
2003,Black or African American,All Origins,cvd_stroke,Female,F,us,YLL,total,97783.394317883,97783.394317883,97783.394317883
2003,Black or African American,All Origins,cvd_stroke,Male,M,us,Deaths,total,2995,2995,2995
2003,Black or African American,All Origins,cvd_stroke,Male,M,us,YLL,total,93394.297335508,93394.297335508,93394.297335508
2003,Black or African American,All Origins,lri,Female,F,us,Deaths,total,2988,2988,2988
2003,Black or African American,All Origins,lri,Female,F,us,YLL,total,61429.934080355,61429.934080355,61429.934080355
2003,Black or African American,All Origins,lri,Male,M,us,Deaths,total,2936,2936,2936
2003,Black or African American,All Origins,lri,Male,M,us,YLL,total,75392.374700797,75392.374700797,75392.374700797
2003,Black or African American,All Origins,neo_lung,Female,F,us,Deaths,total,6384,6384,6384
2003,Black or African American,All Origins,neo_lung,Female,F,us,YLL,total,163879.606798229,163879.606798229,163879.606798229
2003,Black or African American,All Origins,neo_lung,Male,M,us,Deaths,total,9988,9988,9988
2003,Black or African American,All Origins,neo_lung,Male,M,us,YLL,total,266211.846941432,266211.846941432,266211.846941432
2003,Black or African American,All Origins,resp_copd,Female,F,us,Deaths,total,2852,2852,2852
2003,Black or African American,All Origins,resp_copd,Female,F,us,YLL,total,58777.465055562,58777.465055562,58777.465055562
2003,Black or African American,All Origins,resp_copd,Male,M,us,Deaths,total,3788,3788,3788
2003,Black or African American,All Origins,resp_copd,Male,M,us,YLL,total,79933.54633929,79933.54633929,79933.54633929
2003,Black or African American,All Origins,t2_dm,Female,F,us,Deaths,total,1116,1116,1116
2003,Black or African American,All Origins,t2_dm,Female,F,us,YLL,total,23241.434374264,23241.434374264,23241.434374264
2003,Black or African American,All Origins,t2_dm,Male,M,us,Deaths,total,733,733,733
2003,Black or African American,All Origins,t2_dm,Male,M,us,YLL,total,17925.292215186,17925.292215186,17925.292215186
2003,Black or African American,Hispanic or Latino,all-cause,Female,F,us,Deaths,overall,825,825,825
2003,Black or African American,Hispanic or Latino,all-cause,Female,F,us,YLL,overall,25653.425694975,25653.425694975,25653.425694975
2003,Black or African American,Hispanic or Latino,all-cause,Male,M,us,Deaths,overall,963,963,963
2003,Black or African American,Hispanic or Latino,all-cause,Male,M,us,YLL,overall,37444.686001432,37444.686001432,37444.686001432
2003,Black or African American,Hispanic or Latino,cvd_ihd,Female,F,us,Deaths,total,162,162,162
2003,Black or African American,Hispanic or Latino,cvd_ihd,Female,F,us,YLL,total,2744.117580265,2744.117580265,2744.117580265
2003,Black or African American,Hispanic or Latino,cvd_ihd,Male,M,us,Deaths,total,169,169,169
2003,Black or African American,Hispanic or Latino,cvd_ihd,Male,M,us,YLL,total,3855.86753117,3855.86753117,3855.86753117
2003,Black or African American,Hispanic or Latino,cvd_stroke,Female,F,us,Deaths,total,22,22,22
2003,Black or African American,Hispanic or Latino,cvd_stroke,Female,F,us,YLL,total,650.847939828,650.847939828,650.847939828
2003,Black or African American,Hispanic or Latino,cvd_stroke,Male,M,us,Deaths,total,21,21,21
2003,Black or African American,Hispanic or Latino,cvd_stroke,Male,M,us,YLL,total,765.34072235,765.34072235,765.34072235
2003,Black or African American,Hispanic or Latino,lri,Female,F,us,Deaths,total,14,14,14
2003,Black or African American,Hispanic or Latino,lri,Female,F,us,YLL,total,412.397769598,412.397769598,412.397769598
2003,Black or African American,Hispanic or Latino,lri,Male,M,us,Deaths,total,22,22,22
2003,Black or African American,Hispanic or Latino,lri,Male,M,us,YLL,total,621.738902547,621.738902547,621.738902547
2003,Black or African American,Hispanic or Latino,neo_lung,Female,F,us,Deaths,total,20,20,20
2003,Black or African American,Hispanic or Latino,neo_lung,Female,F,us,YLL,total,481.571850174,481.571850174,481.571850174
2003,Black or African American,Hispanic or Latino,neo_lung,Male,M,us,Deaths,total,31,31,31
2003,Black or African American,Hispanic or Latino,neo_lung,Male,M,us,YLL,total,780.437025556,780.437025556,780.437025556
2003,Black or African American,Hispanic or Latino,resp_copd,Female,F,us,Deaths,total,21,21,21
2003,Black or African American,Hispanic or Latino,resp_copd,Female,F,us,YLL,total,325.830218829,325.830218829,325.830218829
2003,Black or African American,Hispanic or Latino,resp_copd,Male,M,us,Deaths,total,23,23,23
2003,Black or African American,Hispanic or Latino,resp_copd,Male,M,us,YLL,total,425.948405227,425.948405227,425.948405227
2003,Black or African American,Hispanic or Latino,t2_dm,Female,F,us,Deaths,total,4,4,4
2003,Black or African American,Hispanic or Latino,t2_dm,Female,F,us,YLL,total,79.967158574,79.967158574,79.967158574
2003,Black or African American,Hispanic or Latino,t2_dm,Male,M,us,Deaths,total,3,3,3
2003,Black or African American,Hispanic or Latino,t2_dm,Male,M,us,YLL,total,57.347134154,57.347134154,57.347134154
2003,Black or African American,Not Hispanic or Latino,all-cause,Female,F,us,Deaths,overall,141829,141829,141829
2003,Black or African American,Not Hispanic or Latino,all-cause,Female,F,us,YLL,overall,3701815.73512995,3701815.73512995,3701815.73512995
2003,Black or African American,Not Hispanic or Latino,all-cause,Male,M,us,Deaths,overall,146119,146119,146119
2003,Black or African American,Not Hispanic or Latino,all-cause,Male,M,us,YLL,overall,4826237.16361445,4826237.16361445,4826237.16361445
2003,Black or African American,Not Hispanic or Latino,cvd_ihd,Female,F,us,Deaths,total,24698,24698,24698
2003,Black or African American,Not Hispanic or Latino,cvd_ihd,Female,F,us,YLL,total,465193.145673366,465193.145673366,465193.145673366
2003,Black or African American,Not Hispanic or Latino,cvd_ihd,Male,M,us,Deaths,total,23918,23918,23918
2003,Black or African American,Not Hispanic or Latino,cvd_ihd,Male,M,us,YLL,total,596846.82183287,596846.82183287,596846.82183287
2003,Black or African American,Not Hispanic or Latino,cvd_stroke,Female,F,us,Deaths,total,3543,3543,3543
2003,Black or African American,Not Hispanic or Latino,cvd_stroke,Female,F,us,YLL,total,96681.113989141,96681.113989141,96681.113989141
2003,Black or African American,Not Hispanic or Latino,cvd_stroke,Male,M,us,Deaths,total,2961,2961,2961
2003,Black or African American,Not Hispanic or Latino,cvd_stroke,Male,M,us,YLL,total,92222.192962224,92222.192962224,92222.192962224
2003,Black or African American,Not Hispanic or Latino,lri,Female,F,us,Deaths,total,2959,2959,2959
2003,Black or African American,Not Hispanic or Latino,lri,Female,F,us,YLL,total,60812.895927566,60812.895927566,60812.895927566
2003,Black or African American,Not Hispanic or Latino,lri,Male,M,us,Deaths,total,2891,2891,2891
2003,Black or African American,Not Hispanic or Latino,lri,Male,M,us,YLL,total,74197.01937457,74197.01937457,74197.01937457
2003,Black or African American,Not Hispanic or Latino,neo_lung,Female,F,us,Deaths,total,6338,6338,6338
2003,Black or African American,Not Hispanic or Latino,neo_lung,Female,F,us,YLL,total,162702.161426463,162702.161426463,162702.161426463
2003,Black or African American,Not Hispanic or Latino,neo_lung,Male,M,us,Deaths,total,9914,9914,9914
2003,Black or African American,Not Hispanic or Latino,neo_lung,Male,M,us,YLL,total,264215.729914561,264215.729914561,264215.729914561
2003,Black or African American,Not Hispanic or Latino,resp_copd,Female,F,us,Deaths,total,2825,2825,2825
2003,Black or African American,Not Hispanic or Latino,resp_copd,Female,F,us,YLL,total,58369.708980367,58369.708980367,58369.708980367
2003,Black or African American,Not Hispanic or Latino,resp_copd,Male,M,us,Deaths,total,3750,3750,3750
2003,Black or African American,Not Hispanic or Latino,resp_copd,Male,M,us,YLL,total,79193.449432133,79193.449432133,79193.449432133
2003,Black or African American,Not Hispanic or Latino,t2_dm,Female,F,us,Deaths,total,1108,1108,1108
2003,Black or African American,Not Hispanic or Latino,t2_dm,Female,F,us,YLL,total,23068.124093766,23068.124093766,23068.124093766
2003,Black or African American,Not Hispanic or Latino,t2_dm,Male,M,us,Deaths,total,729,729,729
2003,Black or African American,Not Hispanic or Latino,t2_dm,Male,M,us,YLL,total,17854.706356262,17854.706356262,17854.706356262
2003,White,All Origins,all-cause,Female,F,us,Deaths,overall,1078000,1078000,1078000
2003,White,All Origins,all-cause,Female,F,us,YLL,overall,19849896.9461887,19849896.9461887,19849896.9461887
2003,White,All Origins,all-cause,Male,M,us,Deaths,overall,1025422,1025422,1025422
2003,White,All Origins,all-cause,Male,M,us,YLL,overall,24920645.4028231,24920645.4028231,24920645.4028231
2003,White,All Origins,cvd_ihd,Female,F,us,Deaths,total,204724,204724,204724
2003,White,All Origins,cvd_ihd,Female,F,us,YLL,total,2904532.97046617,2904532.97046617,2904532.97046617
2003,White,All Origins,cvd_ihd,Male,M,us,Deaths,total,216735,216735,216735
2003,White,All Origins,cvd_ihd,Male,M,us,YLL,total,4375694.45858106,4375694.45858106,4375694.45858106
2003,White,All Origins,cvd_stroke,Female,F,us,Deaths,total,23035,23035,23035
2003,White,All Origins,cvd_stroke,Female,F,us,YLL,total,412824.945188027,412824.945188027,412824.945188027
2003,White,All Origins,cvd_stroke,Male,M,us,Deaths,total,16864,16864,16864
2003,White,All Origins,cvd_stroke,Male,M,us,YLL,total,367763.230257049,367763.230257049,367763.230257049
2003,White,All Origins,lri,Female,F,us,Deaths,total,32902,32902,32902
2003,White,All Origins,lri,Female,F,us,YLL,total,451930.04023393,451930.04023393,451930.04023393
2003,White,All Origins,lri,Male,M,us,Deaths,total,25208,25208,25208
2003,White,All Origins,lri,Male,M,us,YLL,total,435336.300594177,435336.300594177,435336.300594177
2003,White,All Origins,neo_lung,Female,F,us,Deaths,total,60528,60528,60528
2003,White,All Origins,neo_lung,Female,F,us,YLL,total,1359153.49334927,1359153.49334927,1359153.49334927
2003,White,All Origins,neo_lung,Male,M,us,Deaths,total,78213,78213,78213
2003,White,All Origins,neo_lung,Male,M,us,YLL,total,1815941.44183201,1815941.44183201,1815941.44183201
2003,White,All Origins,resp_copd,Female,F,us,Deaths,total,59345,59345,59345
2003,White,All Origins,resp_copd,Female,F,us,YLL,total,1024063.03598531,1024063.03598531,1024063.03598531
2003,White,All Origins,resp_copd,Male,M,us,Deaths,total,54280,54280,54280
2003,White,All Origins,resp_copd,Male,M,us,YLL,total,997177.06444081,997177.06444081,997177.06444081
2003,White,All Origins,t2_dm,Female,F,us,Deaths,total,6643,6643,6643
2003,White,All Origins,t2_dm,Female,F,us,YLL,total,111667.734655835,111667.734655835,111667.734655835
2003,White,All Origins,t2_dm,Male,M,us,Deaths,total,6011,6011,6011
2003,White,All Origins,t2_dm,Male,M,us,YLL,total,121405.495139903,121405.495139903,121405.495139903
2003,White,Hispanic or Latino,all-cause,Female,F,us,Deaths,overall,52608,52608,52608
2003,White,Hispanic or Latino,all-cause,Female,F,us,YLL,overall,1436886.67601214,1436886.67601214,1436886.67601214
2003,White,Hispanic or Latino,all-cause,Male,M,us,Deaths,overall,66522,66522,66522
2003,White,Hispanic or Latino,all-cause,Male,M,us,YLL,overall,2378158.28012007,2378158.28012007,2378158.28012007
2003,White,Hispanic or Latino,cvd_ihd,Female,F,us,Deaths,total,9503,9503,9503
2003,White,Hispanic or Latino,cvd_ihd,Female,F,us,YLL,total,155270.093720984,155270.093720984,155270.093720984
2003,White,Hispanic or Latino,cvd_ihd,Male,M,us,Deaths,total,10792,10792,10792
2003,White,Hispanic or Latino,cvd_ihd,Male,M,us,YLL,total,247015.124521385,247015.124521385,247015.124521385
2003,White,Hispanic or Latino,cvd_stroke,Female,F,us,Deaths,total,1258,1258,1258
2003,White,Hispanic or Latino,cvd_stroke,Female,F,us,YLL,total,32570.051527828,32570.051527828,32570.051527828
2003,White,Hispanic or Latino,cvd_stroke,Male,M,us,Deaths,total,1224,1224,1224
2003,White,Hispanic or Latino,cvd_stroke,Male,M,us,YLL,total,38953.129143183,38953.129143183,38953.129143183
2003,White,Hispanic or Latino,lri,Female,F,us,Deaths,total,1510,1510,1510
2003,White,Hispanic or Latino,lri,Female,F,us,YLL,total,29895.235688536,29895.235688536,29895.235688536
2003,White,Hispanic or Latino,lri,Male,M,us,Deaths,total,1419,1419,1419
2003,White,Hispanic or Latino,lri,Male,M,us,YLL,total,35845.953022721,35845.953022721,35845.953022721
2003,White,Hispanic or Latino,neo_lung,Female,F,us,Deaths,total,1464,1464,1464
2003,White,Hispanic or Latino,neo_lung,Female,F,us,YLL,total,34527.883087012,34527.883087012,34527.883087012
2003,White,Hispanic or Latino,neo_lung,Male,M,us,Deaths,total,2585,2585,2585
2003,White,Hispanic or Latino,neo_lung,Male,M,us,YLL,total,62985.176003387,62985.176003387,62985.176003387
2003,White,Hispanic or Latino,resp_copd,Female,F,us,Deaths,total,1264,1264,1264
2003,White,Hispanic or Latino,resp_copd,Female,F,us,YLL,total,21385.125786374,21385.125786374,21385.125786374
2003,White,Hispanic or Latino,resp_copd,Male,M,us,Deaths,total,1515,1515,1515
2003,White,Hispanic or Latino,resp_copd,Male,M,us,YLL,total,27283.018509976,27283.018509976,27283.018509976
2003,White,Hispanic or Latino,t2_dm,Female,F,us,Deaths,total,601,601,601
2003,White,Hispanic or Latino,t2_dm,Female,F,us,YLL,total,12148.93846236,12148.93846236,12148.93846236
2003,White,Hispanic or Latino,t2_dm,Male,M,us,Deaths,total,542,542,542
2003,White,Hispanic or Latino,t2_dm,Male,M,us,YLL,total,12490.420255506,12490.420255506,12490.420255506
2003,White,Not Hispanic or Latino,all-cause,Female,F,us,Deaths,overall,1023246,1023246,1023246
2003,White,Not Hispanic or Latino,all-cause,Female,F,us,YLL,overall,18365837.0526657,18365837.0526657,18365837.0526657
2003,White,Not Hispanic or Latino,all-cause,Male,M,us,Deaths,overall,956098,956098,956098
2003,White,Not Hispanic or Latino,all-cause,Male,M,us,YLL,overall,22459431.527498,22459431.527498,22459431.527498
2003,White,Not Hispanic or Latino,cvd_ihd,Female,F,us,Deaths,total,194786,194786,194786
2003,White,Not Hispanic or Latino,cvd_ihd,Female,F,us,YLL,total,2742421.27768171,2742421.27768171,2742421.27768171
2003,White,Not Hispanic or Latino,cvd_ihd,Male,M,us,Deaths,total,205302,205302,205302
2003,White,Not Hispanic or Latino,cvd_ihd,Male,M,us,YLL,total,4114376.66359498,4114376.66359498,4114376.66359498
2003,White,Not Hispanic or Latino,cvd_stroke,Female,F,us,Deaths,total,21732,21732,21732
2003,White,Not Hispanic or Latino,cvd_stroke,Female,F,us,YLL,total,379296.066530086,379296.066530086,379296.066530086
2003,White,Not Hispanic or Latino,cvd_stroke,Male,M,us,Deaths,total,15602,15602,15602
2003,White,Not Hispanic or Latino,cvd_stroke,Male,M,us,YLL,total,327622.719610909,327622.719610909,327622.719610909
2003,White,Not Hispanic or Latino,lri,Female,F,us,Deaths,total,31329,31329,31329
2003,White,Not Hispanic or Latino,lri,Female,F,us,YLL,total,421046.088837215,421046.088837215,421046.088837215
2003,White,Not Hispanic or Latino,lri,Male,M,us,Deaths,total,23714,23714,23714
2003,White,Not Hispanic or Latino,lri,Male,M,us,YLL,total,397770.543738122,397770.543738122,397770.543738122
2003,White,Not Hispanic or Latino,neo_lung,Female,F,us,Deaths,total,58969,58969,58969
2003,White,Not Hispanic or Latino,neo_lung,Female,F,us,YLL,total,1322467.24018494,1322467.24018494,1322467.24018494
2003,White,Not Hispanic or Latino,neo_lung,Male,M,us,Deaths,total,75466,75466,75466
2003,White,Not Hispanic or Latino,neo_lung,Male,M,us,YLL,total,1749062.43843157,1749062.43843157,1749062.43843157
2003,White,Not Hispanic or Latino,resp_copd,Female,F,us,Deaths,total,57954,57954,57954
2003,White,Not Hispanic or Latino,resp_copd,Female,F,us,YLL,total,1000195.48942575,1000195.48942575,1000195.48942575
2003,White,Not Hispanic or Latino,resp_copd,Male,M,us,Deaths,total,52622,52622,52622
2003,White,Not Hispanic or Latino,resp_copd,Male,M,us,YLL,total,966887.351903512,966887.351903512,966887.351903512
2003,White,Not Hispanic or Latino,t2_dm,Female,F,us,Deaths,total,6028,6028,6028
2003,White,Not Hispanic or Latino,t2_dm,Female,F,us,YLL,total,99310.891577873,99310.891577873,99310.891577873
2003,White,Not Hispanic or Latino,t2_dm,Male,M,us,Deaths,total,5456,5456,5456
2003,White,Not Hispanic or Latino,t2_dm,Male,M,us,YLL,total,108636.106674113,108636.106674113,108636.106674113
