Year,Region,agr_by,Gender.Code,scenario,Education,pm_metric,value,Ethnicity
1990,United States,nation,All genders,A,666,mean,17.0694945132237,"All, All Origins"
1990,United States,nation,All genders,A,666,median,17.3646695767313,"All, All Origins"
1990,United States,nation,All genders,B,666,mean,11.6129860881529,"All, All Origins"
1990,United States,nation,All genders,B,666,median,11.9983467536068,"All, All Origins"
1990,United States,nation,All genders,A,666,mean,12.738359109523,American Indian or Alaska Native
1990,United States,nation,All genders,A,666,median,12.559516864175,American Indian or Alaska Native
1990,United States,nation,All genders,B,666,mean,9.94265381855119,American Indian or Alaska Native
1990,United States,nation,All genders,B,666,median,11.9917244396518,American Indian or Alaska Native
1990,United States,nation,All genders,A,666,mean,18.1198180059804,Asian or Pacific Islander
1990,United States,nation,All genders,A,666,median,19.1665357474466,Asian or Pacific Islander
1990,United States,nation,All genders,B,666,mean,11.038438868333,Asian or Pacific Islander
1990,United States,nation,All genders,B,666,median,11.9982286753464,Asian or Pacific Islander
1990,United States,nation,All genders,A,666,mean,19.2251283458544,Black or African American
1990,United States,nation,All genders,A,666,median,19.6289064894495,Black or African American
1990,United States,nation,All genders,B,666,mean,11.9400039820936,Black or African American
1990,United States,nation,All genders,B,666,median,11.9996940460523,Black or African American
1990,United States,nation,All genders,A,666,mean,16.6560177923031,"White, All Origins"
1990,United States,nation,All genders,A,666,median,16.8452061728504,"White, All Origins"
1990,United States,nation,All genders,B,666,mean,11.6003137623644,"White, All Origins"
1990,United States,nation,All genders,B,666,median,11.9981587240536,"White, All Origins"
1991,United States,nation,All genders,A,666,mean,16.6414432873857,"All, All Origins"
1991,United States,nation,All genders,A,666,median,16.7769855027649,"All, All Origins"
1991,United States,nation,All genders,B,666,mean,11.5815737438656,"All, All Origins"
1991,United States,nation,All genders,B,666,median,11.9980574269757,"All, All Origins"
1991,United States,nation,All genders,A,666,mean,12.5478182848958,American Indian or Alaska Native
1991,United States,nation,All genders,A,666,median,12.3918315851758,American Indian or Alaska Native
1991,United States,nation,All genders,B,666,mean,9.90244060784599,American Indian or Alaska Native
1991,United States,nation,All genders,B,666,median,11.9912041825075,American Indian or Alaska Native
1991,United States,nation,All genders,A,666,mean,18.1617696582242,Asian or Pacific Islander
1991,United States,nation,All genders,A,666,median,19.0187488574466,Asian or Pacific Islander
1991,United States,nation,All genders,B,666,mean,11.0979848541628,Asian or Pacific Islander
1991,United States,nation,All genders,B,666,median,11.998175672667,Asian or Pacific Islander
1991,United States,nation,All genders,A,666,mean,18.6499089719008,Black or African American
1991,United States,nation,All genders,A,666,median,18.9947240415932,Black or African American
1991,United States,nation,All genders,B,666,mean,11.9325151280461,Black or African American
1991,United States,nation,All genders,B,666,median,11.9996144599416,Black or African American
1991,United States,nation,All genders,A,666,mean,16.2131165361348,"White, All Origins"
1991,United States,nation,All genders,A,666,median,16.3220185872952,"White, All Origins"
1991,United States,nation,All genders,B,666,mean,11.5632454614028,"White, All Origins"
1991,United States,nation,All genders,B,666,median,11.9978205716854,"White, All Origins"
1992,United States,nation,All genders,A,666,mean,15.4953928043045,"All, All Origins"
1992,United States,nation,All genders,A,666,median,15.7305423532878,"All, All Origins"
1992,United States,nation,All genders,B,666,mean,11.4604838626873,"All, All Origins"
1992,United States,nation,All genders,B,666,median,11.9973563728302,"All, All Origins"
1992,United States,nation,All genders,A,666,mean,11.7457344708298,American Indian or Alaska Native
1992,United States,nation,All genders,A,666,median,11.9281691968466,American Indian or Alaska Native
1992,United States,nation,All genders,B,666,mean,9.70743628750273,American Indian or Alaska Native
1992,United States,nation,All genders,B,666,median,11.9281691968466,American Indian or Alaska Native
1992,United States,nation,All genders,A,666,mean,16.410429854987,Asian or Pacific Islander
1992,United States,nation,All genders,A,666,median,17.1500435798254,Asian or Pacific Islander
1992,United States,nation,All genders,B,666,mean,11.0726896564418,Asian or Pacific Islander
1992,United States,nation,All genders,B,666,median,11.9978057454327,Asian or Pacific Islander
1992,United States,nation,All genders,A,666,mean,17.4505110288933,Black or African American
1992,United States,nation,All genders,A,666,median,17.7721297583769,Black or African American
1992,United States,nation,All genders,B,666,mean,11.9061361801217,Black or African American
1992,United States,nation,All genders,B,666,median,11.9994187486389,Black or African American
1992,United States,nation,All genders,A,666,mean,15.1365889432396,"White, All Origins"
1992,United States,nation,All genders,A,666,median,15.2949802731133,"White, All Origins"
1992,United States,nation,All genders,B,666,mean,11.4239957105193,"White, All Origins"
1992,United States,nation,All genders,B,666,median,11.9969895394479,"White, All Origins"
1993,United States,nation,All genders,A,666,mean,15.0651492842402,"All, All Origins"
1993,United States,nation,All genders,A,666,median,15.4068845710264,"All, All Origins"
1993,United States,nation,All genders,B,666,mean,11.4015614821104,"All, All Origins"
1993,United States,nation,All genders,B,666,median,11.9969958359869,"All, All Origins"
1993,United States,nation,All genders,A,666,mean,11.3490798105849,American Indian or Alaska Native
1993,United States,nation,All genders,A,666,median,11.3761742225849,American Indian or Alaska Native
1993,United States,nation,All genders,B,666,mean,9.52696647572871,American Indian or Alaska Native
1993,United States,nation,All genders,B,666,median,11.3761742225849,American Indian or Alaska Native
1993,United States,nation,All genders,A,666,mean,15.8658407561083,Asian or Pacific Islander
1993,United States,nation,All genders,A,666,median,16.4761892572125,Asian or Pacific Islander
1993,United States,nation,All genders,B,666,mean,11.0881665012735,Asian or Pacific Islander
1993,United States,nation,All genders,B,666,median,11.9976937434418,Asian or Pacific Islander
1993,United States,nation,All genders,A,666,mean,17.0946980620789,Black or African American
1993,United States,nation,All genders,A,666,median,17.4990529828011,Black or African American
1993,United States,nation,All genders,B,666,mean,11.892783689268,Black or African American
1993,United States,nation,All genders,B,666,median,11.9993546603565,Black or African American
1993,United States,nation,All genders,A,666,mean,14.7119945784823,"White, All Origins"
1993,United States,nation,All genders,A,666,median,14.9578781693806,"White, All Origins"
1993,United States,nation,All genders,B,666,mean,11.3565086401505,"White, All Origins"
1993,United States,nation,All genders,B,666,median,11.9965476994105,"White, All Origins"
1994,United States,nation,All genders,A,666,mean,14.826910022399,"All, All Origins"
1994,United States,nation,All genders,A,666,median,15.0415370217006,"All, All Origins"
1994,United States,nation,All genders,B,666,mean,11.3432557394142,"All, All Origins"
1994,United States,nation,All genders,B,666,median,11.9966338254015,"All, All Origins"
1994,United States,nation,All genders,A,666,mean,11.2086143525796,American Indian or Alaska Native
1994,United States,nation,All genders,A,666,median,11.4239036525402,American Indian or Alaska Native
1994,United States,nation,All genders,B,666,mean,9.53712640313481,American Indian or Alaska Native
1994,United States,nation,All genders,B,666,median,11.4239036525402,American Indian or Alaska Native
1994,United States,nation,All genders,A,666,mean,15.5180389173788,Asian or Pacific Islander
1994,United States,nation,All genders,A,666,median,16.0033193665823,Asian or Pacific Islander
1994,United States,nation,All genders,B,666,mean,11.0144194672191,Asian or Pacific Islander
1994,United States,nation,All genders,B,666,median,11.9973867461135,Asian or Pacific Islander
1994,United States,nation,All genders,A,666,mean,16.7766374134741,Black or African American
1994,United States,nation,All genders,A,666,median,17.1129175363912,Black or African American
1994,United States,nation,All genders,B,666,mean,11.8627235870694,Black or African American
1994,United States,nation,All genders,B,666,median,11.9991157088149,Black or African American
1994,United States,nation,All genders,A,666,mean,14.4968154229041,"White, All Origins"
1994,United States,nation,All genders,A,666,median,14.6477043334641,"White, All Origins"
1994,United States,nation,All genders,B,666,mean,11.2949418214426,"White, All Origins"
1994,United States,nation,All genders,B,666,median,11.9961570207068,"White, All Origins"
1995,United States,nation,All genders,A,666,mean,14.0648957278746,"All, All Origins"
1995,United States,nation,All genders,A,666,median,14.316123330419,"All, All Origins"
1995,United States,nation,All genders,B,666,mean,11.1759340368537,"All, All Origins"
1995,United States,nation,All genders,B,666,median,11.9957965945856,"All, All Origins"
1995,United States,nation,All genders,A,666,mean,10.5896856193296,American Indian or Alaska Native
1995,United States,nation,All genders,A,666,median,10.8441864791981,American Indian or Alaska Native
1995,United States,nation,All genders,B,666,mean,9.1671637508776,American Indian or Alaska Native
1995,United States,nation,All genders,B,666,median,10.8441864791981,American Indian or Alaska Native
1995,United States,nation,All genders,A,666,mean,14.722732011179,Asian or Pacific Islander
1995,United States,nation,All genders,A,666,median,15.0697554075832,Asian or Pacific Islander
1995,United States,nation,All genders,B,666,mean,10.9306776336652,Asian or Pacific Islander
1995,United States,nation,All genders,B,666,median,11.9968925881146,Asian or Pacific Islander
1995,United States,nation,All genders,A,666,mean,16.0158698558946,Black or African American
1995,United States,nation,All genders,A,666,median,16.3811933619809,Black or African American
1995,United States,nation,All genders,B,666,mean,11.8251346683837,Black or African American
1995,United States,nation,All genders,B,666,median,11.9988622466402,Black or African American
1995,United States,nation,All genders,A,666,mean,13.7354753381165,"White, All Origins"
1995,United States,nation,All genders,A,666,median,13.9286277288461,"White, All Origins"
1995,United States,nation,All genders,B,666,mean,11.1041878996797,"White, All Origins"
1995,United States,nation,All genders,B,666,median,11.9951488979668,"White, All Origins"
1996,United States,nation,All genders,A,666,mean,13.6528297181339,"All, All Origins"
1996,United States,nation,All genders,A,666,median,13.9870926983575,"All, All Origins"
1996,United States,nation,All genders,B,666,mean,11.1010929567567,"All, All Origins"
1996,United States,nation,All genders,B,666,median,11.9951574060051,"All, All Origins"
1996,United States,nation,All genders,A,666,mean,10.430226571465,American Indian or Alaska Native
1996,United States,nation,All genders,A,666,median,10.6527232424831,American Indian or Alaska Native
1996,United States,nation,All genders,B,666,mean,9.18309568083472,American Indian or Alaska Native
1996,United States,nation,All genders,B,666,median,10.6527232424831,American Indian or Alaska Native
1996,United States,nation,All genders,A,666,mean,14.1671854261832,Asian or Pacific Islander
1996,United States,nation,All genders,A,666,median,14.4594341799729,Asian or Pacific Islander
1996,United States,nation,All genders,B,666,mean,10.906082462551,Asian or Pacific Islander
1996,United States,nation,All genders,B,666,median,11.9962809703748,Asian or Pacific Islander
1996,United States,nation,All genders,A,666,mean,15.5644885010939,Black or African American
1996,United States,nation,All genders,A,666,median,16.0038129990987,Black or African American
1996,United States,nation,All genders,B,666,mean,11.7839383271749,Black or African American
1996,United States,nation,All genders,B,666,median,11.99855830784,Black or African American
1996,United States,nation,All genders,A,666,mean,13.3429105597604,"White, All Origins"
1996,United States,nation,All genders,A,666,median,13.6041115217891,"White, All Origins"
1996,United States,nation,All genders,B,666,mean,11.0214045527846,"White, All Origins"
1996,United States,nation,All genders,B,666,median,11.9944252322777,"White, All Origins"
1997,United States,nation,All genders,A,666,mean,13.2605726225582,"All, All Origins"
1997,United States,nation,All genders,A,666,median,13.5988475247194,"All, All Origins"
1997,United States,nation,All genders,B,666,mean,11.0790706898368,"All, All Origins"
1997,United States,nation,All genders,B,666,median,11.9949285482691,"All, All Origins"
1997,United States,nation,All genders,A,666,mean,10.9106615071288,American Indian or Alaska Native
1997,United States,nation,All genders,A,666,median,11.1098513077309,American Indian or Alaska Native
1997,United States,nation,All genders,B,666,mean,9.52214780615534,American Indian or Alaska Native
1997,United States,nation,All genders,B,666,median,11.1098513077309,American Indian or Alaska Native
1997,United States,nation,All genders,A,666,mean,15.0274758311467,Asian or Pacific Islander
1997,United States,nation,All genders,A,666,median,14.8254958043626,Asian or Pacific Islander
1997,United States,nation,All genders,B,666,mean,11.5245475909752,Asian or Pacific Islander
1997,United States,nation,All genders,B,666,median,11.997661161726,Asian or Pacific Islander
1997,United States,nation,All genders,A,666,mean,15.0680926611018,Black or African American
1997,United States,nation,All genders,A,666,median,15.1700703736444,Black or African American
1997,United States,nation,All genders,B,666,mean,11.7918825075849,Black or African American
1997,United States,nation,All genders,B,666,median,11.9986471924068,Black or African American
1997,United States,nation,All genders,A,666,mean,12.8902143230623,"White, All Origins"
1997,United States,nation,All genders,A,666,median,13.184221329054,"White, All Origins"
1997,United States,nation,All genders,B,666,mean,10.9593836930014,"White, All Origins"
1997,United States,nation,All genders,B,666,median,11.993962266453,"White, All Origins"
1998,United States,nation,All genders,A,666,mean,13.4326243644162,"All, All Origins"
1998,United States,nation,All genders,A,666,median,13.993852577404,"All, All Origins"
1998,United States,nation,All genders,B,666,mean,11.0910100504288,"All, All Origins"
1998,United States,nation,All genders,B,666,median,11.9952254411193,"All, All Origins"
1998,United States,nation,All genders,A,666,mean,10.6633179678305,American Indian or Alaska Native
1998,United States,nation,All genders,A,666,median,11.0639763958056,American Indian or Alaska Native
1998,United States,nation,All genders,B,666,mean,9.46459511938706,American Indian or Alaska Native
1998,United States,nation,All genders,B,666,median,11.0639763958056,American Indian or Alaska Native
1998,United States,nation,All genders,A,666,mean,14.5461219919796,Asian or Pacific Islander
1998,United States,nation,All genders,A,666,median,15.1894585422405,Asian or Pacific Islander
1998,United States,nation,All genders,B,666,mean,11.4764328372655,Asian or Pacific Islander
1998,United States,nation,All genders,B,666,median,11.9974139919728,Asian or Pacific Islander
1998,United States,nation,All genders,A,666,mean,15.4627804938561,Black or African American
1998,United States,nation,All genders,A,666,median,15.8339353309497,Black or African American
1998,United States,nation,All genders,B,666,mean,11.8100349932733,Black or African American
1998,United States,nation,All genders,B,666,median,11.9988492736309,Black or African American
1998,United States,nation,All genders,A,666,mean,13.0772318553319,"White, All Origins"
1998,United States,nation,All genders,A,666,median,13.5569519117083,"White, All Origins"
1998,United States,nation,All genders,B,666,mean,10.9743336191046,"White, All Origins"
1998,United States,nation,All genders,B,666,median,11.994336293782,"White, All Origins"
1999,United States,nation,All genders,A,666,mean,12.8628407595302,"All, All Origins"
1999,United States,nation,All genders,A,666,median,13.1404334840334,"All, All Origins"
1999,United States,nation,All genders,B,666,mean,10.941175817319,"All, All Origins"
1999,United States,nation,All genders,B,666,median,11.994223031699,"All, All Origins"
1999,United States,nation,All genders,A,666,mean,10.4199700043863,American Indian or Alaska Native
1999,United States,nation,All genders,A,666,median,10.4759326235943,American Indian or Alaska Native
1999,United States,nation,All genders,B,666,mean,9.22442192290666,American Indian or Alaska Native
1999,United States,nation,All genders,B,666,median,10.4759326235943,American Indian or Alaska Native
1999,United States,nation,All genders,A,666,mean,14.1222402047524,Asian or Pacific Islander
1999,United States,nation,All genders,A,666,median,14.2729796312415,Asian or Pacific Islander
1999,United States,nation,All genders,B,666,mean,11.0230091900023,Asian or Pacific Islander
1999,United States,nation,All genders,B,666,median,11.9965041179501,Asian or Pacific Islander
1999,United States,nation,All genders,A,666,mean,14.7221607095174,Black or African American
1999,United States,nation,All genders,A,666,median,14.6686674320186,Black or African American
1999,United States,nation,All genders,B,666,mean,11.7391475926932,Black or African American
1999,United States,nation,All genders,B,666,median,11.9985137532963,Black or African American
1999,United States,nation,All genders,A,666,mean,12.5168942357378,"White, All Origins"
1999,United States,nation,All genders,A,666,median,12.7579230772528,"White, All Origins"
1999,United States,nation,All genders,B,666,mean,10.8258631137858,"White, All Origins"
1999,United States,nation,All genders,B,666,median,11.9931207155358,"White, All Origins"
2000,United States,nation,All genders,A,666,mean,12.4870166570048,"All, All Origins"
2000,United States,nation,All genders,A,666,median,12.7255546811742,"All, All Origins"
2000,United States,nation,All genders,B,666,mean,10.854529552074,"All, All Origins"
2000,United States,nation,All genders,B,666,median,11.9928559167955,"All, All Origins"
2000,United States,nation,All genders,A,666,mean,10.0683913895186,American Indian or Alaska Native
2000,United States,nation,All genders,A,666,median,10.2467770814682,American Indian or Alaska Native
2000,United States,nation,All genders,B,666,mean,9.0936008900146,American Indian or Alaska Native
2000,United States,nation,All genders,B,666,median,10.2467770814682,American Indian or Alaska Native
2000,United States,nation,All genders,A,666,mean,13.4391009569075,Asian or Pacific Islander
2000,United States,nation,All genders,A,666,median,13.3563152549903,Asian or Pacific Islander
2000,United States,nation,All genders,B,666,mean,10.924002599173,Asian or Pacific Islander
2000,United States,nation,All genders,B,666,median,11.9950334465386,Asian or Pacific Islander
2000,United States,nation,All genders,A,666,mean,14.2897618133423,Black or African American
2000,United States,nation,All genders,A,666,median,14.4833782945445,Black or African American
2000,United States,nation,All genders,B,666,mean,11.6989291785225,Black or African American
2000,United States,nation,All genders,B,666,median,11.9979068246388,Black or African American
2000,United States,nation,All genders,A,666,mean,12.1719537642626,"White, All Origins"
2000,United States,nation,All genders,A,666,median,12.3597511735082,"White, All Origins"
2000,United States,nation,All genders,B,666,mean,10.7332554319065,"White, All Origins"
2000,United States,nation,All genders,B,666,median,11.9915474313599,"White, All Origins"
2000,United States,nation,All genders,A,666,mean,12.8085355841585,"White, Hispanic or Latino"
2000,United States,nation,All genders,A,666,median,12.2189571896044,"White, Hispanic or Latino"
2000,United States,nation,All genders,B,666,mean,10.7353598573291,"White, Hispanic or Latino"
2000,United States,nation,All genders,B,666,median,11.9908003668496,"White, Hispanic or Latino"
2000,United States,nation,All genders,A,666,mean,12.1166308255278,"White, Not Hispanic or Latino"
2000,United States,nation,All genders,A,666,median,12.3701727750058,"White, Not Hispanic or Latino"
2000,United States,nation,All genders,B,666,mean,10.7330725441848,"White, Not Hispanic or Latino"
2000,United States,nation,All genders,B,666,median,11.9916096078507,"White, Not Hispanic or Latino"
2001,United States,nation,All genders,A,666,mean,12.3093237299113,"All, All Origins"
2001,United States,nation,All genders,A,666,median,12.3654399278505,"All, All Origins"
2001,United States,nation,All genders,B,666,mean,10.7984169027596,"All, All Origins"
2001,United States,nation,All genders,B,666,median,11.9918347573325,"All, All Origins"
2001,United States,nation,All genders,A,666,mean,10.2639590308069,American Indian or Alaska Native
2001,United States,nation,All genders,A,666,median,10.367655477449,American Indian or Alaska Native
2001,United States,nation,All genders,B,666,mean,9.16106528465905,American Indian or Alaska Native
2001,United States,nation,All genders,B,666,median,10.367655477449,American Indian or Alaska Native
2001,United States,nation,All genders,A,666,mean,13.7610030296914,Asian or Pacific Islander
2001,United States,nation,All genders,A,666,median,13.2413943189733,Asian or Pacific Islander
2001,United States,nation,All genders,B,666,mean,10.918424976345,Asian or Pacific Islander
2001,United States,nation,All genders,B,666,median,11.9952324934232,Asian or Pacific Islander
2001,United States,nation,All genders,A,666,mean,13.7771498365729,Black or African American
2001,United States,nation,All genders,A,666,median,13.8114898561781,Black or African American
2001,United States,nation,All genders,B,666,mean,11.6010116050497,Black or African American
2001,United States,nation,All genders,B,666,median,11.9967613060057,Black or African American
2001,United States,nation,All genders,A,666,mean,13.1835374047798,"White, Hispanic or Latino"
2001,United States,nation,All genders,A,666,median,12.3848276310132,"White, Hispanic or Latino"
2001,United States,nation,All genders,B,666,mean,10.7100184285527,"White, Hispanic or Latino"
2001,United States,nation,All genders,B,666,median,11.9914670932694,"White, Hispanic or Latino"
2001,United States,nation,All genders,A,666,mean,11.8883947993615,"White, Not Hispanic or Latino"
2001,United States,nation,All genders,A,666,median,12.042523405283,"White, Not Hispanic or Latino"
2001,United States,nation,All genders,B,666,mean,10.6647702223373,"White, Not Hispanic or Latino"
2001,United States,nation,All genders,B,666,median,11.9902919643311,"White, Not Hispanic or Latino"
2002,United States,nation,All genders,A,666,mean,11.96530485125,"All, All Origins"
2002,United States,nation,All genders,A,666,median,12.1292248437504,"All, All Origins"
2002,United States,nation,All genders,B,666,mean,10.6875306696114,"All, All Origins"
2002,United States,nation,All genders,B,666,median,11.99068710749,"All, All Origins"
2002,United States,nation,All genders,A,666,mean,10.1062821813566,American Indian or Alaska Native
2002,United States,nation,All genders,A,666,median,10.1255883350707,American Indian or Alaska Native
2002,United States,nation,All genders,B,666,mean,9.11505755483422,American Indian or Alaska Native
2002,United States,nation,All genders,B,666,median,10.1255883350707,American Indian or Alaska Native
2002,United States,nation,All genders,A,666,mean,13.4547222904,Asian or Pacific Islander
2002,United States,nation,All genders,A,666,median,13.4106714354672,Asian or Pacific Islander
2002,United States,nation,All genders,B,666,mean,10.9066714730539,Asian or Pacific Islander
2002,United States,nation,All genders,B,666,median,11.9952284154723,Asian or Pacific Islander
2002,United States,nation,All genders,A,666,mean,13.2132170443082,Black or African American
2002,United States,nation,All genders,A,666,median,13.3309872189961,Black or African American
2002,United States,nation,All genders,B,666,mean,11.4507798199187,Black or African American
2002,United States,nation,All genders,B,666,median,11.9955016445457,Black or African American
2002,United States,nation,All genders,A,666,mean,12.923316106337,"White, Hispanic or Latino"
2002,United States,nation,All genders,A,666,median,12.3202140614392,"White, Hispanic or Latino"
2002,United States,nation,All genders,B,666,mean,10.716267146866,"White, Hispanic or Latino"
2002,United States,nation,All genders,B,666,median,11.9912918238668,"White, Hispanic or Latino"
2002,United States,nation,All genders,A,666,mean,11.5650446419778,"White, Not Hispanic or Latino"
2002,United States,nation,All genders,A,666,median,11.792787242985,"White, Not Hispanic or Latino"
2002,United States,nation,All genders,B,666,mean,10.5426010097432,"White, Not Hispanic or Latino"
2002,United States,nation,All genders,B,666,median,11.792787242985,"White, Not Hispanic or Latino"
2003,United States,nation,All genders,A,666,mean,11.624168677594,"All, All Origins"
2003,United States,nation,All genders,A,666,median,11.7776857778323,"All, All Origins"
2003,United States,nation,All genders,B,666,mean,10.571561978313,"All, All Origins"
2003,United States,nation,All genders,B,666,median,11.7776857778323,"All, All Origins"
2003,United States,nation,All genders,A,666,mean,9.75581636785973,American Indian or Alaska Native
2003,United States,nation,All genders,A,666,median,9.970612152027,American Indian or Alaska Native
2003,United States,nation,All genders,B,666,mean,9.01556039547589,American Indian or Alaska Native
2003,United States,nation,All genders,B,666,median,9.97061215202699,American Indian or Alaska Native
2003,United States,nation,All genders,A,666,mean,12.5173826565314,Asian or Pacific Islander
2003,United States,nation,All genders,A,666,median,12.5816170991695,Asian or Pacific Islander
2003,United States,nation,All genders,B,666,mean,10.6051127497156,Asian or Pacific Islander
2003,United States,nation,All genders,B,666,median,11.9914882645468,Asian or Pacific Islander
2003,United States,nation,All genders,A,666,mean,13.0097675079554,Black or African American
2003,United States,nation,All genders,A,666,median,13.2433975159851,Black or African American
2003,United States,nation,All genders,B,666,mean,11.4606485468916,Black or African American
2003,United States,nation,All genders,B,666,median,11.995269248536,Black or African American
2003,United States,nation,All genders,A,666,mean,12.3304537895443,"White, Hispanic or Latino"
2003,United States,nation,All genders,A,666,median,11.8942248700372,"White, Hispanic or Latino"
2003,United States,nation,All genders,B,666,mean,10.6363684804697,"White, Hispanic or Latino"
2003,United States,nation,All genders,B,666,median,11.8942248700372,"White, Hispanic or Latino"
2003,United States,nation,All genders,A,666,mean,11.2503551394546,"White, Not Hispanic or Latino"
2003,United States,nation,All genders,A,666,median,11.4058707075324,"White, Not Hispanic or Latino"
2003,United States,nation,All genders,B,666,mean,10.408455905793,"White, Not Hispanic or Latino"
2003,United States,nation,All genders,B,666,median,11.4058707075324,"White, Not Hispanic or Latino"
2004,United States,nation,All genders,A,666,mean,11.139636106301,"All, All Origins"
2004,United States,nation,All genders,A,666,median,11.2870848940822,"All, All Origins"
2004,United States,nation,All genders,B,666,mean,10.4101737777273,"All, All Origins"
2004,United States,nation,All genders,B,666,median,11.2870848940822,"All, All Origins"
2004,United States,nation,All genders,A,666,mean,9.40276964217691,American Indian or Alaska Native
2004,United States,nation,All genders,A,666,median,9.4686185619028,American Indian or Alaska Native
2004,United States,nation,All genders,B,666,mean,8.85508085067104,American Indian or Alaska Native
2004,United States,nation,All genders,B,666,median,9.4686185619028,American Indian or Alaska Native
2004,United States,nation,All genders,A,666,mean,12.036674759205,Asian or Pacific Islander
2004,United States,nation,All genders,A,666,median,11.9891978078192,Asian or Pacific Islander
2004,United States,nation,All genders,B,666,mean,10.6053516237754,Asian or Pacific Islander
2004,United States,nation,All genders,B,666,median,11.9891978078192,Asian or Pacific Islander
2004,United States,nation,All genders,A,666,mean,12.556515335146,Black or African American
2004,United States,nation,All genders,A,666,median,12.7616455924348,Black or African American
2004,United States,nation,All genders,B,666,mean,11.3952896209562,Black or African American
2004,United States,nation,All genders,B,666,median,11.9941059584132,Black or African American
2004,United States,nation,All genders,A,666,mean,11.7376953448865,"White, Hispanic or Latino"
2004,United States,nation,All genders,A,666,median,11.3834823420804,"White, Hispanic or Latino"
2004,United States,nation,All genders,B,666,mean,10.4576644014912,"White, Hispanic or Latino"
2004,United States,nation,All genders,B,666,median,11.3834823420804,"White, Hispanic or Latino"
2004,United States,nation,All genders,A,666,mean,10.7615752314201,"White, Not Hispanic or Latino"
2004,United States,nation,All genders,A,666,median,10.9261319015276,"White, Not Hispanic or Latino"
2004,United States,nation,All genders,B,666,mean,10.2176013127345,"White, Not Hispanic or Latino"
2004,United States,nation,All genders,B,666,median,10.9261319015276,"White, Not Hispanic or Latino"
2005,United States,nation,All genders,A,666,mean,12.1070902436101,"All, All Origins"
2005,United States,nation,All genders,A,666,median,12.5341868331823,"All, All Origins"
2005,United States,nation,All genders,B,666,mean,10.7537400575967,"All, All Origins"
2005,United States,nation,All genders,B,666,median,11.9920554675749,"All, All Origins"
2005,United States,nation,All genders,A,666,mean,9.99764828052995,American Indian or Alaska Native
2005,United States,nation,All genders,A,666,median,10.4632307795472,American Indian or Alaska Native
2005,United States,nation,All genders,B,666,mean,9.21556318371286,American Indian or Alaska Native
2005,United States,nation,All genders,B,666,median,10.4632307795471,American Indian or Alaska Native
2005,United States,nation,All genders,A,666,mean,12.3556872489225,Asian or Pacific Islander
2005,United States,nation,All genders,A,666,median,12.912431070966,Asian or Pacific Islander
2005,United States,nation,All genders,B,666,mean,10.6892305891615,Asian or Pacific Islander
2005,United States,nation,All genders,B,666,median,11.9923604450192,Asian or Pacific Islander
2005,United States,nation,All genders,A,666,mean,13.7029680941121,Black or African American
2005,United States,nation,All genders,A,666,median,13.9982840659779,Black or African American
2005,United States,nation,All genders,B,666,mean,11.6048661635175,Black or African American
2005,United States,nation,All genders,B,666,median,11.9972098135252,Black or African American
2005,United States,nation,All genders,A,666,mean,12.0703695699576,"White, Hispanic or Latino"
2005,United States,nation,All genders,A,666,median,12.0496509265226,"White, Hispanic or Latino"
2005,United States,nation,All genders,B,666,mean,10.6196570211592,"White, Hispanic or Latino"
2005,United States,nation,All genders,B,666,median,11.9901622993583,"White, Hispanic or Latino"
2005,United States,nation,All genders,A,666,mean,11.8032972570955,"White, Not Hispanic or Latino"
2005,United States,nation,All genders,A,666,median,12.173713434445,"White, Not Hispanic or Latino"
2005,United States,nation,All genders,B,666,mean,10.6225061568926,"White, Not Hispanic or Latino"
2005,United States,nation,All genders,B,666,median,11.9907798883018,"White, Not Hispanic or Latino"
2006,United States,nation,All genders,A,666,mean,10.8942135690465,"All, All Origins"
2006,United States,nation,All genders,A,666,median,11.1516464152106,"All, All Origins"
2006,United States,nation,All genders,B,666,mean,10.2999485396871,"All, All Origins"
2006,United States,nation,All genders,B,666,median,11.1516464152106,"All, All Origins"
2006,United States,nation,All genders,A,666,mean,9.29865790900985,American Indian or Alaska Native
2006,United States,nation,All genders,A,666,median,9.53567278354688,American Indian or Alaska Native
2006,United States,nation,All genders,B,666,mean,8.88631501274107,American Indian or Alaska Native
2006,United States,nation,All genders,B,666,median,9.53567278354688,American Indian or Alaska Native
2006,United States,nation,All genders,A,666,mean,11.4218848064154,Asian or Pacific Islander
2006,United States,nation,All genders,A,666,median,11.6443281939737,Asian or Pacific Islander
2006,United States,nation,All genders,B,666,mean,10.4555735269496,Asian or Pacific Islander
2006,United States,nation,All genders,B,666,median,11.6443281939737,Asian or Pacific Islander
2006,United States,nation,All genders,A,666,mean,12.4166496489478,Black or African American
2006,United States,nation,All genders,A,666,median,12.6353142721906,Black or African American
2006,United States,nation,All genders,B,666,mean,11.388177478229,Black or African American
2006,United States,nation,All genders,B,666,median,11.9942648332253,Black or African American
2006,United States,nation,All genders,A,666,mean,11.3451165201087,"White, Hispanic or Latino"
2006,United States,nation,All genders,A,666,median,11.2700620620182,"White, Hispanic or Latino"
2006,United States,nation,All genders,B,666,mean,10.4702133297063,"White, Hispanic or Latino"
2006,United States,nation,All genders,B,666,median,11.2700620620182,"White, Hispanic or Latino"
2006,United States,nation,All genders,A,666,mean,10.5214414800614,"White, Not Hispanic or Latino"
2006,United States,nation,All genders,A,666,median,10.785270180647,"White, Not Hispanic or Latino"
2006,United States,nation,All genders,B,666,mean,10.0694857945812,"White, Not Hispanic or Latino"
2006,United States,nation,All genders,B,666,median,10.785270180647,"White, Not Hispanic or Latino"
2007,United States,nation,All genders,A,666,mean,11.3123609630306,"All, All Origins"
2007,United States,nation,All genders,A,666,median,11.6411519419468,"All, All Origins"
2007,United States,nation,All genders,B,666,mean,10.5118769710407,"All, All Origins"
2007,United States,nation,All genders,B,666,median,11.6411519419468,"All, All Origins"
2007,United States,nation,All genders,A,666,mean,9.60235781605206,American Indian or Alaska Native
2007,United States,nation,All genders,A,666,median,10.0809368502786,American Indian or Alaska Native
2007,United States,nation,All genders,B,666,mean,9.0546627619893,American Indian or Alaska Native
2007,United States,nation,All genders,B,666,median,10.0809368502786,American Indian or Alaska Native
2007,United States,nation,All genders,A,666,mean,11.6531715665938,Asian or Pacific Islander
2007,United States,nation,All genders,A,666,median,11.949432416771,Asian or Pacific Islander
2007,United States,nation,All genders,B,666,mean,10.5256005295528,Asian or Pacific Islander
2007,United States,nation,All genders,B,666,median,11.949432416771,Asian or Pacific Islander
2007,United States,nation,All genders,A,666,mean,12.6383772624113,Black or African American
2007,United States,nation,All genders,A,666,median,12.833628018463,Black or African American
2007,United States,nation,All genders,B,666,mean,11.4229002876925,Black or African American
2007,United States,nation,All genders,B,666,median,11.9948351406693,Black or African American
2007,United States,nation,All genders,A,666,mean,11.6074457423404,"White, Hispanic or Latino"
2007,United States,nation,All genders,A,666,median,11.5678536607847,"White, Hispanic or Latino"
2007,United States,nation,All genders,B,666,mean,10.5556573083792,"White, Hispanic or Latino"
2007,United States,nation,All genders,B,666,median,11.5678536607847,"White, Hispanic or Latino"
2007,United States,nation,All genders,A,666,mean,11.0066529963004,"White, Not Hispanic or Latino"
2007,United States,nation,All genders,A,666,median,11.3288736982347,"White, Not Hispanic or Latino"
2007,United States,nation,All genders,B,666,mean,10.3399287629546,"White, Not Hispanic or Latino"
2007,United States,nation,All genders,B,666,median,11.3288736982347,"White, Not Hispanic or Latino"
2008,United States,nation,All genders,A,666,mean,10.2515818459777,"All, All Origins"
2008,United States,nation,All genders,A,666,median,10.4880384330073,"All, All Origins"
2008,United States,nation,All genders,B,666,mean,9.9645188854671,"All, All Origins"
2008,United States,nation,All genders,B,666,median,10.4880384330073,"All, All Origins"
2008,United States,nation,All genders,A,666,mean,8.96132581670272,American Indian or Alaska Native
2008,United States,nation,All genders,A,666,median,9.36568117412202,American Indian or Alaska Native
2008,United States,nation,All genders,B,666,mean,8.68572780696028,American Indian or Alaska Native
2008,United States,nation,All genders,B,666,median,9.36568117412202,American Indian or Alaska Native
2008,United States,nation,All genders,A,666,mean,11.113907615874,Asian or Pacific Islander
2008,United States,nation,All genders,A,666,median,11.5526489946385,Asian or Pacific Islander
2008,United States,nation,All genders,B,666,mean,10.4420466962357,Asian or Pacific Islander
2008,United States,nation,All genders,B,666,median,11.5526489946385,Asian or Pacific Islander
2008,United States,nation,All genders,A,666,mean,11.3645834497217,Black or African American
2008,United States,nation,All genders,A,666,median,11.6206629451016,Black or African American
2008,United States,nation,All genders,B,666,mean,10.9788929948994,Black or African American
2008,United States,nation,All genders,B,666,median,11.6206629451016,Black or African American
2008,United States,nation,All genders,A,666,mean,10.847301848346,"White, Hispanic or Latino"
2008,United States,nation,All genders,A,666,median,10.8599529165868,"White, Hispanic or Latino"
2008,United States,nation,All genders,B,666,mean,10.2277613009411,"White, Hispanic or Latino"
2008,United States,nation,All genders,B,666,median,10.8599529165868,"White, Hispanic or Latino"
2008,United States,nation,All genders,A,666,mean,9.90435208569345,"White, Not Hispanic or Latino"
2008,United States,nation,All genders,A,666,median,10.1440197976952,"White, Not Hispanic or Latino"
2008,United States,nation,All genders,B,666,mean,9.70628943436991,"White, Not Hispanic or Latino"
2008,United States,nation,All genders,B,666,median,10.1440197976952,"White, Not Hispanic or Latino"
2010,United States,nation,All genders,A,Less than 9th grade,mean,9.64957978287501,"All, All Origins"
2010,United States,nation,All genders,A,Less than 9th grade,median,9.66905352544251,"All, All Origins"
2010,United States,nation,All genders,A,"9th to 12th grade, no diploma",mean,9.48592996318965,"All, All Origins"
2010,United States,nation,All genders,A,"9th to 12th grade, no diploma",median,9.64215095007672,"All, All Origins"
2010,United States,nation,All genders,A,"High school graduate, GED, or alternative",mean,9.212863943204,"All, All Origins"
2010,United States,nation,All genders,A,"High school graduate, GED, or alternative",median,9.43131185211462,"All, All Origins"
2010,United States,nation,All genders,A,"Some college, no degree",mean,9.11163523922149,"All, All Origins"
2010,United States,nation,All genders,A,"Some college, no degree",median,9.32716831670194,"All, All Origins"
2010,United States,nation,All genders,A,Associate's degree,mean,9.01752471597466,"All, All Origins"
2010,United States,nation,All genders,A,Associate's degree,median,9.21877840130148,"All, All Origins"
2010,United States,nation,All genders,A,Bachelor's degree,mean,9.18838569523048,"All, All Origins"
2010,United States,nation,All genders,A,Bachelor's degree,median,9.37642995769126,"All, All Origins"
2010,United States,nation,All genders,A,Graduate or professional degree,mean,9.18348876929688,"All, All Origins"
2010,United States,nation,All genders,A,Graduate or professional degree,median,9.36618132096784,"All, All Origins"
2010,United States,nation,All genders,A,666,mean,9.20540442879037,"All, All Origins"
2010,United States,nation,All genders,A,666,median,9.41354043913612,"All, All Origins"
2010,United States,nation,All genders,B,Less than 9th grade,mean,9.42981798746814,"All, All Origins"
2010,United States,nation,All genders,B,Less than 9th grade,median,9.66905352544251,"All, All Origins"
2010,United States,nation,All genders,B,"9th to 12th grade, no diploma",mean,9.33564262062003,"All, All Origins"
2010,United States,nation,All genders,B,"9th to 12th grade, no diploma",median,9.64215095007672,"All, All Origins"
2010,United States,nation,All genders,B,"High school graduate, GED, or alternative",mean,9.10786433689155,"All, All Origins"
2010,United States,nation,All genders,B,"High school graduate, GED, or alternative",median,9.43131185211462,"All, All Origins"
2010,United States,nation,All genders,B,"Some college, no degree",mean,8.99477797428717,"All, All Origins"
2010,United States,nation,All genders,B,"Some college, no degree",median,9.32716831670194,"All, All Origins"
2010,United States,nation,All genders,B,Associate's degree,mean,8.90965330064566,"All, All Origins"
2010,United States,nation,All genders,B,Associate's degree,median,9.21877840130148,"All, All Origins"
2010,United States,nation,All genders,B,Bachelor's degree,mean,9.06871393636431,"All, All Origins"
2010,United States,nation,All genders,B,Bachelor's degree,median,9.37642995769126,"All, All Origins"
2010,United States,nation,All genders,B,Graduate or professional degree,mean,9.07574142596114,"All, All Origins"
2010,United States,nation,All genders,B,Graduate or professional degree,median,9.36618132096784,"All, All Origins"
2010,United States,nation,All genders,B,666,mean,9.09562386954005,"All, All Origins"
2010,United States,nation,All genders,B,666,median,9.41354043913612,"All, All Origins"
2010,United States,nation,All genders,A,666,mean,7.76951554562764,American Indian or Alaska Native
2010,United States,nation,All genders,A,666,median,8.11088096104841,American Indian or Alaska Native
2010,United States,nation,All genders,B,666,mean,7.68669860321658,American Indian or Alaska Native
2010,United States,nation,All genders,B,666,median,8.11088096104841,American Indian or Alaska Native
2010,United States,nation,All genders,A,666,mean,9.56115412038143,Asian or Pacific Islander
2010,United States,nation,All genders,A,666,median,9.62009123114169,Asian or Pacific Islander
2010,United States,nation,All genders,B,666,mean,9.30224564246738,Asian or Pacific Islander
2010,United States,nation,All genders,B,666,median,9.62009123114169,Asian or Pacific Islander
2010,United States,nation,All genders,A,666,mean,10.3306887011512,Black or African American
2010,United States,nation,All genders,A,666,median,10.3606525207979,Black or African American
2010,United States,nation,All genders,B,666,mean,10.1744558251979,Black or African American
2010,United States,nation,All genders,B,666,median,10.3606525207979,Black or African American
2010,United States,nation,All genders,A,666,mean,9.32394498598781,"White, Hispanic or Latino"
2010,United States,nation,All genders,A,666,median,9.19053613856681,"White, Hispanic or Latino"
2010,United States,nation,All genders,B,666,mean,9.09251547102974,"White, Hispanic or Latino"
2010,United States,nation,All genders,B,666,median,9.19053613856681,"White, Hispanic or Latino"
2010,United States,nation,All genders,A,666,mean,8.96061980418046,"White, Not Hispanic or Latino"
2010,United States,nation,All genders,A,666,median,9.20281898618033,"White, Not Hispanic or Latino"
2010,United States,nation,All genders,B,666,mean,8.88767811898834,"White, Not Hispanic or Latino"
2010,United States,nation,All genders,B,666,median,9.20281898618033,"White, Not Hispanic or Latino"
2011,United States,nation,All genders,A,Less than 9th grade,mean,9.90394764029506,"All, All Origins"
2011,United States,nation,All genders,A,Less than 9th grade,median,9.89698599520847,"All, All Origins"
2011,United States,nation,All genders,A,"9th to 12th grade, no diploma",mean,9.59493666506964,"All, All Origins"
2011,United States,nation,All genders,A,"9th to 12th grade, no diploma",median,9.72217330421377,"All, All Origins"
2011,United States,nation,All genders,A,"High school graduate, GED, or alternative",mean,9.2548799197645,"All, All Origins"
2011,United States,nation,All genders,A,"High school graduate, GED, or alternative",median,9.45723922417887,"All, All Origins"
2011,United States,nation,All genders,A,"Some college, no degree",mean,9.21542966469836,"All, All Origins"
2011,United States,nation,All genders,A,"Some college, no degree",median,9.4185405186026,"All, All Origins"
2011,United States,nation,All genders,A,Associate's degree,mean,9.1107067626495,"All, All Origins"
2011,United States,nation,All genders,A,Associate's degree,median,9.30323556420554,"All, All Origins"
2011,United States,nation,All genders,A,Bachelor's degree,mean,9.29304791232173,"All, All Origins"
2011,United States,nation,All genders,A,Bachelor's degree,median,9.46692571406683,"All, All Origins"
2011,United States,nation,All genders,A,Graduate or professional degree,mean,9.28342407772452,"All, All Origins"
2011,United States,nation,All genders,A,Graduate or professional degree,median,9.47844071968587,"All, All Origins"
2011,United States,nation,All genders,A,666,mean,9.28813260362769,"All, All Origins"
2011,United States,nation,All genders,A,666,median,9.48124862889083,"All, All Origins"
2011,United States,nation,All genders,B,Less than 9th grade,mean,9.60455100147406,"All, All Origins"
2011,United States,nation,All genders,B,Less than 9th grade,median,9.89698599520847,"All, All Origins"
2011,United States,nation,All genders,B,"9th to 12th grade, no diploma",mean,9.42264207666026,"All, All Origins"
2011,United States,nation,All genders,B,"9th to 12th grade, no diploma",median,9.72217330421377,"All, All Origins"
2011,United States,nation,All genders,B,"High school graduate, GED, or alternative",mean,9.14880805526747,"All, All Origins"
2011,United States,nation,All genders,B,"High school graduate, GED, or alternative",median,9.45723922417887,"All, All Origins"
2011,United States,nation,All genders,B,"Some college, no degree",mean,9.08438877621021,"All, All Origins"
2011,United States,nation,All genders,B,"Some college, no degree",median,9.4185405186026,"All, All Origins"
2011,United States,nation,All genders,B,Associate's degree,mean,8.98587833732132,"All, All Origins"
2011,United States,nation,All genders,B,Associate's degree,median,9.30323556420554,"All, All Origins"
2011,United States,nation,All genders,B,Bachelor's degree,mean,9.153654126259,"All, All Origins"
2011,United States,nation,All genders,B,Bachelor's degree,median,9.46692571406683,"All, All Origins"
2011,United States,nation,All genders,B,Graduate or professional degree,mean,9.16306668953332,"All, All Origins"
2011,United States,nation,All genders,B,Graduate or professional degree,median,9.47844071968587,"All, All Origins"
2011,United States,nation,All genders,B,666,mean,9.16880305585516,"All, All Origins"
2011,United States,nation,All genders,B,666,median,9.48124862889083,"All, All Origins"
2011,United States,nation,All genders,A,666,mean,7.79315248580706,American Indian or Alaska Native
2011,United States,nation,All genders,A,666,median,8.18396118721461,American Indian or Alaska Native
2011,United States,nation,All genders,B,666,mean,7.69710517521306,American Indian or Alaska Native
2011,United States,nation,All genders,B,666,median,8.18396118721461,American Indian or Alaska Native
2011,United States,nation,All genders,A,666,mean,9.9692208709123,Asian or Pacific Islander
2011,United States,nation,All genders,A,666,median,10.0056059797779,Asian or Pacific Islander
2011,United States,nation,All genders,B,666,mean,9.57915521518212,Asian or Pacific Islander
2011,United States,nation,All genders,B,666,median,10.0056059797779,Asian or Pacific Islander
2011,United States,nation,All genders,A,666,mean,10.268466476481,Black or African American
2011,United States,nation,All genders,A,666,median,10.2932653787882,Black or African American
2011,United States,nation,All genders,B,666,mean,10.1573358880949,Black or African American
2011,United States,nation,All genders,B,666,median,10.2932653787882,Black or African American
2011,United States,nation,All genders,A,666,mean,9.79744619825439,"White, Hispanic or Latino"
2011,United States,nation,All genders,A,666,median,9.76921238602816,"White, Hispanic or Latino"
2011,United States,nation,All genders,B,666,mean,9.46788486988511,"White, Hispanic or Latino"
2011,United States,nation,All genders,B,666,median,9.76921238602816,"White, Hispanic or Latino"
2011,United States,nation,All genders,A,666,mean,8.98509751752425,"White, Not Hispanic or Latino"
2011,United States,nation,All genders,A,666,median,9.23150702021533,"White, Not Hispanic or Latino"
2011,United States,nation,All genders,B,666,mean,8.91703711729715,"White, Not Hispanic or Latino"
2011,United States,nation,All genders,B,666,median,9.23150702021533,"White, Not Hispanic or Latino"
2012,United States,nation,All genders,A,Less than 9th grade,mean,9.22271670179866,"All, All Origins"
2012,United States,nation,All genders,A,Less than 9th grade,median,9.02487839692561,"All, All Origins"
2012,United States,nation,All genders,A,"9th to 12th grade, no diploma",mean,8.91316739367885,"All, All Origins"
2012,United States,nation,All genders,A,"9th to 12th grade, no diploma",median,8.86387237382147,"All, All Origins"
2012,United States,nation,All genders,A,"High school graduate, GED, or alternative",mean,8.60142030341769,"All, All Origins"
2012,United States,nation,All genders,A,"High school graduate, GED, or alternative",median,8.65363918071462,"All, All Origins"
2012,United States,nation,All genders,A,"Some college, no degree",mean,8.59307775172064,"All, All Origins"
2012,United States,nation,All genders,A,"Some college, no degree",median,8.63049381487028,"All, All Origins"
2012,United States,nation,All genders,A,Associate's degree,mean,8.48692476085112,"All, All Origins"
2012,United States,nation,All genders,A,Associate's degree,median,8.53327460775517,"All, All Origins"
2012,United States,nation,All genders,A,Bachelor's degree,mean,8.66552777211117,"All, All Origins"
2012,United States,nation,All genders,A,Bachelor's degree,median,8.7026596766073,"All, All Origins"
2012,United States,nation,All genders,A,Graduate or professional degree,mean,8.65787199191858,"All, All Origins"
2012,United States,nation,All genders,A,Graduate or professional degree,median,8.71123092110259,"All, All Origins"
2012,United States,nation,All genders,A,666,mean,8.64936777044723,"All, All Origins"
2012,United States,nation,All genders,A,666,median,8.6883384196777,"All, All Origins"
2012,United States,nation,All genders,B,Less than 9th grade,mean,9.02883632774615,"All, All Origins"
2012,United States,nation,All genders,B,Less than 9th grade,median,9.02487839692561,"All, All Origins"
2012,United States,nation,All genders,B,"9th to 12th grade, no diploma",mean,8.80624353118338,"All, All Origins"
2012,United States,nation,All genders,B,"9th to 12th grade, no diploma",median,8.86387237382147,"All, All Origins"
2012,United States,nation,All genders,B,"High school graduate, GED, or alternative",mean,8.53897467340178,"All, All Origins"
2012,United States,nation,All genders,B,"High school graduate, GED, or alternative",median,8.65363918071462,"All, All Origins"
2012,United States,nation,All genders,B,"Some college, no degree",mean,8.51307276821921,"All, All Origins"
2012,United States,nation,All genders,B,"Some college, no degree",median,8.63049381487028,"All, All Origins"
2012,United States,nation,All genders,B,Associate's degree,mean,8.41062186906483,"All, All Origins"
2012,United States,nation,All genders,B,Associate's degree,median,8.53327460775517,"All, All Origins"
2012,United States,nation,All genders,B,Bachelor's degree,mean,8.57815228990311,"All, All Origins"
2012,United States,nation,All genders,B,Bachelor's degree,median,8.7026596766073,"All, All Origins"
2012,United States,nation,All genders,B,Graduate or professional degree,mean,8.58424325433147,"All, All Origins"
2012,United States,nation,All genders,B,Graduate or professional degree,median,8.71123092110259,"All, All Origins"
2012,United States,nation,All genders,B,666,mean,8.57702072589984,"All, All Origins"
2012,United States,nation,All genders,B,666,median,8.6883384196777,"All, All Origins"
2012,United States,nation,All genders,A,666,mean,7.37246067368807,American Indian or Alaska Native
2012,United States,nation,All genders,A,666,median,7.66344066570188,American Indian or Alaska Native
2012,United States,nation,All genders,B,666,mean,7.31159539849136,American Indian or Alaska Native
2012,United States,nation,All genders,B,666,median,7.66344066570188,American Indian or Alaska Native
2012,United States,nation,All genders,A,666,mean,9.27226658861364,Asian or Pacific Islander
2012,United States,nation,All genders,A,666,median,9.046733641967,Asian or Pacific Islander
2012,United States,nation,All genders,B,666,mean,9.01173202829644,Asian or Pacific Islander
2012,United States,nation,All genders,B,666,median,9.046733641967,Asian or Pacific Islander
2012,United States,nation,All genders,A,666,mean,9.46862073023064,Black or African American
2012,United States,nation,All genders,A,666,median,9.39004692984186,Black or African American
2012,United States,nation,All genders,B,666,mean,9.41669373498833,Black or African American
2012,United States,nation,All genders,B,666,median,9.39004692984186,Black or African American
2012,United States,nation,All genders,A,666,mean,9.24309099848699,"White, Hispanic or Latino"
2012,United States,nation,All genders,A,666,median,9.02897546209915,"White, Hispanic or Latino"
2012,United States,nation,All genders,B,666,mean,9.03029231212278,"White, Hispanic or Latino"
2012,United States,nation,All genders,B,666,median,9.02897546209915,"White, Hispanic or Latino"
2012,United States,nation,All genders,A,666,mean,8.35791116833979,"White, Not Hispanic or Latino"
2012,United States,nation,All genders,A,666,median,8.47628246191136,"White, Not Hispanic or Latino"
2012,United States,nation,All genders,B,666,mean,8.31919112462411,"White, Not Hispanic or Latino"
2012,United States,nation,All genders,B,666,median,8.47628246191136,"White, Not Hispanic or Latino"
2013,United States,nation,All genders,A,Less than 9th grade,mean,9.02380314202857,"All, All Origins"
2013,United States,nation,All genders,A,Less than 9th grade,median,8.84790250277075,"All, All Origins"
2013,United States,nation,All genders,A,"9th to 12th grade, no diploma",mean,8.65767271124868,"All, All Origins"
2013,United States,nation,All genders,A,"9th to 12th grade, no diploma",median,8.57692932684237,"All, All Origins"
2013,United States,nation,All genders,A,"High school graduate, GED, or alternative",mean,8.35014795678536,"All, All Origins"
2013,United States,nation,All genders,A,"High school graduate, GED, or alternative",median,8.36367358604942,"All, All Origins"
2013,United States,nation,All genders,A,"Some college, no degree",mean,8.39117189672009,"All, All Origins"
2013,United States,nation,All genders,A,"Some college, no degree",median,8.37879410849322,"All, All Origins"
2013,United States,nation,All genders,A,Associate's degree,mean,8.28019013945979,"All, All Origins"
2013,United States,nation,All genders,A,Associate's degree,median,8.25797580058224,"All, All Origins"
2013,United States,nation,All genders,A,Bachelor's degree,mean,8.4537572191024,"All, All Origins"
2013,United States,nation,All genders,A,Bachelor's degree,median,8.4490217032967,"All, All Origins"
2013,United States,nation,All genders,A,Graduate or professional degree,mean,8.439162671825,"All, All Origins"
2013,United States,nation,All genders,A,Graduate or professional degree,median,8.46250889559608,"All, All Origins"
2013,United States,nation,All genders,A,666,mean,8.41993914101821,"All, All Origins"
2013,United States,nation,All genders,A,666,median,8.41967485150286,"All, All Origins"
2013,United States,nation,All genders,B,Less than 9th grade,mean,8.86825154295379,"All, All Origins"
2013,United States,nation,All genders,B,Less than 9th grade,median,8.84790250277075,"All, All Origins"
2013,United States,nation,All genders,B,"9th to 12th grade, no diploma",mean,8.57095277921306,"All, All Origins"
2013,United States,nation,All genders,B,"9th to 12th grade, no diploma",median,8.57692932684237,"All, All Origins"
2013,United States,nation,All genders,B,"High school graduate, GED, or alternative",mean,8.29852661680424,"All, All Origins"
2013,United States,nation,All genders,B,"High school graduate, GED, or alternative",median,8.36367358604942,"All, All Origins"
2013,United States,nation,All genders,B,"Some college, no degree",mean,8.32345259178089,"All, All Origins"
2013,United States,nation,All genders,B,"Some college, no degree",median,8.37879410849322,"All, All Origins"
2013,United States,nation,All genders,B,Associate's degree,mean,8.21641848618915,"All, All Origins"
2013,United States,nation,All genders,B,Associate's degree,median,8.25797580058224,"All, All Origins"
2013,United States,nation,All genders,B,Bachelor's degree,mean,8.38523135419939,"All, All Origins"
2013,United States,nation,All genders,B,Bachelor's degree,median,8.4490217032967,"All, All Origins"
2013,United States,nation,All genders,B,Graduate or professional degree,mean,8.38175466008222,"All, All Origins"
2013,United States,nation,All genders,B,Graduate or professional degree,median,8.46250889559608,"All, All Origins"
2013,United States,nation,All genders,B,666,mean,8.35982904218546,"All, All Origins"
2013,United States,nation,All genders,B,666,median,8.41967485150286,"All, All Origins"
2013,United States,nation,All genders,A,666,mean,7.29346484952224,American Indian or Alaska Native
2013,United States,nation,All genders,A,666,median,7.57113830905541,American Indian or Alaska Native
2013,United States,nation,All genders,B,666,mean,7.22272280137416,American Indian or Alaska Native
2013,United States,nation,All genders,B,666,median,7.57113830905541,American Indian or Alaska Native
2013,United States,nation,All genders,A,666,mean,9.25481406501786,Asian or Pacific Islander
2013,United States,nation,All genders,A,666,median,9.08941734800383,Asian or Pacific Islander
2013,United States,nation,All genders,B,666,mean,9.05189970588196,Asian or Pacific Islander
2013,United States,nation,All genders,B,666,median,9.08941734800383,Asian or Pacific Islander
2013,United States,nation,All genders,A,666,mean,8.99955249658127,Black or African American
2013,United States,nation,All genders,A,666,median,8.98844846655606,Black or African American
2013,United States,nation,All genders,B,666,mean,8.96241632474043,Black or African American
2013,United States,nation,All genders,B,666,median,8.98844846655606,Black or African American
2013,United States,nation,All genders,A,666,mean,9.07483474536667,"White, Hispanic or Latino"
2013,United States,nation,All genders,A,666,median,8.9022894255374,"White, Hispanic or Latino"
2013,United States,nation,All genders,B,666,mean,8.90197729886992,"White, Hispanic or Latino"
2013,United States,nation,All genders,B,666,median,8.9022894255374,"White, Hispanic or Latino"
2013,United States,nation,All genders,A,666,mean,8.14101072920179,"White, Not Hispanic or Latino"
2013,United States,nation,All genders,A,666,median,8.19447018655595,"White, Not Hispanic or Latino"
2013,United States,nation,All genders,B,666,mean,8.10708343073408,"White, Not Hispanic or Latino"
2013,United States,nation,All genders,B,666,median,8.19447018655595,"White, Not Hispanic or Latino"
2014,United States,nation,All genders,A,Less than 9th grade,mean,8.95030297326082,"All, All Origins"
2014,United States,nation,All genders,A,Less than 9th grade,median,8.7098304525914,"All, All Origins"
2014,United States,nation,All genders,A,"9th to 12th grade, no diploma",mean,8.62490085398689,"All, All Origins"
2014,United States,nation,All genders,A,"9th to 12th grade, no diploma",median,8.5581863035704,"All, All Origins"
2014,United States,nation,All genders,A,"High school graduate, GED, or alternative",mean,8.31818754322351,"All, All Origins"
2014,United States,nation,All genders,A,"High school graduate, GED, or alternative",median,8.3735068504932,"All, All Origins"
2014,United States,nation,All genders,A,"Some college, no degree",mean,8.31888038702914,"All, All Origins"
2014,United States,nation,All genders,A,"Some college, no degree",median,8.35777974244313,"All, All Origins"
2014,United States,nation,All genders,A,Associate's degree,mean,8.21305408593507,"All, All Origins"
2014,United States,nation,All genders,A,Associate's degree,median,8.26094165127401,"All, All Origins"
2014,United States,nation,All genders,A,Bachelor's degree,mean,8.36804577897973,"All, All Origins"
2014,United States,nation,All genders,A,Bachelor's degree,median,8.40969907498913,"All, All Origins"
2014,United States,nation,All genders,A,Graduate or professional degree,mean,8.35473140058243,"All, All Origins"
2014,United States,nation,All genders,A,Graduate or professional degree,median,8.41754413768445,"All, All Origins"
2014,United States,nation,All genders,A,666,mean,8.36063182256411,"All, All Origins"
2014,United States,nation,All genders,A,666,median,8.40761482428517,"All, All Origins"
2014,United States,nation,All genders,B,Less than 9th grade,mean,8.75383382807789,"All, All Origins"
2014,United States,nation,All genders,B,Less than 9th grade,median,8.7098304525914,"All, All Origins"
2014,United States,nation,All genders,B,"9th to 12th grade, no diploma",mean,8.51668314399287,"All, All Origins"
2014,United States,nation,All genders,B,"9th to 12th grade, no diploma",median,8.5581863035704,"All, All Origins"
2014,United States,nation,All genders,B,"High school graduate, GED, or alternative",mean,8.2542771164543,"All, All Origins"
2014,United States,nation,All genders,B,"High school graduate, GED, or alternative",median,8.3735068504932,"All, All Origins"
2014,United States,nation,All genders,B,"Some college, no degree",mean,8.23664936569325,"All, All Origins"
2014,United States,nation,All genders,B,"Some college, no degree",median,8.35777974244313,"All, All Origins"
2014,United States,nation,All genders,B,Associate's degree,mean,8.13736847723985,"All, All Origins"
2014,United States,nation,All genders,B,Associate's degree,median,8.26094165127401,"All, All Origins"
2014,United States,nation,All genders,B,Bachelor's degree,mean,8.28287250081348,"All, All Origins"
2014,United States,nation,All genders,B,Bachelor's degree,median,8.40969907498913,"All, All Origins"
2014,United States,nation,All genders,B,Graduate or professional degree,mean,8.28350213019142,"All, All Origins"
2014,United States,nation,All genders,B,Graduate or professional degree,median,8.41754413768445,"All, All Origins"
2014,United States,nation,All genders,B,666,mean,8.28726560408195,"All, All Origins"
2014,United States,nation,All genders,B,666,median,8.40761482428517,"All, All Origins"
2014,United States,nation,All genders,A,666,mean,7.19415861126127,American Indian or Alaska Native
2014,United States,nation,All genders,A,666,median,7.48954967689823,American Indian or Alaska Native
2014,United States,nation,All genders,B,666,mean,7.10829259533233,American Indian or Alaska Native
2014,United States,nation,All genders,B,666,median,7.48954967689823,American Indian or Alaska Native
2014,United States,nation,All genders,A,666,mean,8.96188883059099,Asian or Pacific Islander
2014,United States,nation,All genders,A,666,median,8.7299174032384,Asian or Pacific Islander
2014,United States,nation,All genders,B,666,mean,8.71533367382833,Asian or Pacific Islander
2014,United States,nation,All genders,B,666,median,8.7299174032384,Asian or Pacific Islander
2014,United States,nation,All genders,A,666,mean,9.07680159597156,Black or African American
2014,United States,nation,All genders,A,666,median,8.98447645575947,Black or African American
2014,United States,nation,All genders,B,666,mean,9.02889642916726,Black or African American
2014,United States,nation,All genders,B,666,median,8.98447645575947,Black or African American
2014,United States,nation,All genders,A,666,mean,8.95498496153002,"White, Hispanic or Latino"
2014,United States,nation,All genders,A,666,median,8.70543825686825,"White, Hispanic or Latino"
2014,United States,nation,All genders,B,666,mean,8.74109689341596,"White, Hispanic or Latino"
2014,United States,nation,All genders,B,666,median,8.70543825686825,"White, Hispanic or Latino"
2014,United States,nation,All genders,A,666,mean,8.07797229746033,"White, Not Hispanic or Latino"
2014,United States,nation,All genders,A,666,median,8.18492606245204,"White, Not Hispanic or Latino"
2014,United States,nation,All genders,B,666,mean,8.0386553739244,"White, Not Hispanic or Latino"
2014,United States,nation,All genders,B,666,median,8.18492606245204,"White, Not Hispanic or Latino"
2015,United States,nation,All genders,A,Less than 9th grade,mean,8.63398322053563,"All, All Origins"
2015,United States,nation,All genders,A,Less than 9th grade,median,8.49056357414594,"All, All Origins"
2015,United States,nation,All genders,A,"9th to 12th grade, no diploma",mean,8.2619727429259,"All, All Origins"
2015,United States,nation,All genders,A,"9th to 12th grade, no diploma",median,8.19336285690698,"All, All Origins"
2015,United States,nation,All genders,A,"High school graduate, GED, or alternative",mean,7.9543897929632,"All, All Origins"
2015,United States,nation,All genders,A,"High school graduate, GED, or alternative",median,7.97836669549157,"All, All Origins"
2015,United States,nation,All genders,A,"Some college, no degree",mean,7.96329629665191,"All, All Origins"
2015,United States,nation,All genders,A,"Some college, no degree",median,7.9656767108034,"All, All Origins"
2015,United States,nation,All genders,A,Associate's degree,mean,7.85343183055715,"All, All Origins"
2015,United States,nation,All genders,A,Associate's degree,median,7.86368725036972,"All, All Origins"
2015,United States,nation,All genders,A,Bachelor's degree,mean,8.04451357231262,"All, All Origins"
2015,United States,nation,All genders,A,Bachelor's degree,median,8.07773396317632,"All, All Origins"
2015,United States,nation,All genders,A,Graduate or professional degree,mean,8.05468432580704,"All, All Origins"
2015,United States,nation,All genders,A,Graduate or professional degree,median,8.12702199504075,"All, All Origins"
2015,United States,nation,All genders,A,666,mean,8.00703772340427,"All, All Origins"
2015,United States,nation,All genders,A,666,median,8.02902806747284,"All, All Origins"
2015,United States,nation,All genders,B,Less than 9th grade,mean,8.51810213319451,"All, All Origins"
2015,United States,nation,All genders,B,Less than 9th grade,median,8.49056357414594,"All, All Origins"
2015,United States,nation,All genders,B,"9th to 12th grade, no diploma",mean,8.19899881315132,"All, All Origins"
2015,United States,nation,All genders,B,"9th to 12th grade, no diploma",median,8.19336285690698,"All, All Origins"
2015,United States,nation,All genders,B,"High school graduate, GED, or alternative",mean,7.91809869909108,"All, All Origins"
2015,United States,nation,All genders,B,"High school graduate, GED, or alternative",median,7.97836669549157,"All, All Origins"
2015,United States,nation,All genders,B,"Some college, no degree",mean,7.91725861206867,"All, All Origins"
2015,United States,nation,All genders,B,"Some college, no degree",median,7.9656767108034,"All, All Origins"
2015,United States,nation,All genders,B,Associate's degree,mean,7.81207988139338,"All, All Origins"
2015,United States,nation,All genders,B,Associate's degree,median,7.86368725036972,"All, All Origins"
2015,United States,nation,All genders,B,Bachelor's degree,mean,7.99788324691575,"All, All Origins"
2015,United States,nation,All genders,B,Bachelor's degree,median,8.07773396317632,"All, All Origins"
2015,United States,nation,All genders,B,Graduate or professional degree,mean,8.0169951840185,"All, All Origins"
2015,United States,nation,All genders,B,Graduate or professional degree,median,8.12702199504075,"All, All Origins"
2015,United States,nation,All genders,B,666,mean,7.96627007407189,"All, All Origins"
2015,United States,nation,All genders,B,666,median,8.02902806747284,"All, All Origins"
2015,United States,nation,All genders,A,666,mean,6.86461699636964,American Indian or Alaska Native
2015,United States,nation,All genders,A,666,median,6.93642757382282,American Indian or Alaska Native
2015,United States,nation,All genders,B,666,mean,6.81465260822561,American Indian or Alaska Native
2015,United States,nation,All genders,B,666,median,6.93642757382282,American Indian or Alaska Native
2015,United States,nation,All genders,A,666,mean,8.77949243046633,Asian or Pacific Islander
2015,United States,nation,All genders,A,666,median,8.78323145066562,Asian or Pacific Islander
2015,United States,nation,All genders,B,666,mean,8.63810742102346,Asian or Pacific Islander
2015,United States,nation,All genders,B,666,median,8.78323145066562,Asian or Pacific Islander
2015,United States,nation,All genders,A,666,mean,8.69409702434935,Black or African American
2015,United States,nation,All genders,A,666,median,8.69272460860734,Black or African American
2015,United States,nation,All genders,B,666,mean,8.66625605154167,Black or African American
2015,United States,nation,All genders,B,666,median,8.69272460860734,Black or African American
2015,United States,nation,All genders,A,666,mean,8.62833554870189,"White, Hispanic or Latino"
2015,United States,nation,All genders,A,666,median,8.51739390895459,"White, Hispanic or Latino"
2015,United States,nation,All genders,B,666,mean,8.5110048117549,"White, Hispanic or Latino"
2015,United States,nation,All genders,B,666,median,8.51739390895459,"White, Hispanic or Latino"
2015,United States,nation,All genders,A,666,mean,7.70480440393036,"White, Not Hispanic or Latino"
2015,United States,nation,All genders,A,666,median,7.7636279624029,"White, Not Hispanic or Latino"
2015,United States,nation,All genders,B,666,mean,7.68395177141853,"White, Not Hispanic or Latino"
2015,United States,nation,All genders,B,666,median,7.7636279624029,"White, Not Hispanic or Latino"
2016,United States,nation,All genders,A,Less than 9th grade,mean,7.84330383677991,"All, All Origins"
2016,United States,nation,All genders,A,Less than 9th grade,median,7.76481402845066,"All, All Origins"
2016,United States,nation,All genders,A,"9th to 12th grade, no diploma",mean,7.53861947250188,"All, All Origins"
2016,United States,nation,All genders,A,"9th to 12th grade, no diploma",median,7.58617805370953,"All, All Origins"
2016,United States,nation,All genders,A,"High school graduate, GED, or alternative",mean,7.23283586953406,"All, All Origins"
2016,United States,nation,All genders,A,"High school graduate, GED, or alternative",median,7.36613873834378,"All, All Origins"
2016,United States,nation,All genders,A,"Some college, no degree",mean,7.26262554518176,"All, All Origins"
2016,United States,nation,All genders,A,"Some college, no degree",median,7.38337203978557,"All, All Origins"
2016,United States,nation,All genders,A,Associate's degree,mean,7.13894845784235,"All, All Origins"
2016,United States,nation,All genders,A,Associate's degree,median,7.26854874018114,"All, All Origins"
2016,United States,nation,All genders,A,Bachelor's degree,mean,7.28757480015696,"All, All Origins"
2016,United States,nation,All genders,A,Bachelor's degree,median,7.3958606663578,"All, All Origins"
2016,United States,nation,All genders,A,Graduate or professional degree,mean,7.27438394690729,"All, All Origins"
2016,United States,nation,All genders,A,Graduate or professional degree,median,7.39563429544127,"All, All Origins"
2016,United States,nation,All genders,A,666,mean,7.28226620796541,"All, All Origins"
2016,United States,nation,All genders,A,666,median,7.40218925861629,"All, All Origins"
2016,United States,nation,All genders,B,Less than 9th grade,mean,7.82592097910787,"All, All Origins"
2016,United States,nation,All genders,B,Less than 9th grade,median,7.76481402845066,"All, All Origins"
2016,United States,nation,All genders,B,"9th to 12th grade, no diploma",mean,7.52881500052102,"All, All Origins"
2016,United States,nation,All genders,B,"9th to 12th grade, no diploma",median,7.58617805370953,"All, All Origins"
2016,United States,nation,All genders,B,"High school graduate, GED, or alternative",mean,7.22660910194387,"All, All Origins"
2016,United States,nation,All genders,B,"High school graduate, GED, or alternative",median,7.36613873834378,"All, All Origins"
2016,United States,nation,All genders,B,"Some college, no degree",mean,7.2530521851138,"All, All Origins"
2016,United States,nation,All genders,B,"Some college, no degree",median,7.38337203978557,"All, All Origins"
2016,United States,nation,All genders,B,Associate's degree,mean,7.12953525105397,"All, All Origins"
2016,United States,nation,All genders,B,Associate's degree,median,7.26854874018114,"All, All Origins"
2016,United States,nation,All genders,B,Bachelor's degree,mean,7.2753740206821,"All, All Origins"
2016,United States,nation,All genders,B,Bachelor's degree,median,7.3958606663578,"All, All Origins"
2016,United States,nation,All genders,B,Graduate or professional degree,mean,7.26331653994997,"All, All Origins"
2016,United States,nation,All genders,B,Graduate or professional degree,median,7.39563429544127,"All, All Origins"
2016,United States,nation,All genders,B,666,mean,7.27353966364736,"All, All Origins"
2016,United States,nation,All genders,B,666,median,7.40218925861629,"All, All Origins"
2016,United States,nation,All genders,A,666,mean,6.4522689363173,American Indian or Alaska Native
2016,United States,nation,All genders,A,666,median,6.62512057465367,American Indian or Alaska Native
2016,United States,nation,All genders,B,666,mean,6.44372522901844,American Indian or Alaska Native
2016,United States,nation,All genders,B,666,median,6.62512057465367,American Indian or Alaska Native
2016,United States,nation,All genders,A,666,mean,7.79152765692527,Asian or Pacific Islander
2016,United States,nation,All genders,A,666,median,7.78325391623869,Asian or Pacific Islander
2016,United States,nation,All genders,B,666,mean,7.76015813224919,Asian or Pacific Islander
2016,United States,nation,All genders,B,666,median,7.78325391623869,Asian or Pacific Islander
2016,United States,nation,All genders,A,666,mean,7.93970023184496,Black or African American
2016,United States,nation,All genders,A,666,median,7.93821042423052,Black or African American
2016,United States,nation,All genders,B,666,mean,7.93764508652871,Black or African American
2016,United States,nation,All genders,B,666,median,7.93821042423052,Black or African American
2016,United States,nation,All genders,A,666,mean,7.90539117734561,"White, Hispanic or Latino"
2016,United States,nation,All genders,A,666,median,7.78983265810231,"White, Hispanic or Latino"
2016,United States,nation,All genders,B,666,mean,7.88757675767752,"White, Hispanic or Latino"
2016,United States,nation,All genders,B,666,median,7.78983265810231,"White, Hispanic or Latino"
2016,United States,nation,All genders,A,666,mean,7.00023468455514,"White, Not Hispanic or Latino"
2016,United States,nation,All genders,A,666,median,7.15580331378235,"White, Not Hispanic or Latino"
2016,United States,nation,All genders,B,666,mean,6.99378709199405,"White, Not Hispanic or Latino"
2016,United States,nation,All genders,B,666,median,7.15580331378235,"White, Not Hispanic or Latino"
