Year,Race,Hispanic.Origin,Education,Gender.Code,STATEFP,measure1,measure2,attr,mean,lower,upper,source
2011,American Indian or Alaska Native,All Origins,666,A,2,Deaths,age-adjusted rate,attributable,0.551372362946094,0.551372362946094,0.551372362946094,wonder
2011,American Indian or Alaska Native,All Origins,666,A,2,YLL,crude rate,attributable,7.19652768755897,7.19652768755897,7.19652768755897,wonder
2011,American Indian or Alaska Native,All Origins,666,A,4,Deaths,age-adjusted rate,attributable,1.97180618258862,1.97180618258862,1.97180618258862,wonder
2011,American Indian or Alaska Native,All Origins,666,A,4,YLL,crude rate,attributable,12.8378209562881,12.8378209562881,12.8378209562881,wonder
2011,American Indian or Alaska Native,All Origins,666,A,6,Deaths,age-adjusted rate,attributable,7.09283298453709,7.09283298453709,7.09283298453709,wonder
2011,American Indian or Alaska Native,All Origins,666,A,6,YLL,crude rate,attributable,46.3432649862519,46.3432649862519,46.3432649862519,wonder
2011,American Indian or Alaska Native,All Origins,666,A,26,Deaths,age-adjusted rate,attributable,2.02654846804976,2.02654846804976,2.02654846804976,wonder
2011,American Indian or Alaska Native,All Origins,666,A,26,YLL,crude rate,attributable,4.16977921362621,4.16977921362621,4.16977921362621,wonder
2011,American Indian or Alaska Native,All Origins,666,A,35,Deaths,age-adjusted rate,attributable,0.612114838195106,0.612114838195106,0.612114838195106,wonder
2011,American Indian or Alaska Native,All Origins,666,A,35,YLL,crude rate,attributable,3.71414710502785,3.71414710502785,3.71414710502785,wonder
2011,American Indian or Alaska Native,All Origins,666,A,37,Deaths,age-adjusted rate,attributable,9.85481600123185,9.85481600123185,9.85481600123185,wonder
2011,American Indian or Alaska Native,All Origins,666,A,37,YLL,crude rate,attributable,73.7690783456477,73.7690783456477,73.7690783456477,wonder
2011,American Indian or Alaska Native,All Origins,666,A,40,Deaths,age-adjusted rate,attributable,19.4829369647524,19.4829369647524,19.4829369647524,wonder
2011,American Indian or Alaska Native,All Origins,666,A,40,YLL,crude rate,attributable,155.972588521632,155.972588521632,155.972588521632,wonder
2011,American Indian or Alaska Native,All Origins,666,A,46,Deaths,age-adjusted rate,attributable,0.453392314055055,0.453392314055055,0.453392314055055,wonder
2011,American Indian or Alaska Native,All Origins,666,A,46,YLL,crude rate,attributable,4.50425836786283,4.50425836786283,4.50425836786283,wonder
2011,American Indian or Alaska Native,All Origins,666,A,53,Deaths,age-adjusted rate,attributable,2.76764544308273,2.76764544308273,2.76764544308273,wonder
2011,American Indian or Alaska Native,All Origins,666,A,53,YLL,crude rate,attributable,17.2569797262176,17.2569797262176,17.2569797262176,wonder
2011,Asian or Pacific Islander,All Origins,666,A,4,Deaths,age-adjusted rate,attributable,0.737445337623786,0.737445337623786,0.737445337623786,wonder
2011,Asian or Pacific Islander,All Origins,666,A,4,YLL,crude rate,attributable,6.34100184566143,6.34100184566143,6.34100184566143,wonder
2011,Asian or Pacific Islander,All Origins,666,A,6,Deaths,age-adjusted rate,attributable,6.68972062180158,6.68972062180158,6.68972062180158,wonder
2011,Asian or Pacific Islander,All Origins,666,A,6,YLL,crude rate,attributable,71.2409445734117,71.2409445734117,71.2409445734117,wonder
2011,Asian or Pacific Islander,All Origins,666,A,8,Deaths,age-adjusted rate,attributable,0.255975006443283,0.255975006443283,0.255975006443283,wonder
2011,Asian or Pacific Islander,All Origins,666,A,8,YLL,crude rate,attributable,0.905602782253447,0.905602782253447,0.905602782253447,wonder
2011,Asian or Pacific Islander,All Origins,666,A,12,Deaths,age-adjusted rate,attributable,1.43151438408281,1.43151438408281,1.43151438408281,wonder
2011,Asian or Pacific Islander,All Origins,666,A,12,YLL,crude rate,attributable,11.5767566926982,11.5767566926982,11.5767566926982,wonder
2011,Asian or Pacific Islander,All Origins,666,A,13,Deaths,age-adjusted rate,attributable,1.00171616430625,1.00171616430625,1.00171616430625,wonder
2011,Asian or Pacific Islander,All Origins,666,A,13,YLL,crude rate,attributable,1.52050231633342,1.52050231633342,1.52050231633342,wonder
2011,Asian or Pacific Islander,All Origins,666,A,15,Deaths,age-adjusted rate,attributable,1.07769005549468,1.07769005549468,1.07769005549468,wonder
2011,Asian or Pacific Islander,All Origins,666,A,15,YLL,crude rate,attributable,15.1256867855884,15.1256867855884,15.1256867855884,wonder
2011,Asian or Pacific Islander,All Origins,666,A,17,Deaths,age-adjusted rate,attributable,3.44749595584911,3.44749595584911,3.44749595584911,wonder
2011,Asian or Pacific Islander,All Origins,666,A,17,YLL,crude rate,attributable,24.9714018709621,24.9714018709621,24.9714018709621,wonder
2011,Asian or Pacific Islander,All Origins,666,A,24,Deaths,age-adjusted rate,attributable,1.74478668774877,1.74478668774877,1.74478668774877,wonder
2011,Asian or Pacific Islander,All Origins,666,A,24,YLL,crude rate,attributable,9.90036219366184,9.90036219366184,9.90036219366184,wonder
2011,Asian or Pacific Islander,All Origins,666,A,25,YLL,crude rate,attributable,0.491185538498943,0.491185538498943,0.491185538498943,wonder
2011,Asian or Pacific Islander,All Origins,666,A,32,Deaths,age-adjusted rate,attributable,0.74860011077427,0.74860011077427,0.74860011077427,wonder
2011,Asian or Pacific Islander,All Origins,666,A,32,YLL,crude rate,attributable,4.46551524897111,4.46551524897111,4.46551524897111,wonder
2011,Asian or Pacific Islander,All Origins,666,A,34,Deaths,age-adjusted rate,attributable,1.8039057128822,1.8039057128822,1.8039057128822,wonder
2011,Asian or Pacific Islander,All Origins,666,A,34,YLL,crude rate,attributable,10.9585905437655,10.9585905437655,10.9585905437655,wonder
2011,Asian or Pacific Islander,All Origins,666,A,36,Deaths,age-adjusted rate,attributable,4.25730556196667,4.25730556196667,4.25730556196667,wonder
2011,Asian or Pacific Islander,All Origins,666,A,36,YLL,crude rate,attributable,33.1561934341785,33.1561934341785,33.1561934341785,wonder
2011,Asian or Pacific Islander,All Origins,666,A,41,YLL,crude rate,attributable,0.293976443560308,0.293976443560308,0.293976443560308,wonder
2011,Asian or Pacific Islander,All Origins,666,A,42,Deaths,age-adjusted rate,attributable,1.0616005727179,1.0616005727179,1.0616005727179,wonder
2011,Asian or Pacific Islander,All Origins,666,A,42,YLL,crude rate,attributable,3.24248407103552,3.24248407103552,3.24248407103552,wonder
2011,Asian or Pacific Islander,All Origins,666,A,48,Deaths,age-adjusted rate,attributable,2.82332420094147,2.82332420094147,2.82332420094147,wonder
2011,Asian or Pacific Islander,All Origins,666,A,48,YLL,crude rate,attributable,18.5448702209435,18.5448702209435,18.5448702209435,wonder
2011,Asian or Pacific Islander,All Origins,666,A,51,Deaths,age-adjusted rate,attributable,1.80043911242703,1.80043911242703,1.80043911242703,wonder
2011,Asian or Pacific Islander,All Origins,666,A,51,YLL,crude rate,attributable,17.0025214958145,17.0025214958145,17.0025214958145,wonder
2011,Asian or Pacific Islander,All Origins,666,A,53,Deaths,age-adjusted rate,attributable,0.913970914653534,0.913970914653534,0.913970914653534,wonder
2011,Asian or Pacific Islander,All Origins,666,A,53,YLL,crude rate,attributable,6.59007460507841,6.59007460507841,6.59007460507841,wonder
2011,Black or African American,All Origins,666,A,1,Deaths,age-adjusted rate,attributable,11.5023604802246,11.5023604802246,11.5023604802246,wonder
2011,Black or African American,All Origins,666,A,1,YLL,crude rate,attributable,130.125167273414,130.125167273414,130.125167273414,wonder
2011,Black or African American,All Origins,666,A,4,Deaths,age-adjusted rate,attributable,4.24746970119428,4.24746970119428,4.24746970119428,wonder
2011,Black or African American,All Origins,666,A,4,YLL,crude rate,attributable,32.7615117429975,32.7615117429975,32.7615117429975,wonder
2011,Black or African American,All Origins,666,A,5,Deaths,age-adjusted rate,attributable,10.9713232078077,10.9713232078077,10.9713232078077,wonder
2011,Black or African American,All Origins,666,A,5,YLL,crude rate,attributable,115.32880614664,115.32880614664,115.32880614664,wonder
2011,Black or African American,All Origins,666,A,6,Deaths,age-adjusted rate,attributable,16.5142495160037,16.5142495160037,16.5142495160037,wonder
2011,Black or African American,All Origins,666,A,6,YLL,crude rate,attributable,167.839499731692,167.839499731692,167.839499731692,wonder
2011,Black or African American,All Origins,666,A,8,Deaths,age-adjusted rate,attributable,1.83374100396547,1.83374100396547,1.83374100396547,wonder
2011,Black or African American,All Origins,666,A,8,YLL,crude rate,attributable,11.6198958734465,11.6198958734465,11.6198958734465,wonder
2011,Black or African American,All Origins,666,A,9,Deaths,age-adjusted rate,attributable,3.69929033911905,3.69929033911905,3.69929033911905,wonder
2011,Black or African American,All Origins,666,A,9,YLL,crude rate,attributable,29.785145386532,29.785145386532,29.785145386532,wonder
2011,Black or African American,All Origins,666,A,10,Deaths,age-adjusted rate,attributable,4.42915864136459,4.42915864136459,4.42915864136459,wonder
2011,Black or African American,All Origins,666,A,10,YLL,crude rate,attributable,34.5444534322192,34.5444534322192,34.5444534322192,wonder
2011,Black or African American,All Origins,666,A,11,Deaths,age-adjusted rate,attributable,10.4980372704843,10.4980372704843,10.4980372704843,wonder
2011,Black or African American,All Origins,666,A,11,YLL,crude rate,attributable,135.852901111441,135.852901111441,135.852901111441,wonder
2011,Black or African American,All Origins,666,A,12,Deaths,age-adjusted rate,attributable,7.47507837143192,7.47507837143192,7.47507837143192,wonder
2011,Black or African American,All Origins,666,A,12,YLL,crude rate,attributable,71.7375968151505,71.7375968151505,71.7375968151505,wonder
2011,Black or African American,All Origins,666,A,13,Deaths,age-adjusted rate,attributable,10.1070977791768,10.1070977791768,10.1070977791768,wonder
2011,Black or African American,All Origins,666,A,13,YLL,crude rate,attributable,96.0859127655435,96.0859127655435,96.0859127655435,wonder
2011,Black or African American,All Origins,666,A,17,Deaths,age-adjusted rate,attributable,13.5313648940069,13.5313648940069,13.5313648940069,wonder
2011,Black or African American,All Origins,666,A,17,YLL,crude rate,attributable,147.112468342305,147.112468342305,147.112468342305,wonder
2011,Black or African American,All Origins,666,A,18,Deaths,age-adjusted rate,attributable,11.3005604357506,11.3005604357506,11.3005604357506,wonder
2011,Black or African American,All Origins,666,A,18,YLL,crude rate,attributable,102.748012119932,102.748012119932,102.748012119932,wonder
2011,Black or African American,All Origins,666,A,19,Deaths,age-adjusted rate,attributable,2.80909662439379,2.80909662439379,2.80909662439379,wonder
2011,Black or African American,All Origins,666,A,19,YLL,crude rate,attributable,18.012221077802,18.012221077802,18.012221077802,wonder
2011,Black or African American,All Origins,666,A,20,Deaths,age-adjusted rate,attributable,4.49208555824501,4.49208555824501,4.49208555824501,wonder
2011,Black or African American,All Origins,666,A,20,YLL,crude rate,attributable,30.7174141769664,30.7174141769664,30.7174141769664,wonder
2011,Black or African American,All Origins,666,A,21,Deaths,age-adjusted rate,attributable,8.09028384897888,8.09028384897888,8.09028384897888,wonder
2011,Black or African American,All Origins,666,A,21,YLL,crude rate,attributable,66.6079242950682,66.6079242950682,66.6079242950682,wonder
2011,Black or African American,All Origins,666,A,22,Deaths,age-adjusted rate,attributable,9.8775942167986,9.8775942167986,9.8775942167986,wonder
2011,Black or African American,All Origins,666,A,22,YLL,crude rate,attributable,107.322396365051,107.322396365051,107.322396365051,wonder
2011,Black or African American,All Origins,666,A,24,Deaths,age-adjusted rate,attributable,9.98536727989645,9.98536727989645,9.98536727989645,wonder
2011,Black or African American,All Origins,666,A,24,YLL,crude rate,attributable,99.2425113666911,99.2425113666911,99.2425113666911,wonder
2011,Black or African American,All Origins,666,A,25,Deaths,age-adjusted rate,attributable,3.33519738989429,3.33519738989429,3.33519738989429,wonder
2011,Black or African American,All Origins,666,A,25,YLL,crude rate,attributable,26.5969879560579,26.5969879560579,26.5969879560579,wonder
2011,Black or African American,All Origins,666,A,26,Deaths,age-adjusted rate,attributable,13.5353320349861,13.5353320349861,13.5353320349861,wonder
2011,Black or African American,All Origins,666,A,26,YLL,crude rate,attributable,146.222153287338,146.222153287338,146.222153287338,wonder
2011,Black or African American,All Origins,666,A,27,Deaths,age-adjusted rate,attributable,0.737790088599738,0.737790088599738,0.737790088599738,wonder
2011,Black or African American,All Origins,666,A,27,YLL,crude rate,attributable,8.67193198827943,8.67193198827943,8.67193198827943,wonder
2011,Black or African American,All Origins,666,A,28,Deaths,age-adjusted rate,attributable,10.4327253908503,10.4327253908503,10.4327253908503,wonder
2011,Black or African American,All Origins,666,A,28,YLL,crude rate,attributable,112.793460180139,112.793460180139,112.793460180139,wonder
2011,Black or African American,All Origins,666,A,29,Deaths,age-adjusted rate,attributable,13.9160877816215,13.9160877816215,13.9160877816215,wonder
2011,Black or African American,All Origins,666,A,29,YLL,crude rate,attributable,141.409893861059,141.409893861059,141.409893861059,wonder
2011,Black or African American,All Origins,666,A,32,Deaths,age-adjusted rate,attributable,1.88688594722622,1.88688594722622,1.88688594722622,wonder
2011,Black or African American,All Origins,666,A,32,YLL,crude rate,attributable,20.0070399645315,20.0070399645315,20.0070399645315,wonder
2011,Black or African American,All Origins,666,A,34,Deaths,age-adjusted rate,attributable,8.58850973125568,8.58850973125568,8.58850973125568,wonder
2011,Black or African American,All Origins,666,A,34,YLL,crude rate,attributable,85.2620883449196,85.2620883449196,85.2620883449196,wonder
2011,Black or African American,All Origins,666,A,36,Deaths,age-adjusted rate,attributable,10.1556910785803,10.1556910785803,10.1556910785803,wonder
2011,Black or African American,All Origins,666,A,36,YLL,crude rate,attributable,106.064386023649,106.064386023649,106.064386023649,wonder
2011,Black or African American,All Origins,666,A,37,Deaths,age-adjusted rate,attributable,8.5901617292842,8.5901617292842,8.5901617292842,wonder
2011,Black or African American,All Origins,666,A,37,YLL,crude rate,attributable,94.1834275203265,94.1834275203265,94.1834275203265,wonder
2011,Black or African American,All Origins,666,A,39,Deaths,age-adjusted rate,attributable,12.9162678387127,12.9162678387127,12.9162678387127,wonder
2011,Black or African American,All Origins,666,A,39,YLL,crude rate,attributable,130.757863667089,130.757863667089,130.757863667089,wonder
2011,Black or African American,All Origins,666,A,40,Deaths,age-adjusted rate,attributable,8.30749267317011,8.30749267317011,8.30749267317011,wonder
2011,Black or African American,All Origins,666,A,40,YLL,crude rate,attributable,69.033331899064,69.033331899064,69.033331899064,wonder
2011,Black or African American,All Origins,666,A,42,Deaths,age-adjusted rate,attributable,10.6127932336313,10.6127932336313,10.6127932336313,wonder
2011,Black or African American,All Origins,666,A,42,YLL,crude rate,attributable,105.507049981726,105.507049981726,105.507049981726,wonder
2011,Black or African American,All Origins,666,A,45,Deaths,age-adjusted rate,attributable,10.033178478855,10.033178478855,10.033178478855,wonder
2011,Black or African American,All Origins,666,A,45,YLL,crude rate,attributable,114.343133677938,114.343133677938,114.343133677938,wonder
2011,Black or African American,All Origins,666,A,47,Deaths,age-adjusted rate,attributable,13.6367523696121,13.6367523696121,13.6367523696121,wonder
2011,Black or African American,All Origins,666,A,47,YLL,crude rate,attributable,128.406717679547,128.406717679547,128.406717679547,wonder
2011,Black or African American,All Origins,666,A,48,Deaths,age-adjusted rate,attributable,11.0528653772699,11.0528653772699,11.0528653772699,wonder
2011,Black or African American,All Origins,666,A,48,YLL,crude rate,attributable,107.780208367146,107.780208367146,107.780208367146,wonder
2011,Black or African American,All Origins,666,A,51,Deaths,age-adjusted rate,attributable,8.36479062868552,8.36479062868552,8.36479062868552,wonder
2011,Black or African American,All Origins,666,A,51,YLL,crude rate,attributable,90.4657664523155,90.4657664523155,90.4657664523155,wonder
2011,Black or African American,All Origins,666,A,53,Deaths,age-adjusted rate,attributable,1.87545306652526,1.87545306652526,1.87545306652526,wonder
2011,Black or African American,All Origins,666,A,53,YLL,crude rate,attributable,12.4914612801761,12.4914612801761,12.4914612801761,wonder
2011,Black or African American,All Origins,666,A,54,Deaths,age-adjusted rate,attributable,1.91825111836795,1.91825111836795,1.91825111836795,wonder
2011,Black or African American,All Origins,666,A,54,YLL,crude rate,attributable,13.4819066507298,13.4819066507298,13.4819066507298,wonder
2011,Black or African American,All Origins,666,A,55,Deaths,age-adjusted rate,attributable,7.33038901124716,7.33038901124716,7.33038901124716,wonder
2011,Black or African American,All Origins,666,A,55,YLL,crude rate,attributable,61.785906618938,61.785906618938,61.785906618938,wonder
2011,White,Hispanic or Latino,666,A,4,Deaths,age-adjusted rate,attributable,10.215830143142,10.215830143142,10.215830143142,wonder
2011,White,Hispanic or Latino,666,A,4,YLL,crude rate,attributable,56.4137604426588,56.4137604426588,56.4137604426588,wonder
2011,White,Hispanic or Latino,666,A,6,Deaths,age-adjusted rate,attributable,19.8656971072465,19.8656971072465,19.8656971072465,wonder
2011,White,Hispanic or Latino,666,A,6,YLL,crude rate,attributable,120.783587248927,120.783587248927,120.783587248927,wonder
2011,White,Hispanic or Latino,666,A,8,Deaths,age-adjusted rate,attributable,5.0156910269684,5.0156910269684,5.0156910269684,wonder
2011,White,Hispanic or Latino,666,A,8,YLL,crude rate,attributable,26.9786740211238,26.9786740211238,26.9786740211238,wonder
2011,White,Hispanic or Latino,666,A,9,Deaths,age-adjusted rate,attributable,3.49031518384768,3.49031518384768,3.49031518384768,wonder
2011,White,Hispanic or Latino,666,A,9,YLL,crude rate,attributable,14.9030568479005,14.9030568479005,14.9030568479005,wonder
2011,White,Hispanic or Latino,666,A,12,Deaths,age-adjusted rate,attributable,9.97256949558322,9.97256949558322,9.97256949558322,wonder
2011,White,Hispanic or Latino,666,A,12,YLL,crude rate,attributable,91.132069862632,91.132069862632,91.132069862632,wonder
2011,White,Hispanic or Latino,666,A,17,Deaths,age-adjusted rate,attributable,12.0589067635281,12.0589067635281,12.0589067635281,wonder
2011,White,Hispanic or Latino,666,A,17,YLL,crude rate,attributable,57.8153038285478,57.8153038285478,57.8153038285478,wonder
2011,White,Hispanic or Latino,666,A,18,Deaths,age-adjusted rate,attributable,1.25122356706558,1.25122356706558,1.25122356706558,wonder
2011,White,Hispanic or Latino,666,A,18,YLL,crude rate,attributable,14.5640137798832,14.5640137798832,14.5640137798832,wonder
2011,White,Hispanic or Latino,666,A,24,YLL,crude rate,attributable,0.804076205722357,0.804076205722357,0.804076205722357,wonder
2011,White,Hispanic or Latino,666,A,25,Deaths,age-adjusted rate,attributable,3.97117824148682,3.97117824148682,3.97117824148682,wonder
2011,White,Hispanic or Latino,666,A,25,YLL,crude rate,attributable,18.1701228855964,18.1701228855964,18.1701228855964,wonder
2011,White,Hispanic or Latino,666,A,26,Deaths,age-adjusted rate,attributable,10.1692809133023,10.1692809133023,10.1692809133023,wonder
2011,White,Hispanic or Latino,666,A,26,YLL,crude rate,attributable,48.3451450150561,48.3451450150561,48.3451450150561,wonder
2011,White,Hispanic or Latino,666,A,32,Deaths,age-adjusted rate,attributable,2.51556254761505,2.51556254761505,2.51556254761505,wonder
2011,White,Hispanic or Latino,666,A,32,YLL,crude rate,attributable,6.52644361077736,6.52644361077736,6.52644361077736,wonder
2011,White,Hispanic or Latino,666,A,34,Deaths,age-adjusted rate,attributable,10.3545034937186,10.3545034937186,10.3545034937186,wonder
2011,White,Hispanic or Latino,666,A,34,YLL,crude rate,attributable,69.5659759850718,69.5659759850718,69.5659759850718,wonder
2011,White,Hispanic or Latino,666,A,35,Deaths,age-adjusted rate,attributable,5.10169989605258,5.10169989605258,5.10169989605258,wonder
2011,White,Hispanic or Latino,666,A,35,YLL,crude rate,attributable,40.8073332358982,40.8073332358982,40.8073332358982,wonder
2011,White,Hispanic or Latino,666,A,36,Deaths,age-adjusted rate,attributable,18.7185142085407,18.7185142085407,18.7185142085407,wonder
2011,White,Hispanic or Latino,666,A,36,YLL,crude rate,attributable,138.57560298849,138.57560298849,138.57560298849,wonder
2011,White,Hispanic or Latino,666,A,39,Deaths,age-adjusted rate,attributable,2.2279426486558,2.2279426486558,2.2279426486558,wonder
2011,White,Hispanic or Latino,666,A,39,YLL,crude rate,attributable,5.63812665211325,5.63812665211325,5.63812665211325,wonder
2011,White,Hispanic or Latino,666,A,40,Deaths,age-adjusted rate,attributable,1.03606582274366,1.03606582274366,1.03606582274366,wonder
2011,White,Hispanic or Latino,666,A,40,YLL,crude rate,attributable,6.90868470457438,6.90868470457438,6.90868470457438,wonder
2011,White,Hispanic or Latino,666,A,41,Deaths,age-adjusted rate,attributable,0.237012541119847,0.237012541119847,0.237012541119847,wonder
2011,White,Hispanic or Latino,666,A,41,YLL,crude rate,attributable,1.71171427176389,1.71171427176389,1.71171427176389,wonder
2011,White,Hispanic or Latino,666,A,42,Deaths,age-adjusted rate,attributable,7.06288461461087,7.06288461461087,7.06288461461087,wonder
2011,White,Hispanic or Latino,666,A,42,YLL,crude rate,attributable,37.1547304799854,37.1547304799854,37.1547304799854,wonder
2011,White,Hispanic or Latino,666,A,48,Deaths,age-adjusted rate,attributable,14.6302265244025,14.6302265244025,14.6302265244025,wonder
2011,White,Hispanic or Latino,666,A,48,YLL,crude rate,attributable,93.2992951374517,93.2992951374517,93.2992951374517,wonder
2011,White,Hispanic or Latino,666,A,51,Deaths,age-adjusted rate,attributable,0.937331688623349,0.937331688623349,0.937331688623349,wonder
2011,White,Hispanic or Latino,666,A,51,YLL,crude rate,attributable,1.48728747679267,1.48728747679267,1.48728747679267,wonder
2011,White,Hispanic or Latino,666,A,53,Deaths,age-adjusted rate,attributable,1.5941232931134,1.5941232931134,1.5941232931134,wonder
2011,White,Hispanic or Latino,666,A,53,YLL,crude rate,attributable,5.34348237118921,5.34348237118921,5.34348237118921,wonder
2011,White,Not Hispanic or Latino,666,A,1,Deaths,age-adjusted rate,attributable,30.2916293233123,30.2916293233123,30.2916293233123,wonder
2011,White,Not Hispanic or Latino,666,A,1,YLL,crude rate,attributable,435.064330255542,435.064330255542,435.064330255542,wonder
2011,White,Not Hispanic or Latino,666,A,2,Deaths,age-adjusted rate,attributable,5.16596750641571,5.16596750641571,5.16596750641571,wonder
2011,White,Not Hispanic or Latino,666,A,2,YLL,crude rate,attributable,51.1469206167384,51.1469206167384,51.1469206167384,wonder
2011,White,Not Hispanic or Latino,666,A,4,Deaths,age-adjusted rate,attributable,15.1972916958562,15.1972916958562,15.1972916958562,wonder
2011,White,Not Hispanic or Latino,666,A,4,YLL,crude rate,attributable,239.596524424739,239.596524424739,239.596524424739,wonder
2011,White,Not Hispanic or Latino,666,A,5,Deaths,age-adjusted rate,attributable,32.7481779520864,32.7481779520864,32.7481779520864,wonder
2011,White,Not Hispanic or Latino,666,A,5,YLL,crude rate,attributable,478.769995967755,478.769995967755,478.769995967755,wonder
2011,White,Not Hispanic or Latino,666,A,6,Deaths,age-adjusted rate,attributable,24.0339269881763,24.0339269881763,24.0339269881763,wonder
2011,White,Not Hispanic or Latino,666,A,6,YLL,crude rate,attributable,349.84200437251,349.84200437251,349.84200437251,wonder
2011,White,Not Hispanic or Latino,666,A,8,Deaths,age-adjusted rate,attributable,5.63621945263723,5.63621945263723,5.63621945263723,wonder
2011,White,Not Hispanic or Latino,666,A,8,YLL,crude rate,attributable,65.918631497962,65.918631497962,65.918631497962,wonder
2011,White,Not Hispanic or Latino,666,A,9,Deaths,age-adjusted rate,attributable,12.0140291237712,12.0140291237712,12.0140291237712,wonder
2011,White,Not Hispanic or Latino,666,A,9,YLL,crude rate,attributable,174.87384854101,174.87384854101,174.87384854101,wonder
2011,White,Not Hispanic or Latino,666,A,10,Deaths,age-adjusted rate,attributable,23.4043215623365,23.4043215623365,23.4043215623365,wonder
2011,White,Not Hispanic or Latino,666,A,10,YLL,crude rate,attributable,340.820168963492,340.820168963492,340.820168963492,wonder
2011,White,Not Hispanic or Latino,666,A,11,Deaths,age-adjusted rate,attributable,9.28577280534797,9.28577280534797,9.28577280534797,wonder
2011,White,Not Hispanic or Latino,666,A,11,YLL,crude rate,attributable,49.3101138806122,49.3101138806122,49.3101138806122,wonder
2011,White,Not Hispanic or Latino,666,A,12,Deaths,age-adjusted rate,attributable,17.6860642659037,17.6860642659037,17.6860642659037,wonder
2011,White,Not Hispanic or Latino,666,A,12,YLL,crude rate,attributable,315.475573544416,315.475573544416,315.475573544416,wonder
2011,White,Not Hispanic or Latino,666,A,13,Deaths,age-adjusted rate,attributable,26.9928542307843,26.9928542307843,26.9928542307843,wonder
2011,White,Not Hispanic or Latino,666,A,13,YLL,crude rate,attributable,348.819231917729,348.819231917729,348.819231917729,wonder
2011,White,Not Hispanic or Latino,666,A,15,Deaths,age-adjusted rate,attributable,3.38320187461817,3.38320187461817,3.38320187461817,wonder
2011,White,Not Hispanic or Latino,666,A,15,YLL,crude rate,attributable,43.3930115860928,43.3930115860928,43.3930115860928,wonder
2011,White,Not Hispanic or Latino,666,A,16,Deaths,age-adjusted rate,attributable,5.51874343228509,5.51874343228509,5.51874343228509,wonder
2011,White,Not Hispanic or Latino,666,A,16,YLL,crude rate,attributable,65.9203475219026,65.9203475219026,65.9203475219026,wonder
2011,White,Not Hispanic or Latino,666,A,17,Deaths,age-adjusted rate,attributable,25.5341238186612,25.5341238186612,25.5341238186612,wonder
2011,White,Not Hispanic or Latino,666,A,17,YLL,crude rate,attributable,343.790924456061,343.790924456061,343.790924456061,wonder
2011,White,Not Hispanic or Latino,666,A,18,Deaths,age-adjusted rate,attributable,30.0361331991929,30.0361331991929,30.0361331991929,wonder
2011,White,Not Hispanic or Latino,666,A,18,YLL,crude rate,attributable,392.40142763088,392.40142763088,392.40142763088,wonder
2011,White,Not Hispanic or Latino,666,A,19,Deaths,age-adjusted rate,attributable,20.1238815031329,20.1238815031329,20.1238815031329,wonder
2011,White,Not Hispanic or Latino,666,A,19,YLL,crude rate,attributable,275.61864578669,275.61864578669,275.61864578669,wonder
2011,White,Not Hispanic or Latino,666,A,20,Deaths,age-adjusted rate,attributable,17.0269495451046,17.0269495451046,17.0269495451046,wonder
2011,White,Not Hispanic or Latino,666,A,20,YLL,crude rate,attributable,229.026657582907,229.026657582907,229.026657582907,wonder
2011,White,Not Hispanic or Latino,666,A,21,Deaths,age-adjusted rate,attributable,32.4245068876749,32.4245068876749,32.4245068876749,wonder
2011,White,Not Hispanic or Latino,666,A,21,YLL,crude rate,attributable,433.837666507381,433.837666507381,433.837666507381,wonder
2011,White,Not Hispanic or Latino,666,A,22,Deaths,age-adjusted rate,attributable,24.6661412658624,24.6661412658624,24.6661412658624,wonder
2011,White,Not Hispanic or Latino,666,A,22,YLL,crude rate,attributable,333.875523729683,333.875523729683,333.875523729683,wonder
2011,White,Not Hispanic or Latino,666,A,23,Deaths,age-adjusted rate,attributable,5.97373788394263,5.97373788394263,5.97373788394263,wonder
2011,White,Not Hispanic or Latino,666,A,23,YLL,crude rate,attributable,85.9667460755771,85.9667460755771,85.9667460755771,wonder
2011,White,Not Hispanic or Latino,666,A,24,Deaths,age-adjusted rate,attributable,21.9075024212014,21.9075024212014,21.9075024212014,wonder
2011,White,Not Hispanic or Latino,666,A,24,YLL,crude rate,attributable,299.061768581858,299.061768581858,299.061768581858,wonder
2011,White,Not Hispanic or Latino,666,A,25,Deaths,age-adjusted rate,attributable,12.1755692612106,12.1755692612106,12.1755692612106,wonder
2011,White,Not Hispanic or Latino,666,A,25,YLL,crude rate,attributable,167.409831135944,167.409831135944,167.409831135944,wonder
2011,White,Not Hispanic or Latino,666,A,26,Deaths,age-adjusted rate,attributable,18.1606604531241,18.1606604531241,18.1606604531241,wonder
2011,White,Not Hispanic or Latino,666,A,26,YLL,crude rate,attributable,252.374018761759,252.374018761759,252.374018761759,wonder
2011,White,Not Hispanic or Latino,666,A,27,Deaths,age-adjusted rate,attributable,10.4054633755141,10.4054633755141,10.4054633755141,wonder
2011,White,Not Hispanic or Latino,666,A,27,YLL,crude rate,attributable,133.3252499429,133.3252499429,133.3252499429,wonder
2011,White,Not Hispanic or Latino,666,A,28,Deaths,age-adjusted rate,attributable,26.6963582175289,26.6963582175289,26.6963582175289,wonder
2011,White,Not Hispanic or Latino,666,A,28,YLL,crude rate,attributable,383.005223966303,383.005223966303,383.005223966303,wonder
2011,White,Not Hispanic or Latino,666,A,29,Deaths,age-adjusted rate,attributable,28.9437493538987,28.9437493538987,28.9437493538987,wonder
2011,White,Not Hispanic or Latino,666,A,29,YLL,crude rate,attributable,395.297942841215,395.297942841215,395.297942841215,wonder
2011,White,Not Hispanic or Latino,666,A,30,Deaths,age-adjusted rate,attributable,4.27181906635427,4.27181906635427,4.27181906635427,wonder
2011,White,Not Hispanic or Latino,666,A,30,YLL,crude rate,attributable,56.8263526295305,56.8263526295305,56.8263526295305,wonder
2011,White,Not Hispanic or Latino,666,A,31,Deaths,age-adjusted rate,attributable,9.92347157440083,9.92347157440083,9.92347157440083,wonder
2011,White,Not Hispanic or Latino,666,A,31,YLL,crude rate,attributable,129.357285842915,129.357285842915,129.357285842915,wonder
2011,White,Not Hispanic or Latino,666,A,32,Deaths,age-adjusted rate,attributable,13.4116895013823,13.4116895013823,13.4116895013823,wonder
2011,White,Not Hispanic or Latino,666,A,32,YLL,crude rate,attributable,191.293605894096,191.293605894096,191.293605894096,wonder
2011,White,Not Hispanic or Latino,666,A,33,Deaths,age-adjusted rate,attributable,9.98716097407554,9.98716097407554,9.98716097407554,wonder
2011,White,Not Hispanic or Latino,666,A,33,YLL,crude rate,attributable,127.082918794115,127.082918794115,127.082918794115,wonder
2011,White,Not Hispanic or Latino,666,A,34,Deaths,age-adjusted rate,attributable,18.9420769831604,18.9420769831604,18.9420769831604,wonder
2011,White,Not Hispanic or Latino,666,A,34,YLL,crude rate,attributable,274.3377423199,274.3377423199,274.3377423199,wonder
2011,White,Not Hispanic or Latino,666,A,35,Deaths,age-adjusted rate,attributable,5.46797197427373,5.46797197427373,5.46797197427373,wonder
2011,White,Not Hispanic or Latino,666,A,35,YLL,crude rate,attributable,90.1879419803656,90.1879419803656,90.1879419803656,wonder
2011,White,Not Hispanic or Latino,666,A,36,Deaths,age-adjusted rate,attributable,16.8651744824195,16.8651744824195,16.8651744824195,wonder
2011,White,Not Hispanic or Latino,666,A,36,YLL,crude rate,attributable,235.222401546935,235.222401546935,235.222401546935,wonder
2011,White,Not Hispanic or Latino,666,A,37,Deaths,age-adjusted rate,attributable,21.6159864680351,21.6159864680351,21.6159864680351,wonder
2011,White,Not Hispanic or Latino,666,A,37,YLL,crude rate,attributable,302.510730171125,302.510730171125,302.510730171125,wonder
2011,White,Not Hispanic or Latino,666,A,38,Deaths,age-adjusted rate,attributable,4.66370141781442,4.66370141781442,4.66370141781442,wonder
2011,White,Not Hispanic or Latino,666,A,38,YLL,crude rate,attributable,60.550067051453,60.550067051453,60.550067051453,wonder
2011,White,Not Hispanic or Latino,666,A,39,Deaths,age-adjusted rate,attributable,28.5718963215465,28.5718963215465,28.5718963215465,wonder
2011,White,Not Hispanic or Latino,666,A,39,YLL,crude rate,attributable,387.604598890646,387.604598890646,387.604598890646,wonder
2011,White,Not Hispanic or Latino,666,A,40,Deaths,age-adjusted rate,attributable,29.6881935547729,29.6881935547729,29.6881935547729,wonder
2011,White,Not Hispanic or Latino,666,A,40,YLL,crude rate,attributable,420.598648446694,420.598648446694,420.598648446694,wonder
2011,White,Not Hispanic or Latino,666,A,41,Deaths,age-adjusted rate,attributable,5.4788435121497,5.4788435121497,5.4788435121497,wonder
2011,White,Not Hispanic or Latino,666,A,41,YLL,crude rate,attributable,75.4421417382312,75.4421417382312,75.4421417382312,wonder
2011,White,Not Hispanic or Latino,666,A,42,Deaths,age-adjusted rate,attributable,20.9954714119993,20.9954714119993,20.9954714119993,wonder
2011,White,Not Hispanic or Latino,666,A,42,YLL,crude rate,attributable,307.404522516301,307.404522516301,307.404522516301,wonder
2011,White,Not Hispanic or Latino,666,A,44,Deaths,age-adjusted rate,attributable,14.3664172939814,14.3664172939814,14.3664172939814,wonder
2011,White,Not Hispanic or Latino,666,A,44,YLL,crude rate,attributable,205.192304919151,205.192304919151,205.192304919151,wonder
2011,White,Not Hispanic or Latino,666,A,45,Deaths,age-adjusted rate,attributable,25.9819242732309,25.9819242732309,25.9819242732309,wonder
2011,White,Not Hispanic or Latino,666,A,45,YLL,crude rate,attributable,374.995488665432,374.995488665432,374.995488665432,wonder
2011,White,Not Hispanic or Latino,666,A,46,Deaths,age-adjusted rate,attributable,5.59095749651816,5.59095749651816,5.59095749651816,wonder
2011,White,Not Hispanic or Latino,666,A,46,YLL,crude rate,attributable,74.7152776276702,74.7152776276702,74.7152776276702,wonder
2011,White,Not Hispanic or Latino,666,A,47,Deaths,age-adjusted rate,attributable,30.3888947701611,30.3888947701611,30.3888947701611,wonder
2011,White,Not Hispanic or Latino,666,A,47,YLL,crude rate,attributable,432.870800773719,432.870800773719,432.870800773719,wonder
2011,White,Not Hispanic or Latino,666,A,48,Deaths,age-adjusted rate,attributable,21.0075554346367,21.0075554346367,21.0075554346367,wonder
2011,White,Not Hispanic or Latino,666,A,48,YLL,crude rate,attributable,287.02738302376,287.02738302376,287.02738302376,wonder
2011,White,Not Hispanic or Latino,666,A,49,Deaths,age-adjusted rate,attributable,6.72656616969454,6.72656616969454,6.72656616969454,wonder
2011,White,Not Hispanic or Latino,666,A,49,YLL,crude rate,attributable,62.9623250953735,62.9623250953735,62.9623250953735,wonder
2011,White,Not Hispanic or Latino,666,A,50,Deaths,age-adjusted rate,attributable,7.47761214159512,7.47761214159512,7.47761214159512,wonder
2011,White,Not Hispanic or Latino,666,A,50,YLL,crude rate,attributable,98.0628465782603,98.0628465782603,98.0628465782603,wonder
2011,White,Not Hispanic or Latino,666,A,51,Deaths,age-adjusted rate,attributable,18.5484183458583,18.5484183458583,18.5484183458583,wonder
2011,White,Not Hispanic or Latino,666,A,51,YLL,crude rate,attributable,241.672366057205,241.672366057205,241.672366057205,wonder
2011,White,Not Hispanic or Latino,666,A,53,Deaths,age-adjusted rate,attributable,5.97502402687344,5.97502402687344,5.97502402687344,wonder
2011,White,Not Hispanic or Latino,666,A,53,YLL,crude rate,attributable,75.8996668475742,75.8996668475742,75.8996668475742,wonder
2011,White,Not Hispanic or Latino,666,A,54,Deaths,age-adjusted rate,attributable,26.1224816549442,26.1224816549442,26.1224816549442,wonder
2011,White,Not Hispanic or Latino,666,A,54,YLL,crude rate,attributable,380.052714445284,380.052714445284,380.052714445284,wonder
2011,White,Not Hispanic or Latino,666,A,55,Deaths,age-adjusted rate,attributable,14.7773786502797,14.7773786502797,14.7773786502797,wonder
2011,White,Not Hispanic or Latino,666,A,55,YLL,crude rate,attributable,198.730184420081,198.730184420081,198.730184420081,wonder
2011,White,Not Hispanic or Latino,666,A,56,Deaths,age-adjusted rate,attributable,2.36891302541401,2.36891302541401,2.36891302541401,wonder
2011,White,Not Hispanic or Latino,666,A,56,YLL,crude rate,attributable,27.6241416743017,27.6241416743017,27.6241416743017,wonder
