Year,Race,Hispanic.Origin,Education,Gender.Code,nation,source,measure1,measure2,overall_value
2000,American Indian or Alaska Native,All Origins,666,A,us,nvss,Deaths,age-adjusted rate,7495.70172828241
2000,American Indian or Alaska Native,All Origins,666,A,us,nvss,YLL,crude rate,11786.86067693
2000,American Indian or Alaska Native,All Origins,666,A,us,wonder,Deaths,age-adjusted rate,7488.7813442203
2000,American Indian or Alaska Native,All Origins,666,A,us,wonder,YLL,crude rate,12721.0104330718
2000,American Indian or Alaska Native,All Origins,666,F,us,nvss,Deaths,age-adjusted rate,3520.5746277575
2000,American Indian or Alaska Native,All Origins,666,F,us,nvss,YLL,crude rate,4804.8798654591
2000,American Indian or Alaska Native,All Origins,666,F,us,wonder,Deaths,age-adjusted rate,3519.19332177727
2000,American Indian or Alaska Native,All Origins,666,F,us,wonder,YLL,crude rate,5180.47764455062
2000,American Indian or Alaska Native,All Origins,666,M,us,nvss,Deaths,age-adjusted rate,3975.1271005249
2000,American Indian or Alaska Native,All Origins,666,M,us,nvss,YLL,crude rate,6981.98081147091
2000,American Indian or Alaska Native,All Origins,666,M,us,wonder,Deaths,age-adjusted rate,3969.58802244304
2000,American Indian or Alaska Native,All Origins,666,M,us,wonder,YLL,crude rate,7540.53278852115
2000,Asian or Pacific Islander,All Origins,666,A,us,nvss,Deaths,age-adjusted rate,4751.73359746229
2000,Asian or Pacific Islander,All Origins,666,A,us,nvss,YLL,crude rate,7244.37043113588
2000,Asian or Pacific Islander,All Origins,666,A,us,wonder,Deaths,age-adjusted rate,4711.90727408787
2000,Asian or Pacific Islander,All Origins,666,A,us,wonder,YLL,crude rate,7729.19961458844
2000,Asian or Pacific Islander,All Origins,666,F,us,nvss,Deaths,age-adjusted rate,2144.20515293339
2000,Asian or Pacific Islander,All Origins,666,F,us,nvss,YLL,crude rate,3061.3144947946
2000,Asian or Pacific Islander,All Origins,666,F,us,wonder,Deaths,age-adjusted rate,2130.96545717536
2000,Asian or Pacific Islander,All Origins,666,F,us,wonder,YLL,crude rate,3285.33281724543
2000,Asian or Pacific Islander,All Origins,666,M,us,nvss,Deaths,age-adjusted rate,2607.52844452891
2000,Asian or Pacific Islander,All Origins,666,M,us,nvss,YLL,crude rate,4183.05593634128
2000,Asian or Pacific Islander,All Origins,666,M,us,wonder,Deaths,age-adjusted rate,2580.94181691251
2000,Asian or Pacific Islander,All Origins,666,M,us,wonder,YLL,crude rate,4443.866797343
2000,Black or African American,All Origins,666,A,us,nvss,Deaths,age-adjusted rate,11659.0511580432
2000,Black or African American,All Origins,666,A,us,nvss,YLL,crude rate,21047.9787051608
2000,Black or African American,All Origins,666,A,us,wonder,Deaths,age-adjusted rate,11667.9080862995
2000,Black or African American,All Origins,666,A,us,wonder,YLL,crude rate,23143.2803211086
2000,Black or African American,All Origins,666,F,us,nvss,Deaths,age-adjusted rate,5559.79759776378
2000,Black or African American,All Origins,666,F,us,nvss,YLL,crude rate,9135.55035005776
2000,Black or African American,All Origins,666,F,us,wonder,Deaths,age-adjusted rate,5562.85631905884
2000,Black or African American,All Origins,666,F,us,wonder,YLL,crude rate,10059.6191259954
2000,Black or African American,All Origins,666,M,us,nvss,Deaths,age-adjusted rate,6099.25356027938
2000,Black or African American,All Origins,666,M,us,nvss,YLL,crude rate,11912.4283551031
2000,Black or African American,All Origins,666,M,us,wonder,Deaths,age-adjusted rate,6105.05176724066
2000,Black or African American,All Origins,666,M,us,wonder,YLL,crude rate,13083.6611951132
2000,White,Hispanic or Latino,666,A,us,nvss,Deaths,age-adjusted rate,6787.61017406317
2000,White,Hispanic or Latino,666,A,us,nvss,YLL,crude rate,9174.01123850411
2000,White,Hispanic or Latino,666,A,us,wonder,Deaths,age-adjusted rate,6719.84589192532
2000,White,Hispanic or Latino,666,A,us,wonder,YLL,crude rate,10189.0657770665
2000,White,Hispanic or Latino,666,F,us,nvss,Deaths,age-adjusted rate,3011.88959139764
2000,White,Hispanic or Latino,666,F,us,nvss,YLL,crude rate,3356.11560776917
2000,White,Hispanic or Latino,666,F,us,wonder,Deaths,age-adjusted rate,2984.33253448969
2000,White,Hispanic or Latino,666,F,us,wonder,YLL,crude rate,3845.53654092243
2000,White,Hispanic or Latino,666,M,us,nvss,Deaths,age-adjusted rate,3775.72058266553
2000,White,Hispanic or Latino,666,M,us,nvss,YLL,crude rate,5817.89563073494
2000,White,Hispanic or Latino,666,M,us,wonder,Deaths,age-adjusted rate,3735.51335743563
2000,White,Hispanic or Latino,666,M,us,wonder,YLL,crude rate,6343.52923614411
2000,White,Not Hispanic or Latino,666,A,us,nvss,Deaths,age-adjusted rate,8169.27635317506
2000,White,Not Hispanic or Latino,666,A,us,nvss,YLL,crude rate,19876.5295345842
2000,White,Not Hispanic or Latino,666,A,us,wonder,Deaths,age-adjusted rate,8168.53676381226
2000,White,Not Hispanic or Latino,666,A,us,wonder,YLL,crude rate,20457.7980039301
2000,White,Not Hispanic or Latino,666,F,us,nvss,Deaths,age-adjusted rate,3724.35924535277
2000,White,Not Hispanic or Latino,666,F,us,nvss,YLL,crude rate,8974.22171703164
2000,White,Not Hispanic or Latino,666,F,us,wonder,Deaths,age-adjusted rate,3725.08118338399
2000,White,Not Hispanic or Latino,666,F,us,wonder,YLL,crude rate,9229.05236826844
2000,White,Not Hispanic or Latino,666,M,us,nvss,Deaths,age-adjusted rate,4444.91710782228
2000,White,Not Hispanic or Latino,666,M,us,nvss,YLL,crude rate,10902.3078175526
2000,White,Not Hispanic or Latino,666,M,us,wonder,Deaths,age-adjusted rate,4443.45558042827
2000,White,Not Hispanic or Latino,666,M,us,wonder,YLL,crude rate,11228.7456356616
2001,American Indian or Alaska Native,All Origins,666,A,us,nvss,Deaths,age-adjusted rate,7492.17071065526
2001,American Indian or Alaska Native,All Origins,666,A,us,nvss,YLL,crude rate,12081.7794567209
2001,American Indian or Alaska Native,All Origins,666,A,us,wonder,Deaths,age-adjusted rate,7487.5932723113
2001,American Indian or Alaska Native,All Origins,666,A,us,wonder,YLL,crude rate,13135.4039036506
2001,American Indian or Alaska Native,All Origins,666,F,us,nvss,Deaths,age-adjusted rate,3558.16287914597
2001,American Indian or Alaska Native,All Origins,666,F,us,nvss,YLL,crude rate,4936.68502711691
2001,American Indian or Alaska Native,All Origins,666,F,us,wonder,Deaths,age-adjusted rate,3559.52368703825
2001,American Indian or Alaska Native,All Origins,666,F,us,wonder,YLL,crude rate,5398.77311217606
2001,American Indian or Alaska Native,All Origins,666,M,us,nvss,Deaths,age-adjusted rate,3934.00783150929
2001,American Indian or Alaska Native,All Origins,666,M,us,nvss,YLL,crude rate,7145.09442960396
2001,American Indian or Alaska Native,All Origins,666,M,us,wonder,Deaths,age-adjusted rate,3928.06958527306
2001,American Indian or Alaska Native,All Origins,666,M,us,wonder,YLL,crude rate,7736.63079147451
2001,Asian or Pacific Islander,All Origins,666,A,us,nvss,Deaths,age-adjusted rate,4741.41806189057
2001,Asian or Pacific Islander,All Origins,666,A,us,nvss,YLL,crude rate,7398.60978218478
2001,Asian or Pacific Islander,All Origins,666,A,us,wonder,Deaths,age-adjusted rate,4708.30954413664
2001,Asian or Pacific Islander,All Origins,666,A,us,wonder,YLL,crude rate,7828.15388193069
2001,Asian or Pacific Islander,All Origins,666,F,us,nvss,Deaths,age-adjusted rate,2172.55127425041
2001,Asian or Pacific Islander,All Origins,666,F,us,nvss,YLL,crude rate,3172.67535741226
2001,Asian or Pacific Islander,All Origins,666,F,us,wonder,Deaths,age-adjusted rate,2161.75519563907
2001,Asian or Pacific Islander,All Origins,666,F,us,wonder,YLL,crude rate,3379.8506122206
2001,Asian or Pacific Islander,All Origins,666,M,us,nvss,Deaths,age-adjusted rate,2568.86678764016
2001,Asian or Pacific Islander,All Origins,666,M,us,nvss,YLL,crude rate,4225.93442477252
2001,Asian or Pacific Islander,All Origins,666,M,us,wonder,Deaths,age-adjusted rate,2546.55434849756
2001,Asian or Pacific Islander,All Origins,666,M,us,wonder,YLL,crude rate,4448.30326971009
2001,Black or African American,All Origins,666,A,us,nvss,Deaths,age-adjusted rate,11482.8860179695
2001,Black or African American,All Origins,666,A,us,nvss,YLL,crude rate,20912.3475104891
2001,Black or African American,All Origins,666,A,us,wonder,Deaths,age-adjusted rate,11490.7543219717
2001,Black or African American,All Origins,666,A,us,wonder,YLL,crude rate,22915.9544021372
2001,Black or African American,All Origins,666,F,us,nvss,Deaths,age-adjusted rate,5477.52356887482
2001,Black or African American,All Origins,666,F,us,nvss,YLL,crude rate,9083.52553004161
2001,Black or African American,All Origins,666,F,us,wonder,Deaths,age-adjusted rate,5479.60514009808
2001,Black or African American,All Origins,666,F,us,wonder,YLL,crude rate,9961.34076871961
2001,Black or African American,All Origins,666,M,us,nvss,Deaths,age-adjusted rate,6005.36244909471
2001,Black or African American,All Origins,666,M,us,nvss,YLL,crude rate,11828.8219804475
2001,Black or African American,All Origins,666,M,us,wonder,Deaths,age-adjusted rate,6011.1491818736
2001,Black or African American,All Origins,666,M,us,wonder,YLL,crude rate,12954.6136334176
2001,White,Hispanic or Latino,666,A,us,nvss,Deaths,age-adjusted rate,6792.54766615298
2001,White,Hispanic or Latino,666,A,us,nvss,YLL,crude rate,9312.85815061048
2001,White,Hispanic or Latino,666,A,us,wonder,Deaths,age-adjusted rate,6733.27858135135
2001,White,Hispanic or Latino,666,A,us,wonder,YLL,crude rate,10317.7779458057
2001,White,Hispanic or Latino,666,F,us,nvss,Deaths,age-adjusted rate,3030.33000299288
2001,White,Hispanic or Latino,666,F,us,nvss,YLL,crude rate,3430.95993242436
2001,White,Hispanic or Latino,666,F,us,wonder,Deaths,age-adjusted rate,3004.85477868315
2001,White,Hispanic or Latino,666,F,us,wonder,YLL,crude rate,3892.8129618226
2001,White,Hispanic or Latino,666,M,us,nvss,Deaths,age-adjusted rate,3762.2176631601
2001,White,Hispanic or Latino,666,M,us,nvss,YLL,crude rate,5881.89821818612
2001,White,Hispanic or Latino,666,M,us,wonder,Deaths,age-adjusted rate,3728.4238026682
2001,White,Hispanic or Latino,666,M,us,wonder,YLL,crude rate,6424.96498398311
2001,White,Not Hispanic or Latino,666,A,us,nvss,Deaths,age-adjusted rate,8069.05086230416
2001,White,Not Hispanic or Latino,666,A,us,nvss,YLL,crude rate,19934.303401468
2001,White,Not Hispanic or Latino,666,A,us,wonder,Deaths,age-adjusted rate,8069.12818624442
2001,White,Not Hispanic or Latino,666,A,us,wonder,YLL,crude rate,20508.4393699346
2001,White,Not Hispanic or Latino,666,F,us,nvss,Deaths,age-adjusted rate,3677.00546347021
2001,White,Not Hispanic or Latino,666,F,us,nvss,YLL,crude rate,8997.47747699958
2001,White,Not Hispanic or Latino,666,F,us,wonder,Deaths,age-adjusted rate,3677.90057394249
2001,White,Not Hispanic or Latino,666,F,us,wonder,YLL,crude rate,9250.6336700107
2001,White,Not Hispanic or Latino,666,M,us,nvss,Deaths,age-adjusted rate,4392.04539883394
2001,White,Not Hispanic or Latino,666,M,us,nvss,YLL,crude rate,10936.8259244685
2001,White,Not Hispanic or Latino,666,M,us,wonder,Deaths,age-adjusted rate,4391.22761230193
2001,White,Not Hispanic or Latino,666,M,us,wonder,YLL,crude rate,11257.8056999239
2002,American Indian or Alaska Native,All Origins,666,A,us,nvss,Deaths,age-adjusted rate,7420.94409618963
2002,American Indian or Alaska Native,All Origins,666,A,us,nvss,YLL,crude rate,12135.4623656684
2002,American Indian or Alaska Native,All Origins,666,A,us,wonder,Deaths,age-adjusted rate,7423.47743358895
2002,American Indian or Alaska Native,All Origins,666,A,us,wonder,YLL,crude rate,13070.032439803
2002,American Indian or Alaska Native,All Origins,666,F,us,nvss,Deaths,age-adjusted rate,3496.54865980943
2002,American Indian or Alaska Native,All Origins,666,F,us,nvss,YLL,crude rate,4920.46699764085
2002,American Indian or Alaska Native,All Origins,666,F,us,wonder,Deaths,age-adjusted rate,3497.45709380254
2002,American Indian or Alaska Native,All Origins,666,F,us,wonder,YLL,crude rate,5338.7667519334
2002,American Indian or Alaska Native,All Origins,666,M,us,nvss,Deaths,age-adjusted rate,3924.3954363802
2002,American Indian or Alaska Native,All Origins,666,M,us,nvss,YLL,crude rate,7214.99536802754
2002,American Indian or Alaska Native,All Origins,666,M,us,wonder,Deaths,age-adjusted rate,3926.02033978641
2002,American Indian or Alaska Native,All Origins,666,M,us,wonder,YLL,crude rate,7731.26568786962
2002,Asian or Pacific Islander,All Origins,666,A,us,nvss,Deaths,age-adjusted rate,4582.73481601822
2002,Asian or Pacific Islander,All Origins,666,A,us,nvss,YLL,crude rate,7182.09343928018
2002,Asian or Pacific Islander,All Origins,666,A,us,wonder,Deaths,age-adjusted rate,4547.29290341788
2002,Asian or Pacific Islander,All Origins,666,A,us,wonder,YLL,crude rate,7639.30166841386
2002,Asian or Pacific Islander,All Origins,666,F,us,nvss,Deaths,age-adjusted rate,2100.64353002142
2002,Asian or Pacific Islander,All Origins,666,F,us,nvss,YLL,crude rate,3069.83105240845
2002,Asian or Pacific Islander,All Origins,666,F,us,wonder,Deaths,age-adjusted rate,2087.11708265566
2002,Asian or Pacific Islander,All Origins,666,F,us,wonder,YLL,crude rate,3281.36013783917
2002,Asian or Pacific Islander,All Origins,666,M,us,nvss,Deaths,age-adjusted rate,2482.0912859968
2002,Asian or Pacific Islander,All Origins,666,M,us,nvss,YLL,crude rate,4112.26238687172
2002,Asian or Pacific Islander,All Origins,666,M,us,wonder,Deaths,age-adjusted rate,2460.17582076221
2002,Asian or Pacific Islander,All Origins,666,M,us,wonder,YLL,crude rate,4357.94153057468
2002,Black or African American,All Origins,666,A,us,nvss,Deaths,age-adjusted rate,11292.3178784845
2002,Black or African American,All Origins,666,A,us,nvss,YLL,crude rate,20806.7482385755
2002,Black or African American,All Origins,666,A,us,wonder,Deaths,age-adjusted rate,11300.0135909951
2002,Black or African American,All Origins,666,A,us,wonder,YLL,crude rate,22788.0105823453
2002,Black or African American,All Origins,666,F,us,nvss,Deaths,age-adjusted rate,5388.31217541101
2002,Black or African American,All Origins,666,F,us,nvss,YLL,crude rate,9030.50646647621
2002,Black or African American,All Origins,666,F,us,wonder,Deaths,age-adjusted rate,5391.13664124401
2002,Black or African American,All Origins,666,F,us,wonder,YLL,crude rate,9930.93761896111
2002,Black or African American,All Origins,666,M,us,nvss,Deaths,age-adjusted rate,5904.00570307351
2002,Black or African American,All Origins,666,M,us,nvss,YLL,crude rate,11776.2417720993
2002,Black or African American,All Origins,666,M,us,wonder,Deaths,age-adjusted rate,5908.87694975109
2002,Black or African American,All Origins,666,M,us,wonder,YLL,crude rate,12857.0729633842
2002,White,Hispanic or Latino,666,A,us,nvss,Deaths,age-adjusted rate,6685.05914106166
2002,White,Hispanic or Latino,666,A,us,nvss,YLL,crude rate,9226.54772447681
2002,White,Hispanic or Latino,666,A,us,wonder,Deaths,age-adjusted rate,6627.71115884643
2002,White,Hispanic or Latino,666,A,us,wonder,YLL,crude rate,10265.3736966377
2002,White,Hispanic or Latino,666,F,us,nvss,Deaths,age-adjusted rate,2963.83545576404
2002,White,Hispanic or Latino,666,F,us,nvss,YLL,crude rate,3370.82473244209
2002,White,Hispanic or Latino,666,F,us,wonder,Deaths,age-adjusted rate,2941.10668691294
2002,White,Hispanic or Latino,666,F,us,wonder,YLL,crude rate,3853.70802062176
2002,White,Hispanic or Latino,666,M,us,nvss,Deaths,age-adjusted rate,3721.22368529761
2002,White,Hispanic or Latino,666,M,us,nvss,YLL,crude rate,5855.72299203472
2002,White,Hispanic or Latino,666,M,us,wonder,Deaths,age-adjusted rate,3686.60447193349
2002,White,Hispanic or Latino,666,M,us,wonder,YLL,crude rate,6411.66567601593
2002,White,Not Hispanic or Latino,666,A,us,nvss,Deaths,age-adjusted rate,8016.36194474798
2002,White,Not Hispanic or Latino,666,A,us,nvss,YLL,crude rate,20057.7090182134
2002,White,Not Hispanic or Latino,666,A,us,wonder,Deaths,age-adjusted rate,8017.52506858907
2002,White,Not Hispanic or Latino,666,A,us,wonder,YLL,crude rate,20639.8709572553
2002,White,Not Hispanic or Latino,666,F,us,nvss,Deaths,age-adjusted rate,3646.0149139822
2002,White,Not Hispanic or Latino,666,F,us,nvss,YLL,crude rate,9034.77813318452
2002,White,Not Hispanic or Latino,666,F,us,wonder,Deaths,age-adjusted rate,3647.23486875001
2002,White,Not Hispanic or Latino,666,F,us,wonder,YLL,crude rate,9286.09527263671
2002,White,Not Hispanic or Latino,666,M,us,nvss,Deaths,age-adjusted rate,4370.34703076579
2002,White,Not Hispanic or Latino,666,M,us,nvss,YLL,crude rate,11022.9308850288
2002,White,Not Hispanic or Latino,666,M,us,wonder,Deaths,age-adjusted rate,4370.29019983906
2002,White,Not Hispanic or Latino,666,M,us,wonder,YLL,crude rate,11353.7756846186
2003,American Indian or Alaska Native,All Origins,666,A,us,nvss,Deaths,age-adjusted rate,7469.39529802931
2003,American Indian or Alaska Native,All Origins,666,A,us,nvss,YLL,crude rate,13354.6993204275
2003,American Indian or Alaska Native,All Origins,666,A,us,wonder,Deaths,age-adjusted rate,7462.2948683506
2003,American Indian or Alaska Native,All Origins,666,A,us,wonder,YLL,crude rate,13339.0858561842
2003,American Indian or Alaska Native,All Origins,666,F,us,nvss,Deaths,age-adjusted rate,3566.96527061967
2003,American Indian or Alaska Native,All Origins,666,F,us,nvss,YLL,crude rate,5460.268599359
2003,American Indian or Alaska Native,All Origins,666,F,us,wonder,Deaths,age-adjusted rate,3565.11587201999
2003,American Indian or Alaska Native,All Origins,666,F,us,wonder,YLL,crude rate,5455.14853162855
2003,American Indian or Alaska Native,All Origins,666,M,us,nvss,Deaths,age-adjusted rate,3902.43002740963
2003,American Indian or Alaska Native,All Origins,666,M,us,nvss,YLL,crude rate,7894.43072106853
2003,American Indian or Alaska Native,All Origins,666,M,us,wonder,Deaths,age-adjusted rate,3897.1789963306
2003,American Indian or Alaska Native,All Origins,666,M,us,wonder,YLL,crude rate,7883.93732455566
2003,Asian or Pacific Islander,All Origins,666,A,us,nvss,Deaths,age-adjusted rate,4516.30307437319
2003,Asian or Pacific Islander,All Origins,666,A,us,nvss,YLL,crude rate,7743.23833295261
2003,Asian or Pacific Islander,All Origins,666,A,us,wonder,Deaths,age-adjusted rate,4481.71322817013
2003,Asian or Pacific Islander,All Origins,666,A,us,wonder,YLL,crude rate,7661.14476993299
2003,Asian or Pacific Islander,All Origins,666,F,us,nvss,Deaths,age-adjusted rate,2076.30533387226
2003,Asian or Pacific Islander,All Origins,666,F,us,nvss,YLL,crude rate,3379.98996740844
2003,Asian or Pacific Islander,All Origins,666,F,us,wonder,Deaths,age-adjusted rate,2064.43947903826
2003,Asian or Pacific Islander,All Origins,666,F,us,wonder,YLL,crude rate,3353.26037725199
2003,Asian or Pacific Islander,All Origins,666,M,us,nvss,Deaths,age-adjusted rate,2439.99774050093
2003,Asian or Pacific Islander,All Origins,666,M,us,nvss,YLL,crude rate,4363.24836554416
2003,Asian or Pacific Islander,All Origins,666,M,us,wonder,Deaths,age-adjusted rate,2417.27374913187
2003,Asian or Pacific Islander,All Origins,666,M,us,wonder,YLL,crude rate,4307.884392681
2003,Black or African American,All Origins,666,A,us,nvss,Deaths,age-adjusted rate,11097.4252502489
2003,Black or African American,All Origins,666,A,us,nvss,YLL,crude rate,22657.2464238271
2003,Black or African American,All Origins,666,A,us,wonder,Deaths,age-adjusted rate,11081.8308417618
2003,Black or African American,All Origins,666,A,us,wonder,YLL,crude rate,22617.5355538447
2003,Black or African American,All Origins,666,F,us,nvss,Deaths,age-adjusted rate,5256.16726959601
2003,Black or African American,All Origins,666,F,us,nvss,YLL,crude rate,9818.28560112803
2003,Black or African American,All Origins,666,F,us,wonder,Deaths,age-adjusted rate,5249.64101755707
2003,Black or African American,All Origins,666,F,us,wonder,YLL,crude rate,9801.96109534068
2003,Black or African American,All Origins,666,M,us,nvss,Deaths,age-adjusted rate,5841.25798065291
2003,Black or African American,All Origins,666,M,us,nvss,YLL,crude rate,12838.960822699
2003,Black or African American,All Origins,666,M,us,wonder,Deaths,age-adjusted rate,5832.18982420475
2003,Black or African American,All Origins,666,M,us,wonder,YLL,crude rate,12815.574458504
2003,White,Hispanic or Latino,666,A,us,nvss,Deaths,age-adjusted rate,6601.54046549118
2003,White,Hispanic or Latino,666,A,us,nvss,YLL,crude rate,10511.0094268329
2003,White,Hispanic or Latino,666,A,us,wonder,Deaths,age-adjusted rate,6532.71325817692
2003,White,Hispanic or Latino,666,A,us,wonder,YLL,crude rate,10356.9547017175
2003,White,Hispanic or Latino,666,F,us,nvss,Deaths,age-adjusted rate,2934.72857199272
2003,White,Hispanic or Latino,666,F,us,nvss,YLL,crude rate,3948.4518311532
2003,White,Hispanic or Latino,666,F,us,wonder,Deaths,age-adjusted rate,2906.47197158796
2003,White,Hispanic or Latino,666,F,us,wonder,YLL,crude rate,3900.8112318673
2003,White,Hispanic or Latino,666,M,us,nvss,Deaths,age-adjusted rate,3666.81189349846
2003,White,Hispanic or Latino,666,M,us,nvss,YLL,crude rate,6562.5575956797
2003,White,Hispanic or Latino,666,M,us,wonder,Deaths,age-adjusted rate,3626.24128658895
2003,White,Hispanic or Latino,666,M,us,wonder,YLL,crude rate,6456.14346985024
2003,White,Not Hispanic or Latino,666,A,us,nvss,Deaths,age-adjusted rate,7903.97331626881
2003,White,Not Hispanic or Latino,666,A,us,nvss,YLL,crude rate,20612.9223569378
2003,White,Not Hispanic or Latino,666,A,us,wonder,Deaths,age-adjusted rate,7896.39699369161
2003,White,Not Hispanic or Latino,666,A,us,wonder,YLL,crude rate,20588.7207656405
2003,White,Not Hispanic or Latino,666,F,us,nvss,Deaths,age-adjusted rate,3589.68664191315
2003,White,Not Hispanic or Latino,666,F,us,nvss,YLL,crude rate,9269.87197862808
2003,White,Not Hispanic or Latino,666,F,us,wonder,Deaths,age-adjusted rate,3587.21291693612
2003,White,Not Hispanic or Latino,666,F,us,wonder,YLL,crude rate,9262.13357205721
2003,White,Not Hispanic or Latino,666,M,us,nvss,Deaths,age-adjusted rate,4314.28667435566
2003,White,Not Hispanic or Latino,666,M,us,nvss,YLL,crude rate,11343.0503783097
2003,White,Not Hispanic or Latino,666,M,us,wonder,Deaths,age-adjusted rate,4309.18407675549
2003,White,Not Hispanic or Latino,666,M,us,wonder,YLL,crude rate,11326.5871935832
2004,American Indian or Alaska Native,All Origins,666,A,us,wonder,Deaths,age-adjusted rate,7181.73124608897
2004,American Indian or Alaska Native,All Origins,666,A,us,wonder,YLL,crude rate,12944.9590303016
2004,American Indian or Alaska Native,All Origins,666,F,us,wonder,Deaths,age-adjusted rate,3365.66198913201
2004,American Indian or Alaska Native,All Origins,666,F,us,wonder,YLL,crude rate,5316.52687629869
2004,American Indian or Alaska Native,All Origins,666,M,us,wonder,Deaths,age-adjusted rate,3816.06925695696
2004,American Indian or Alaska Native,All Origins,666,M,us,wonder,YLL,crude rate,7628.43215400292
2004,Asian or Pacific Islander,All Origins,666,A,us,wonder,Deaths,age-adjusted rate,4226.06276668925
2004,Asian or Pacific Islander,All Origins,666,A,us,wonder,YLL,crude rate,7351.52743585098
2004,Asian or Pacific Islander,All Origins,666,F,us,wonder,Deaths,age-adjusted rate,1957.7427244953
2004,Asian or Pacific Islander,All Origins,666,F,us,wonder,YLL,crude rate,3209.12327674075
2004,Asian or Pacific Islander,All Origins,666,M,us,wonder,Deaths,age-adjusted rate,2268.32004219396
2004,Asian or Pacific Islander,All Origins,666,M,us,wonder,YLL,crude rate,4142.40415911023
2004,Black or African American,All Origins,666,A,us,wonder,Deaths,age-adjusted rate,10665.5896160082
2004,Black or African American,All Origins,666,A,us,wonder,YLL,crude rate,22026.4986811658
2004,Black or African American,All Origins,666,F,us,wonder,Deaths,age-adjusted rate,5078.8760756111
2004,Black or African American,All Origins,666,F,us,wonder,YLL,crude rate,9576.83904494834
2004,Black or African American,All Origins,666,M,us,wonder,Deaths,age-adjusted rate,5586.71354039714
2004,Black or African American,All Origins,666,M,us,wonder,YLL,crude rate,12449.6596362174
2004,White,Hispanic or Latino,666,A,us,wonder,Deaths,age-adjusted rate,6268.89963946929
2004,White,Hispanic or Latino,666,A,us,wonder,YLL,crude rate,9981.54732484638
2004,White,Hispanic or Latino,666,F,us,wonder,Deaths,age-adjusted rate,2771.99952145066
2004,White,Hispanic or Latino,666,F,us,wonder,YLL,crude rate,3744.04483510201
2004,White,Hispanic or Latino,666,M,us,wonder,Deaths,age-adjusted rate,3496.90011801862
2004,White,Hispanic or Latino,666,M,us,wonder,YLL,crude rate,6237.50248974437
2004,White,Not Hispanic or Latino,666,A,us,wonder,Deaths,age-adjusted rate,7640.84693679556
2004,White,Not Hispanic or Latino,666,A,us,wonder,YLL,crude rate,20170.5688095271
2004,White,Not Hispanic or Latino,666,F,us,wonder,Deaths,age-adjusted rate,3465.09277931543
2004,White,Not Hispanic or Latino,666,F,us,wonder,YLL,crude rate,9057.40990386037
2004,White,Not Hispanic or Latino,666,M,us,wonder,Deaths,age-adjusted rate,4175.75415748013
2004,White,Not Hispanic or Latino,666,M,us,wonder,YLL,crude rate,11113.1589056668
2005,American Indian or Alaska Native,All Origins,666,A,us,wonder,Deaths,age-adjusted rate,7225.35628326984
2005,American Indian or Alaska Native,All Origins,666,A,us,wonder,YLL,crude rate,13083.0846288839
2005,American Indian or Alaska Native,All Origins,666,F,us,wonder,Deaths,age-adjusted rate,3375.27493539339
2005,American Indian or Alaska Native,All Origins,666,F,us,wonder,YLL,crude rate,5310.72700728413
2005,American Indian or Alaska Native,All Origins,666,M,us,wonder,Deaths,age-adjusted rate,3850.08134787646
2005,American Indian or Alaska Native,All Origins,666,M,us,wonder,YLL,crude rate,7772.35762159972
2005,Asian or Pacific Islander,All Origins,666,A,us,wonder,Deaths,age-adjusted rate,4251.83942526019
2005,Asian or Pacific Islander,All Origins,666,A,us,wonder,YLL,crude rate,7531.07174086967
2005,Asian or Pacific Islander,All Origins,666,F,us,wonder,Deaths,age-adjusted rate,1951.03385626922
2005,Asian or Pacific Islander,All Origins,666,F,us,wonder,YLL,crude rate,3271.29224538931
2005,Asian or Pacific Islander,All Origins,666,M,us,wonder,Deaths,age-adjusted rate,2300.80556899097
2005,Asian or Pacific Islander,All Origins,666,M,us,wonder,YLL,crude rate,4259.77949548037
2005,Black or African American,All Origins,666,A,us,wonder,Deaths,age-adjusted rate,10608.0644653971
2005,Black or African American,All Origins,666,A,us,wonder,YLL,crude rate,22111.9345193827
2005,Black or African American,All Origins,666,F,us,wonder,Deaths,age-adjusted rate,5033.29831791829
2005,Black or African American,All Origins,666,F,us,wonder,YLL,crude rate,9538.88371314363
2005,Black or African American,All Origins,666,M,us,wonder,Deaths,age-adjusted rate,5574.7661474788
2005,Black or African American,All Origins,666,M,us,wonder,YLL,crude rate,12573.0508062391
2005,White,Hispanic or Latino,666,A,us,wonder,Deaths,age-adjusted rate,6375.89624340474
2005,White,Hispanic or Latino,666,A,us,wonder,YLL,crude rate,10261.4127357779
2005,White,Hispanic or Latino,666,F,us,wonder,Deaths,age-adjusted rate,2800.39312519279
2005,White,Hispanic or Latino,666,F,us,wonder,YLL,crude rate,3835.82769702213
2005,White,Hispanic or Latino,666,M,us,wonder,Deaths,age-adjusted rate,3575.50311821196
2005,White,Hispanic or Latino,666,M,us,wonder,YLL,crude rate,6425.58503875573
2005,White,Not Hispanic or Latino,666,A,us,wonder,Deaths,age-adjusted rate,7619.33255740305
2005,White,Not Hispanic or Latino,666,A,us,wonder,YLL,crude rate,20393.4886727681
2005,White,Not Hispanic or Latino,666,F,us,wonder,Deaths,age-adjusted rate,3445.705485257
2005,White,Not Hispanic or Latino,666,F,us,wonder,YLL,crude rate,9137.56953752016
2005,White,Not Hispanic or Latino,666,M,us,wonder,Deaths,age-adjusted rate,4173.62707214607
2005,White,Not Hispanic or Latino,666,M,us,wonder,YLL,crude rate,11255.9191352479
2006,American Indian or Alaska Native,All Origins,666,A,us,wonder,Deaths,age-adjusted rate,6986.6991927676
2006,American Indian or Alaska Native,All Origins,666,A,us,wonder,YLL,crude rate,12741.1562671392
2006,American Indian or Alaska Native,All Origins,666,F,us,wonder,Deaths,age-adjusted rate,3334.20264944535
2006,American Indian or Alaska Native,All Origins,666,F,us,wonder,YLL,crude rate,5138.66307970547
2006,American Indian or Alaska Native,All Origins,666,M,us,wonder,Deaths,age-adjusted rate,3652.49654332224
2006,American Indian or Alaska Native,All Origins,666,M,us,wonder,YLL,crude rate,7602.49318743371
2006,Asian or Pacific Islander,All Origins,666,A,us,wonder,Deaths,age-adjusted rate,4133.55353273882
2006,Asian or Pacific Islander,All Origins,666,A,us,wonder,YLL,crude rate,7457.67975548716
2006,Asian or Pacific Islander,All Origins,666,F,us,wonder,Deaths,age-adjusted rate,1930.09002857019
2006,Asian or Pacific Islander,All Origins,666,F,us,wonder,YLL,crude rate,3253.7206377379
2006,Asian or Pacific Islander,All Origins,666,M,us,wonder,Deaths,age-adjusted rate,2203.46350416862
2006,Asian or Pacific Islander,All Origins,666,M,us,wonder,YLL,crude rate,4203.95911774926
2006,Black or African American,All Origins,666,A,us,wonder,Deaths,age-adjusted rate,10213.0008862153
2006,Black or African American,All Origins,666,A,us,wonder,YLL,crude rate,21720.799242429
2006,Black or African American,All Origins,666,F,us,wonder,Deaths,age-adjusted rate,4816.16005796661
2006,Black or African American,All Origins,666,F,us,wonder,YLL,crude rate,9329.29403258541
2006,Black or African American,All Origins,666,M,us,wonder,Deaths,age-adjusted rate,5396.84082824871
2006,Black or African American,All Origins,666,M,us,wonder,YLL,crude rate,12391.5052098436
2006,White,Hispanic or Latino,666,A,us,wonder,Deaths,age-adjusted rate,6081.59890611537
2006,White,Hispanic or Latino,666,A,us,wonder,YLL,crude rate,10101.7490001409
2006,White,Hispanic or Latino,666,F,us,wonder,Deaths,age-adjusted rate,2687.1410821467
2006,White,Hispanic or Latino,666,F,us,wonder,YLL,crude rate,3800.46203215435
2006,White,Hispanic or Latino,666,M,us,wonder,Deaths,age-adjusted rate,3394.45782396867
2006,White,Hispanic or Latino,666,M,us,wonder,YLL,crude rate,6301.28696798661
2006,White,Not Hispanic or Latino,666,A,us,wonder,Deaths,age-adjusted rate,7440.50692323313
2006,White,Not Hispanic or Latino,666,A,us,wonder,YLL,crude rate,20212.2398043935
2006,White,Not Hispanic or Latino,666,F,us,wonder,Deaths,age-adjusted rate,3351.2478123046
2006,White,Not Hispanic or Latino,666,F,us,wonder,YLL,crude rate,9024.16943795654
2006,White,Not Hispanic or Latino,666,M,us,wonder,Deaths,age-adjusted rate,4089.25911092854
2006,White,Not Hispanic or Latino,666,M,us,wonder,YLL,crude rate,11188.070366437
2007,American Indian or Alaska Native,All Origins,666,A,us,wonder,Deaths,age-adjusted rate,6746.68537364774
2007,American Indian or Alaska Native,All Origins,666,A,us,wonder,YLL,crude rate,12505.7019169504
2007,American Indian or Alaska Native,All Origins,666,F,us,wonder,Deaths,age-adjusted rate,3131.96865599754
2007,American Indian or Alaska Native,All Origins,666,F,us,wonder,YLL,crude rate,5067.39588947706
2007,American Indian or Alaska Native,All Origins,666,M,us,wonder,Deaths,age-adjusted rate,3614.7167176502
2007,American Indian or Alaska Native,All Origins,666,M,us,wonder,YLL,crude rate,7438.30602747337
2007,Asian or Pacific Islander,All Origins,666,A,us,wonder,Deaths,age-adjusted rate,3995.77652728213
2007,Asian or Pacific Islander,All Origins,666,A,us,wonder,YLL,crude rate,7294.52119317387
2007,Asian or Pacific Islander,All Origins,666,F,us,wonder,Deaths,age-adjusted rate,1857.27073601381
2007,Asian or Pacific Islander,All Origins,666,F,us,wonder,YLL,crude rate,3167.3549967044
2007,Asian or Pacific Islander,All Origins,666,M,us,wonder,Deaths,age-adjusted rate,2138.50579126832
2007,Asian or Pacific Islander,All Origins,666,M,us,wonder,YLL,crude rate,4127.16619646946
2007,Black or African American,All Origins,666,A,us,wonder,Deaths,age-adjusted rate,9898.93019856265
2007,Black or African American,All Origins,666,A,us,wonder,YLL,crude rate,21261.2592549399
2007,Black or African American,All Origins,666,F,us,wonder,Deaths,age-adjusted rate,4670.50611689802
2007,Black or African American,All Origins,666,F,us,wonder,YLL,crude rate,9130.63680554063
2007,Black or African American,All Origins,666,M,us,wonder,Deaths,age-adjusted rate,5228.42408166464
2007,Black or African American,All Origins,666,M,us,wonder,YLL,crude rate,12130.6224493992
2007,White,Hispanic or Latino,666,A,us,wonder,Deaths,age-adjusted rate,5922.2975170527
2007,White,Hispanic or Latino,666,A,us,wonder,YLL,crude rate,9920.12135932313
2007,White,Hispanic or Latino,666,F,us,wonder,Deaths,age-adjusted rate,2616.93321337705
2007,White,Hispanic or Latino,666,F,us,wonder,YLL,crude rate,3746.25495978908
2007,White,Hispanic or Latino,666,M,us,wonder,Deaths,age-adjusted rate,3305.36430367564
2007,White,Hispanic or Latino,666,M,us,wonder,YLL,crude rate,6173.86639953405
2007,White,Not Hispanic or Latino,666,A,us,wonder,Deaths,age-adjusted rate,7297.24411886767
2007,White,Not Hispanic or Latino,666,A,us,wonder,YLL,crude rate,20091.4183773393
2007,White,Not Hispanic or Latino,666,F,us,wonder,Deaths,age-adjusted rate,3275.48165736813
2007,White,Not Hispanic or Latino,666,F,us,wonder,YLL,crude rate,8952.85719117937
2007,White,Not Hispanic or Latino,666,M,us,wonder,Deaths,age-adjusted rate,4021.76246149954
2007,White,Not Hispanic or Latino,666,M,us,wonder,YLL,crude rate,11138.5611861599
2008,American Indian or Alaska Native,All Origins,666,A,us,wonder,Deaths,age-adjusted rate,6657.25837627736
2008,American Indian or Alaska Native,All Origins,666,A,us,wonder,YLL,crude rate,12339.0772563322
2008,American Indian or Alaska Native,All Origins,666,F,us,wonder,Deaths,age-adjusted rate,3031.25134640637
2008,American Indian or Alaska Native,All Origins,666,F,us,wonder,YLL,crude rate,4972.1065515456
2008,American Indian or Alaska Native,All Origins,666,M,us,wonder,Deaths,age-adjusted rate,3626.00702987099
2008,American Indian or Alaska Native,All Origins,666,M,us,wonder,YLL,crude rate,7366.97070478661
2008,Asian or Pacific Islander,All Origins,666,A,us,wonder,Deaths,age-adjusted rate,3942.09584342785
2008,Asian or Pacific Islander,All Origins,666,A,us,wonder,YLL,crude rate,7254.24026812364
2008,Asian or Pacific Islander,All Origins,666,F,us,wonder,Deaths,age-adjusted rate,1837.66453578831
2008,Asian or Pacific Islander,All Origins,666,F,us,wonder,YLL,crude rate,3200.91354026201
2008,Asian or Pacific Islander,All Origins,666,M,us,wonder,Deaths,age-adjusted rate,2104.43130763954
2008,Asian or Pacific Islander,All Origins,666,M,us,wonder,YLL,crude rate,4053.32672786163
2008,Black or African American,All Origins,666,A,us,wonder,Deaths,age-adjusted rate,9642.82046652345
2008,Black or African American,All Origins,666,A,us,wonder,YLL,crude rate,20647.0274658584
2008,Black or African American,All Origins,666,F,us,wonder,Deaths,age-adjusted rate,4562.53199056618
2008,Black or African American,All Origins,666,F,us,wonder,YLL,crude rate,8952.0112185576
2008,Black or African American,All Origins,666,M,us,wonder,Deaths,age-adjusted rate,5080.28847595727
2008,Black or African American,All Origins,666,M,us,wonder,YLL,crude rate,11695.0162473008
2008,White,Hispanic or Latino,666,A,us,wonder,Deaths,age-adjusted rate,5811.54904239198
2008,White,Hispanic or Latino,666,A,us,wonder,YLL,crude rate,9640.66064706821
2008,White,Hispanic or Latino,666,F,us,wonder,Deaths,age-adjusted rate,2574.94379995119
2008,White,Hispanic or Latino,666,F,us,wonder,YLL,crude rate,3699.21646390953
2008,White,Hispanic or Latino,666,M,us,wonder,Deaths,age-adjusted rate,3236.60524244078
2008,White,Hispanic or Latino,666,M,us,wonder,YLL,crude rate,5941.44418315869
2008,White,Not Hispanic or Latino,666,A,us,wonder,Deaths,age-adjusted rate,7315.01381818894
2008,White,Not Hispanic or Latino,666,A,us,wonder,YLL,crude rate,20325.5586030938
2008,White,Not Hispanic or Latino,666,F,us,wonder,Deaths,age-adjusted rate,3279.14670649927
2008,White,Not Hispanic or Latino,666,F,us,wonder,YLL,crude rate,9054.46689616333
2008,White,Not Hispanic or Latino,666,M,us,wonder,Deaths,age-adjusted rate,4035.86711168966
2008,White,Not Hispanic or Latino,666,M,us,wonder,YLL,crude rate,11271.0917069305
2009,All,All Origins,1,A,us,nvss,YLL,crude rate,17803.4194718035
2009,All,All Origins,1,F,us,nvss,YLL,crude rate,8316.54372264019
2009,All,All Origins,1,M,us,nvss,YLL,crude rate,9486.87574916335
2009,All,All Origins,2,A,us,nvss,YLL,crude rate,15815.4665668779
2009,All,All Origins,2,F,us,nvss,YLL,crude rate,6762.60168464735
2009,All,All Origins,2,M,us,nvss,YLL,crude rate,9052.86488223057
2009,All,All Origins,3,A,us,nvss,YLL,crude rate,17079.4218079033
2009,All,All Origins,3,F,us,nvss,YLL,crude rate,7903.09083661405
2009,All,All Origins,3,M,us,nvss,YLL,crude rate,9176.33097128927
2009,All,All Origins,4,A,us,nvss,YLL,crude rate,7716.92222362083
2009,All,All Origins,4,F,us,nvss,YLL,crude rate,3315.74342452174
2009,All,All Origins,4,M,us,nvss,YLL,crude rate,4401.17879909909
2009,All,All Origins,5,A,us,nvss,YLL,crude rate,9075.50114698441
2009,All,All Origins,5,F,us,nvss,YLL,crude rate,4497.21023719157
2009,All,All Origins,5,M,us,nvss,YLL,crude rate,4578.29090979284
2009,All,All Origins,6,A,us,nvss,YLL,crude rate,6485.84907289545
2009,All,All Origins,6,F,us,nvss,YLL,crude rate,2669.24664073887
2009,All,All Origins,6,M,us,nvss,YLL,crude rate,3816.60243215658
2009,All,All Origins,7,A,us,nvss,YLL,crude rate,5712.57827522545
2009,All,All Origins,7,F,us,nvss,YLL,crude rate,2096.56506510601
2009,All,All Origins,7,M,us,nvss,YLL,crude rate,3616.01321011944
2009,American Indian or Alaska Native,All Origins,666,A,us,nvss,Deaths,age-adjusted rate,6356.14043372526
2009,American Indian or Alaska Native,All Origins,666,A,us,nvss,YLL,crude rate,12085.6027284064
2009,American Indian or Alaska Native,All Origins,666,A,us,wonder,Deaths,age-adjusted rate,6352.60025462537
2009,American Indian or Alaska Native,All Origins,666,A,us,wonder,YLL,crude rate,12070.2026225469
2009,American Indian or Alaska Native,All Origins,666,F,us,nvss,Deaths,age-adjusted rate,2929.95006941291
2009,American Indian or Alaska Native,All Origins,666,F,us,nvss,YLL,crude rate,5032.8383741869
2009,American Indian or Alaska Native,All Origins,666,F,us,wonder,Deaths,age-adjusted rate,2929.7113643443
2009,American Indian or Alaska Native,All Origins,666,F,us,wonder,YLL,crude rate,5031.52830905771
2009,American Indian or Alaska Native,All Origins,666,M,us,nvss,Deaths,age-adjusted rate,3426.19036431235
2009,American Indian or Alaska Native,All Origins,666,M,us,nvss,YLL,crude rate,7052.76435421952
2009,American Indian or Alaska Native,All Origins,666,M,us,wonder,Deaths,age-adjusted rate,3422.88889028107
2009,American Indian or Alaska Native,All Origins,666,M,us,wonder,YLL,crude rate,7038.6743134892
2009,Asian or Pacific Islander,All Origins,666,A,us,nvss,Deaths,age-adjusted rate,3826.26240584812
2009,Asian or Pacific Islander,All Origins,666,A,us,nvss,YLL,crude rate,7207.7577060843
2009,Asian or Pacific Islander,All Origins,666,A,us,wonder,Deaths,age-adjusted rate,3811.14484499671
2009,Asian or Pacific Islander,All Origins,666,A,us,wonder,YLL,crude rate,7167.70377184705
2009,Asian or Pacific Islander,All Origins,666,F,us,nvss,Deaths,age-adjusted rate,1771.12473808173
2009,Asian or Pacific Islander,All Origins,666,F,us,nvss,YLL,crude rate,3134.23230277984
2009,Asian or Pacific Islander,All Origins,666,F,us,wonder,Deaths,age-adjusted rate,1767.8660743537
2009,Asian or Pacific Islander,All Origins,666,F,us,wonder,YLL,crude rate,3122.02326535435
2009,Asian or Pacific Islander,All Origins,666,M,us,nvss,Deaths,age-adjusted rate,2055.13766776639
2009,Asian or Pacific Islander,All Origins,666,M,us,nvss,YLL,crude rate,4073.52540330445
2009,Asian or Pacific Islander,All Origins,666,M,us,wonder,Deaths,age-adjusted rate,2043.27877064301
2009,Asian or Pacific Islander,All Origins,666,M,us,wonder,YLL,crude rate,4045.68050649272
2009,Black or African American,All Origins,666,A,us,nvss,Deaths,age-adjusted rate,9356.09369211444
2009,Black or African American,All Origins,666,A,us,nvss,YLL,crude rate,20198.8608244032
2009,Black or African American,All Origins,666,A,us,wonder,Deaths,age-adjusted rate,9339.55640189413
2009,Black or African American,All Origins,666,A,us,wonder,YLL,crude rate,20156.3967750798
2009,Black or African American,All Origins,666,F,us,nvss,Deaths,age-adjusted rate,4430.51076828536
2009,Black or African American,All Origins,666,F,us,nvss,YLL,crude rate,8761.84297499086
2009,Black or African American,All Origins,666,F,us,wonder,Deaths,age-adjusted rate,4423.6227841618
2009,Black or African American,All Origins,666,F,us,wonder,YLL,crude rate,8743.5920891366
2009,Black or African American,All Origins,666,M,us,nvss,Deaths,age-adjusted rate,4925.58292382907
2009,Black or African American,All Origins,666,M,us,nvss,YLL,crude rate,11437.0178494124
2009,Black or African American,All Origins,666,M,us,wonder,Deaths,age-adjusted rate,4915.93361773233
2009,Black or African American,All Origins,666,M,us,wonder,YLL,crude rate,11412.8046859432
2009,White,Hispanic or Latino,666,A,us,nvss,Deaths,age-adjusted rate,5716.40970992075
2009,White,Hispanic or Latino,666,A,us,nvss,YLL,crude rate,9586.05605228822
2009,White,Hispanic or Latino,666,A,us,wonder,Deaths,age-adjusted rate,5669.33188753814
2009,White,Hispanic or Latino,666,A,us,wonder,YLL,crude rate,9472.11460335584
2009,White,Hispanic or Latino,666,F,us,nvss,Deaths,age-adjusted rate,2538.60476193436
2009,White,Hispanic or Latino,666,F,us,nvss,YLL,crude rate,3717.12638271696
2009,White,Hispanic or Latino,666,F,us,wonder,Deaths,age-adjusted rate,2520.30119984228
2009,White,Hispanic or Latino,666,F,us,wonder,YLL,crude rate,3683.63938723176
2009,White,Hispanic or Latino,666,M,us,nvss,Deaths,age-adjusted rate,3177.80494798638
2009,White,Hispanic or Latino,666,M,us,nvss,YLL,crude rate,5868.92966957127
2009,White,Hispanic or Latino,666,M,us,wonder,Deaths,age-adjusted rate,3149.03068769585
2009,White,Hispanic or Latino,666,M,us,wonder,YLL,crude rate,5788.47521612408
2009,White,Not Hispanic or Latino,666,A,us,nvss,Deaths,age-adjusted rate,7119.9806153783
2009,White,Not Hispanic or Latino,666,A,us,nvss,YLL,crude rate,20030.2906305531
2009,White,Not Hispanic or Latino,666,A,us,wonder,Deaths,age-adjusted rate,7112.34324993457
2009,White,Not Hispanic or Latino,666,A,us,wonder,YLL,crude rate,20004.385468097
2009,White,Not Hispanic or Latino,666,F,us,nvss,Deaths,age-adjusted rate,3175.34586809117
2009,White,Not Hispanic or Latino,666,F,us,nvss,YLL,crude rate,8900.83367742325
2009,White,Not Hispanic or Latino,666,F,us,wonder,Deaths,age-adjusted rate,3173.18691719183
2009,White,Not Hispanic or Latino,666,F,us,wonder,YLL,crude rate,8893.65277567068
2009,White,Not Hispanic or Latino,666,M,us,nvss,Deaths,age-adjusted rate,3944.63474728713
2009,White,Not Hispanic or Latino,666,M,us,nvss,YLL,crude rate,11129.4569531299
2009,White,Not Hispanic or Latino,666,M,us,wonder,Deaths,age-adjusted rate,3939.15633274275
2009,White,Not Hispanic or Latino,666,M,us,wonder,YLL,crude rate,11110.7326924263
2010,All,All Origins,1,A,us,nvss,YLL,crude rate,18725.63487592
2010,All,All Origins,1,F,us,nvss,YLL,crude rate,8706.91793036667
2010,All,All Origins,1,M,us,nvss,YLL,crude rate,10018.7169455533
2010,All,All Origins,2,A,us,nvss,YLL,crude rate,17087.9272134162
2010,All,All Origins,2,F,us,nvss,YLL,crude rate,7342.85842953704
2010,All,All Origins,2,M,us,nvss,YLL,crude rate,9745.06878387915
2010,All,All Origins,3,A,us,nvss,YLL,crude rate,17911.8974718192
2010,All,All Origins,3,F,us,nvss,YLL,crude rate,8268.83579595848
2010,All,All Origins,3,M,us,nvss,YLL,crude rate,9643.06167586068
2010,All,All Origins,4,A,us,nvss,YLL,crude rate,7945.13229475786
2010,All,All Origins,4,F,us,nvss,YLL,crude rate,3417.14648781908
2010,All,All Origins,4,M,us,nvss,YLL,crude rate,4527.98580693878
2010,All,All Origins,5,A,us,nvss,YLL,crude rate,9605.87812977613
2010,All,All Origins,5,F,us,nvss,YLL,crude rate,4809.25673472644
2010,All,All Origins,5,M,us,nvss,YLL,crude rate,4796.62139504971
2010,All,All Origins,6,A,us,nvss,YLL,crude rate,6764.55311622731
2010,All,All Origins,6,F,us,nvss,YLL,crude rate,2768.83418120293
2010,All,All Origins,6,M,us,nvss,YLL,crude rate,3995.71893502439
2010,All,All Origins,7,A,us,nvss,YLL,crude rate,5925.79710766295
2010,All,All Origins,7,F,us,nvss,YLL,crude rate,2179.47191752096
2010,All,All Origins,7,M,us,nvss,YLL,crude rate,3746.32519014199
2010,American Indian or Alaska Native,All Origins,666,A,us,nvss,Deaths,age-adjusted rate,6342.06811046136
2010,American Indian or Alaska Native,All Origins,666,A,us,nvss,YLL,crude rate,11837.8896066115
2010,American Indian or Alaska Native,All Origins,666,A,us,wonder,Deaths,age-adjusted rate,6336.15080663749
2010,American Indian or Alaska Native,All Origins,666,A,us,wonder,YLL,crude rate,11828.5177722796
2010,American Indian or Alaska Native,All Origins,666,F,us,nvss,Deaths,age-adjusted rate,2921.83438706471
2010,American Indian or Alaska Native,All Origins,666,F,us,nvss,YLL,crude rate,4778.35169918394
2010,American Indian or Alaska Native,All Origins,666,F,us,wonder,Deaths,age-adjusted rate,2919.87085948158
2010,American Indian or Alaska Native,All Origins,666,F,us,wonder,YLL,crude rate,4776.44541267789
2010,American Indian or Alaska Native,All Origins,666,M,us,nvss,Deaths,age-adjusted rate,3420.23372339664
2010,American Indian or Alaska Native,All Origins,666,M,us,nvss,YLL,crude rate,7059.53790742757
2010,American Indian or Alaska Native,All Origins,666,M,us,wonder,Deaths,age-adjusted rate,3416.2799471559
2010,American Indian or Alaska Native,All Origins,666,M,us,wonder,YLL,crude rate,7052.07235960173
2010,Asian or Pacific Islander,All Origins,666,A,us,nvss,Deaths,age-adjusted rate,3774.50343841457
2010,Asian or Pacific Islander,All Origins,666,A,us,nvss,YLL,crude rate,7139.98768315689
2010,Asian or Pacific Islander,All Origins,666,A,us,wonder,Deaths,age-adjusted rate,3764.80518871224
2010,Asian or Pacific Islander,All Origins,666,A,us,wonder,YLL,crude rate,7119.52894502862
2010,Asian or Pacific Islander,All Origins,666,F,us,nvss,Deaths,age-adjusted rate,1745.63578240114
2010,Asian or Pacific Islander,All Origins,666,F,us,nvss,YLL,crude rate,3109.96332629523
2010,Asian or Pacific Islander,All Origins,666,F,us,wonder,Deaths,age-adjusted rate,1744.63413903903
2010,Asian or Pacific Islander,All Origins,666,F,us,wonder,YLL,crude rate,3107.35804132583
2010,Asian or Pacific Islander,All Origins,666,M,us,nvss,Deaths,age-adjusted rate,2028.86765601343
2010,Asian or Pacific Islander,All Origins,666,M,us,nvss,YLL,crude rate,4030.02435686167
2010,Asian or Pacific Islander,All Origins,666,M,us,wonder,Deaths,age-adjusted rate,2020.17104967321
2010,Asian or Pacific Islander,All Origins,666,M,us,wonder,YLL,crude rate,4012.17090370279
2010,Black or African American,All Origins,666,A,us,nvss,Deaths,age-adjusted rate,9109.27303401434
2010,Black or African American,All Origins,666,A,us,nvss,YLL,crude rate,19536.9650280991
2010,Black or African American,All Origins,666,A,us,wonder,Deaths,age-adjusted rate,9095.28884747854
2010,Black or African American,All Origins,666,A,us,wonder,YLL,crude rate,19498.2609926643
2010,Black or African American,All Origins,666,F,us,nvss,Deaths,age-adjusted rate,4303.2910533662
2010,Black or African American,All Origins,666,F,us,nvss,YLL,crude rate,8513.45355282159
2010,Black or African American,All Origins,666,F,us,wonder,Deaths,age-adjusted rate,4298.97927454947
2010,Black or African American,All Origins,666,F,us,wonder,YLL,crude rate,8501.01230771528
2010,Black or African American,All Origins,666,M,us,nvss,Deaths,age-adjusted rate,4805.98198064815
2010,Black or African American,All Origins,666,M,us,nvss,YLL,crude rate,11023.5114752775
2010,Black or African American,All Origins,666,M,us,wonder,Deaths,age-adjusted rate,4796.30957292908
2010,Black or African American,All Origins,666,M,us,wonder,YLL,crude rate,10997.248684949
2010,White,Hispanic or Latino,666,A,us,nvss,Deaths,age-adjusted rate,5564.36068276159
2010,White,Hispanic or Latino,666,A,us,nvss,YLL,crude rate,9191.32017942708
2010,White,Hispanic or Latino,666,A,us,wonder,Deaths,age-adjusted rate,5522.24669209546
2010,White,Hispanic or Latino,666,A,us,wonder,YLL,crude rate,9101.20686341492
2010,White,Hispanic or Latino,666,F,us,nvss,Deaths,age-adjusted rate,2445.91460007192
2010,White,Hispanic or Latino,666,F,us,nvss,YLL,crude rate,3574.05296227045
2010,White,Hispanic or Latino,666,F,us,wonder,Deaths,age-adjusted rate,2428.88675225822
2010,White,Hispanic or Latino,666,F,us,wonder,YLL,crude rate,3547.58866776973
2010,White,Hispanic or Latino,666,M,us,nvss,Deaths,age-adjusted rate,3118.44608268967
2010,White,Hispanic or Latino,666,M,us,nvss,YLL,crude rate,5617.26721715664
2010,White,Hispanic or Latino,666,M,us,wonder,Deaths,age-adjusted rate,3093.35993983724
2010,White,Hispanic or Latino,666,M,us,wonder,YLL,crude rate,5553.6181956452
2010,White,Not Hispanic or Latino,666,A,us,nvss,Deaths,age-adjusted rate,7055.75790180548
2010,White,Not Hispanic or Latino,666,A,us,nvss,YLL,crude rate,20055.6455111328
2010,White,Not Hispanic or Latino,666,A,us,wonder,Deaths,age-adjusted rate,7047.84146005807
2010,White,Not Hispanic or Latino,666,A,us,wonder,YLL,crude rate,20028.6733229861
2010,White,Not Hispanic or Latino,666,F,us,nvss,Deaths,age-adjusted rate,3135.99616601472
2010,White,Not Hispanic or Latino,666,F,us,nvss,YLL,crude rate,8905.15655890341
2010,White,Not Hispanic or Latino,666,F,us,wonder,Deaths,age-adjusted rate,3133.62666799428
2010,White,Not Hispanic or Latino,666,F,us,wonder,YLL,crude rate,8896.75253687741
2010,White,Not Hispanic or Latino,666,M,us,nvss,Deaths,age-adjusted rate,3919.76173579076
2010,White,Not Hispanic or Latino,666,M,us,nvss,YLL,crude rate,11150.4889522294
2010,White,Not Hispanic or Latino,666,M,us,wonder,Deaths,age-adjusted rate,3914.21479206378
2010,White,Not Hispanic or Latino,666,M,us,wonder,YLL,crude rate,11131.9207861087
2011,All,All Origins,1,A,us,nvss,YLL,crude rate,18655.2193546524
2011,All,All Origins,1,F,us,nvss,YLL,crude rate,8682.78767803721
2011,All,All Origins,1,M,us,nvss,YLL,crude rate,9972.43167661519
2011,All,All Origins,2,A,us,nvss,YLL,crude rate,17205.054206594
2011,All,All Origins,2,F,us,nvss,YLL,crude rate,7325.74997158744
2011,All,All Origins,2,M,us,nvss,YLL,crude rate,9879.3042350066
2011,All,All Origins,3,A,us,nvss,YLL,crude rate,18230.5440672093
2011,All,All Origins,3,F,us,nvss,YLL,crude rate,8412.07784126332
2011,All,All Origins,3,M,us,nvss,YLL,crude rate,9818.466225946
2011,All,All Origins,4,A,us,nvss,YLL,crude rate,7970.91718429754
2011,All,All Origins,4,F,us,nvss,YLL,crude rate,3440.23609980831
2011,All,All Origins,4,M,us,nvss,YLL,crude rate,4530.68108448923
2011,All,All Origins,5,A,us,nvss,YLL,crude rate,9909.18477900893
2011,All,All Origins,5,F,us,nvss,YLL,crude rate,4988.04562487728
2011,All,All Origins,5,M,us,nvss,YLL,crude rate,4921.13915413165
2011,All,All Origins,6,A,us,nvss,YLL,crude rate,6743.91648982518
2011,All,All Origins,6,F,us,nvss,YLL,crude rate,2800.34639153084
2011,All,All Origins,6,M,us,nvss,YLL,crude rate,3943.57009829436
2011,All,All Origins,7,A,us,nvss,YLL,crude rate,5925.83926520064
2011,All,All Origins,7,F,us,nvss,YLL,crude rate,2192.16804652134
2011,All,All Origins,7,M,us,nvss,YLL,crude rate,3733.6712186793
2011,American Indian or Alaska Native,All Origins,666,A,us,nvss,Deaths,age-adjusted rate,6255.77981455365
2011,American Indian or Alaska Native,All Origins,666,A,us,nvss,YLL,crude rate,11920.070745738
2011,American Indian or Alaska Native,All Origins,666,A,us,wonder,Deaths,age-adjusted rate,6247.33963290567
2011,American Indian or Alaska Native,All Origins,666,A,us,wonder,YLL,crude rate,11902.2317727967
2011,American Indian or Alaska Native,All Origins,666,F,us,nvss,Deaths,age-adjusted rate,2895.35187740568
2011,American Indian or Alaska Native,All Origins,666,F,us,nvss,YLL,crude rate,4961.08706341308
2011,American Indian or Alaska Native,All Origins,666,F,us,wonder,Deaths,age-adjusted rate,2892.82074667902
2011,American Indian or Alaska Native,All Origins,666,F,us,wonder,YLL,crude rate,4957.22617233526
2011,American Indian or Alaska Native,All Origins,666,M,us,nvss,Deaths,age-adjusted rate,3360.42793714796
2011,American Indian or Alaska Native,All Origins,666,M,us,nvss,YLL,crude rate,6958.98368232495
2011,American Indian or Alaska Native,All Origins,666,M,us,wonder,Deaths,age-adjusted rate,3354.51888622665
2011,American Indian or Alaska Native,All Origins,666,M,us,wonder,YLL,crude rate,6945.00560046142
2011,Asian or Pacific Islander,All Origins,666,A,us,nvss,Deaths,age-adjusted rate,3701.52971866868
2011,Asian or Pacific Islander,All Origins,666,A,us,nvss,YLL,crude rate,7144.69456641112
2011,Asian or Pacific Islander,All Origins,666,A,us,wonder,Deaths,age-adjusted rate,3692.45680117827
2011,Asian or Pacific Islander,All Origins,666,A,us,wonder,YLL,crude rate,7121.97440030708
2011,Asian or Pacific Islander,All Origins,666,F,us,nvss,Deaths,age-adjusted rate,1721.63363186194
2011,Asian or Pacific Islander,All Origins,666,F,us,nvss,YLL,crude rate,3132.51389949273
2011,Asian or Pacific Islander,All Origins,666,F,us,wonder,Deaths,age-adjusted rate,1719.28374029033
2011,Asian or Pacific Islander,All Origins,666,F,us,wonder,YLL,crude rate,3126.78524214609
2011,Asian or Pacific Islander,All Origins,666,M,us,nvss,Deaths,age-adjusted rate,1979.89608680674
2011,Asian or Pacific Islander,All Origins,666,M,us,nvss,YLL,crude rate,4012.18066691839
2011,Asian or Pacific Islander,All Origins,666,M,us,wonder,Deaths,age-adjusted rate,1973.17306088794
2011,Asian or Pacific Islander,All Origins,666,M,us,wonder,YLL,crude rate,3995.189158161
2011,Black or African American,All Origins,666,A,us,nvss,Deaths,age-adjusted rate,8968.788657067
2011,Black or African American,All Origins,666,A,us,nvss,YLL,crude rate,19436.3199055668
2011,Black or African American,All Origins,666,A,us,wonder,Deaths,age-adjusted rate,8953.55669001864
2011,Black or African American,All Origins,666,A,us,wonder,YLL,crude rate,19397.8597795857
2011,Black or African American,All Origins,666,F,us,nvss,Deaths,age-adjusted rate,4257.95177172038
2011,Black or African American,All Origins,666,F,us,nvss,YLL,crude rate,8490.90075035575
2011,Black or African American,All Origins,666,F,us,wonder,Deaths,age-adjusted rate,4252.16469404283
2011,Black or African American,All Origins,666,F,us,wonder,YLL,crude rate,8475.86581909383
2011,Black or African American,All Origins,666,M,us,nvss,Deaths,age-adjusted rate,4710.8368853466
2011,Black or African American,All Origins,666,M,us,nvss,YLL,crude rate,10945.419155211
2011,Black or African American,All Origins,666,M,us,wonder,Deaths,age-adjusted rate,4701.39199597581
2011,Black or African American,All Origins,666,M,us,wonder,YLL,crude rate,10921.9939604919
2011,White,Hispanic or Latino,666,A,us,nvss,Deaths,age-adjusted rate,5548.1766400485
2011,White,Hispanic or Latino,666,A,us,nvss,YLL,crude rate,9220.50148996132
2011,White,Hispanic or Latino,666,A,us,wonder,Deaths,age-adjusted rate,5506.00829859073
2011,White,Hispanic or Latino,666,A,us,wonder,YLL,crude rate,9127.71611218858
2011,White,Hispanic or Latino,666,F,us,nvss,Deaths,age-adjusted rate,2457.61688562479
2011,White,Hispanic or Latino,666,F,us,nvss,YLL,crude rate,3592.67421060439
2011,White,Hispanic or Latino,666,F,us,wonder,Deaths,age-adjusted rate,2441.50928189146
2011,White,Hispanic or Latino,666,F,us,wonder,YLL,crude rate,3568.09213035723
2011,White,Hispanic or Latino,666,M,us,nvss,Deaths,age-adjusted rate,3090.55975442371
2011,White,Hispanic or Latino,666,M,us,nvss,YLL,crude rate,5627.82727935692
2011,White,Hispanic or Latino,666,M,us,wonder,Deaths,age-adjusted rate,3064.49901669926
2011,White,Hispanic or Latino,666,M,us,wonder,YLL,crude rate,5559.62398183135
2011,White,Not Hispanic or Latino,666,A,us,nvss,Deaths,age-adjusted rate,7060.9688456183
2011,White,Not Hispanic or Latino,666,A,us,nvss,YLL,crude rate,20340.0954023996
2011,White,Not Hispanic or Latino,666,A,us,wonder,Deaths,age-adjusted rate,7052.54343175814
2011,White,Not Hispanic or Latino,666,A,us,wonder,YLL,crude rate,20311.4221861291
2011,White,Not Hispanic or Latino,666,F,us,nvss,Deaths,age-adjusted rate,3131.93409991609
2011,White,Not Hispanic or Latino,666,F,us,nvss,YLL,crude rate,9033.62292377555
2011,White,Not Hispanic or Latino,666,F,us,wonder,Deaths,age-adjusted rate,3129.5585046053
2011,White,Not Hispanic or Latino,666,F,us,wonder,YLL,crude rate,9025.24608018202
2011,White,Not Hispanic or Latino,666,M,us,nvss,Deaths,age-adjusted rate,3929.0347457022
2011,White,Not Hispanic or Latino,666,M,us,nvss,YLL,crude rate,11306.4724786241
2011,White,Not Hispanic or Latino,666,M,us,wonder,Deaths,age-adjusted rate,3922.98492715285
2011,White,Not Hispanic or Latino,666,M,us,wonder,YLL,crude rate,11286.1761059471
2012,All,All Origins,1,A,us,nvss,YLL,crude rate,18725.7399670876
2012,All,All Origins,1,F,us,nvss,YLL,crude rate,8656.57734969759
2012,All,All Origins,1,M,us,nvss,YLL,crude rate,10069.16261739
2012,All,All Origins,2,A,us,nvss,YLL,crude rate,17759.2124122675
2012,All,All Origins,2,F,us,nvss,YLL,crude rate,7594.67306837079
2012,All,All Origins,2,M,us,nvss,YLL,crude rate,10164.5393438967
2012,All,All Origins,3,A,us,nvss,YLL,crude rate,18699.740320009
2012,All,All Origins,3,F,us,nvss,YLL,crude rate,8567.71955825585
2012,All,All Origins,3,M,us,nvss,YLL,crude rate,10132.0207617531
2012,All,All Origins,4,A,us,nvss,YLL,crude rate,7701.14145874667
2012,All,All Origins,4,F,us,nvss,YLL,crude rate,3324.102273891
2012,All,All Origins,4,M,us,nvss,YLL,crude rate,4377.03918485568
2012,All,All Origins,5,A,us,nvss,YLL,crude rate,9935.29907428527
2012,All,All Origins,5,F,us,nvss,YLL,crude rate,4984.51905507918
2012,All,All Origins,5,M,us,nvss,YLL,crude rate,4950.78001920609
2012,All,All Origins,6,A,us,nvss,YLL,crude rate,6687.61579311348
2012,All,All Origins,6,F,us,nvss,YLL,crude rate,2766.31823068212
2012,All,All Origins,6,M,us,nvss,YLL,crude rate,3921.29756243136
2012,All,All Origins,7,A,us,nvss,YLL,crude rate,5831.73678980435
2012,All,All Origins,7,F,us,nvss,YLL,crude rate,2172.19103599016
2012,All,All Origins,7,M,us,nvss,YLL,crude rate,3659.5457538142
2012,American Indian or Alaska Native,All Origins,666,A,us,nvss,Deaths,age-adjusted rate,6224.65340927099
2012,American Indian or Alaska Native,All Origins,666,A,us,nvss,YLL,crude rate,12203.7889175393
2012,American Indian or Alaska Native,All Origins,666,A,us,wonder,Deaths,age-adjusted rate,6216.19711722144
2012,American Indian or Alaska Native,All Origins,666,A,us,wonder,YLL,crude rate,12187.5612714773
2012,American Indian or Alaska Native,All Origins,666,F,us,nvss,Deaths,age-adjusted rate,2835.7837929883
2012,American Indian or Alaska Native,All Origins,666,F,us,nvss,YLL,crude rate,4991.25412218467
2012,American Indian or Alaska Native,All Origins,666,F,us,wonder,Deaths,age-adjusted rate,2835.24874718423
2012,American Indian or Alaska Native,All Origins,666,F,us,wonder,YLL,crude rate,4989.21538774791
2012,American Indian or Alaska Native,All Origins,666,M,us,nvss,Deaths,age-adjusted rate,3388.86961628269
2012,American Indian or Alaska Native,All Origins,666,M,us,nvss,YLL,crude rate,7212.53479535462
2012,American Indian or Alaska Native,All Origins,666,M,us,wonder,Deaths,age-adjusted rate,3380.9483700372
2012,American Indian or Alaska Native,All Origins,666,M,us,wonder,YLL,crude rate,7198.34588372944
2012,Asian or Pacific Islander,All Origins,666,A,us,nvss,Deaths,age-adjusted rate,3623.78909386809
2012,Asian or Pacific Islander,All Origins,666,A,us,nvss,YLL,crude rate,7274.53102579191
2012,Asian or Pacific Islander,All Origins,666,A,us,wonder,Deaths,age-adjusted rate,3610.96062101237
2012,Asian or Pacific Islander,All Origins,666,A,us,wonder,YLL,crude rate,7241.92890362323
2012,Asian or Pacific Islander,All Origins,666,F,us,nvss,Deaths,age-adjusted rate,1675.5336306229
2012,Asian or Pacific Islander,All Origins,666,F,us,nvss,YLL,crude rate,3190.71385005515
2012,Asian or Pacific Islander,All Origins,666,F,us,wonder,Deaths,age-adjusted rate,1673.95910173794
2012,Asian or Pacific Islander,All Origins,666,F,us,wonder,YLL,crude rate,3184.49337836474
2012,Asian or Pacific Islander,All Origins,666,M,us,nvss,Deaths,age-adjusted rate,1948.25546324519
2012,Asian or Pacific Islander,All Origins,666,M,us,nvss,YLL,crude rate,4083.81717573676
2012,Asian or Pacific Islander,All Origins,666,M,us,wonder,Deaths,age-adjusted rate,1937.00151927442
2012,Asian or Pacific Islander,All Origins,666,M,us,wonder,YLL,crude rate,4057.43552525849
2012,Black or African American,All Origins,666,A,us,nvss,Deaths,age-adjusted rate,8830.24767417607
2012,Black or African American,All Origins,666,A,us,nvss,YLL,crude rate,19390.8003372443
2012,Black or African American,All Origins,666,A,us,wonder,Deaths,age-adjusted rate,8814.94092633393
2012,Black or African American,All Origins,666,A,us,wonder,YLL,crude rate,19349.6652938201
2012,Black or African American,All Origins,666,F,us,nvss,Deaths,age-adjusted rate,4139.55387814244
2012,Black or African American,All Origins,666,F,us,nvss,YLL,crude rate,8401.86686944579
2012,Black or African American,All Origins,666,F,us,wonder,Deaths,age-adjusted rate,4133.62142859629
2012,Black or African American,All Origins,666,F,us,wonder,YLL,crude rate,8387.11896462968
2012,Black or African American,All Origins,666,M,us,nvss,Deaths,age-adjusted rate,4690.69379603363
2012,Black or African American,All Origins,666,M,us,nvss,YLL,crude rate,10988.9334677985
2012,Black or African American,All Origins,666,M,us,wonder,Deaths,age-adjusted rate,4681.31949773764
2012,Black or African American,All Origins,666,M,us,wonder,YLL,crude rate,10962.5463291904
2012,White,Hispanic or Latino,666,A,us,nvss,Deaths,age-adjusted rate,5491.16187261847
2012,White,Hispanic or Latino,666,A,us,nvss,YLL,crude rate,9302.87756697371
2012,White,Hispanic or Latino,666,A,us,wonder,Deaths,age-adjusted rate,5450.26420943524
2012,White,Hispanic or Latino,666,A,us,wonder,YLL,crude rate,9206.54305701959
2012,White,Hispanic or Latino,666,F,us,nvss,Deaths,age-adjusted rate,2425.90028879036
2012,White,Hispanic or Latino,666,F,us,nvss,YLL,crude rate,3643.92266669592
2012,White,Hispanic or Latino,666,F,us,wonder,Deaths,age-adjusted rate,2409.37972797232
2012,White,Hispanic or Latino,666,F,us,wonder,YLL,crude rate,3616.16911253377
2012,White,Hispanic or Latino,666,M,us,nvss,Deaths,age-adjusted rate,3065.26158382811
2012,White,Hispanic or Latino,666,M,us,nvss,YLL,crude rate,5658.95490027778
2012,White,Hispanic or Latino,666,M,us,wonder,Deaths,age-adjusted rate,3040.88448146291
2012,White,Hispanic or Latino,666,M,us,wonder,YLL,crude rate,5590.37394448582
2012,White,Not Hispanic or Latino,666,A,us,nvss,Deaths,age-adjusted rate,6989.55303236581
2012,White,Not Hispanic or Latino,666,A,us,nvss,YLL,crude rate,20359.3232959036
2012,White,Not Hispanic or Latino,666,A,us,wonder,Deaths,age-adjusted rate,6981.46856013726
2012,White,Not Hispanic or Latino,666,A,us,wonder,YLL,crude rate,20331.538287454
2012,White,Not Hispanic or Latino,666,F,us,nvss,Deaths,age-adjusted rate,3094.46254642603
2012,White,Not Hispanic or Latino,666,F,us,nvss,YLL,crude rate,9027.91814795204
2012,White,Not Hispanic or Latino,666,F,us,wonder,Deaths,age-adjusted rate,3092.20606922899
2012,White,Not Hispanic or Latino,666,F,us,wonder,YLL,crude rate,9019.8151414417
2012,White,Not Hispanic or Latino,666,M,us,nvss,Deaths,age-adjusted rate,3895.09048593978
2012,White,Not Hispanic or Latino,666,M,us,nvss,YLL,crude rate,11331.4051479516
2012,White,Not Hispanic or Latino,666,M,us,wonder,Deaths,age-adjusted rate,3889.26249090828
2012,White,Not Hispanic or Latino,666,M,us,wonder,YLL,crude rate,11311.7231460123
2013,All,All Origins,1,A,us,nvss,YLL,crude rate,18689.9852864622
2013,All,All Origins,1,F,us,nvss,YLL,crude rate,8613.70223736047
2013,All,All Origins,1,M,us,nvss,YLL,crude rate,10076.2830491017
2013,All,All Origins,2,A,us,nvss,YLL,crude rate,18005.4157777783
2013,All,All Origins,2,F,us,nvss,YLL,crude rate,7656.67348399783
2013,All,All Origins,2,M,us,nvss,YLL,crude rate,10348.7422937805
2013,All,All Origins,3,A,us,nvss,YLL,crude rate,19009.4449157298
2013,All,All Origins,3,F,us,nvss,YLL,crude rate,8680.83770042493
2013,All,All Origins,3,M,us,nvss,YLL,crude rate,10328.6072153048
2013,All,All Origins,4,A,us,nvss,YLL,crude rate,7831.21889902596
2013,All,All Origins,4,F,us,nvss,YLL,crude rate,3357.18145109508
2013,All,All Origins,4,M,us,nvss,YLL,crude rate,4474.03744793086
2013,All,All Origins,5,A,us,nvss,YLL,crude rate,10229.961892913
2013,All,All Origins,5,F,us,nvss,YLL,crude rate,5140.67997734024
2013,All,All Origins,5,M,us,nvss,YLL,crude rate,5089.28191557278
2013,All,All Origins,6,A,us,nvss,YLL,crude rate,6772.10500206203
2013,All,All Origins,6,F,us,nvss,YLL,crude rate,2820.11518900757
2013,All,All Origins,6,M,us,nvss,YLL,crude rate,3951.98981305448
2013,All,All Origins,7,A,us,nvss,YLL,crude rate,5842.91697814943
2013,All,All Origins,7,F,us,nvss,YLL,crude rate,2197.8897130981
2013,All,All Origins,7,M,us,nvss,YLL,crude rate,3645.02726505133
2013,American Indian or Alaska Native,All Origins,666,A,us,nvss,Deaths,age-adjusted rate,6150.12966933086
2013,American Indian or Alaska Native,All Origins,666,A,us,nvss,YLL,crude rate,12137.1122305561
2013,American Indian or Alaska Native,All Origins,666,A,us,wonder,Deaths,age-adjusted rate,6145.22762047162
2013,American Indian or Alaska Native,All Origins,666,A,us,wonder,YLL,crude rate,12128.9732898465
2013,American Indian or Alaska Native,All Origins,666,F,us,nvss,Deaths,age-adjusted rate,2794.21728879157
2013,American Indian or Alaska Native,All Origins,666,F,us,nvss,YLL,crude rate,4988.71138777014
2013,American Indian or Alaska Native,All Origins,666,F,us,wonder,Deaths,age-adjusted rate,2792.71466340325
2013,American Indian or Alaska Native,All Origins,666,F,us,wonder,YLL,crude rate,4985.41687975448
2013,American Indian or Alaska Native,All Origins,666,M,us,nvss,Deaths,age-adjusted rate,3355.9123805393
2013,American Indian or Alaska Native,All Origins,666,M,us,nvss,YLL,crude rate,7148.40084278601
2013,American Indian or Alaska Native,All Origins,666,M,us,wonder,Deaths,age-adjusted rate,3352.51295706836
2013,American Indian or Alaska Native,All Origins,666,M,us,wonder,YLL,crude rate,7143.55641009205
2013,Asian or Pacific Islander,All Origins,666,A,us,nvss,Deaths,age-adjusted rate,3638.68139957745
2013,Asian or Pacific Islander,All Origins,666,A,us,nvss,YLL,crude rate,7392.35166826649
2013,Asian or Pacific Islander,All Origins,666,A,us,wonder,Deaths,age-adjusted rate,3627.83088343834
2013,Asian or Pacific Islander,All Origins,666,A,us,wonder,YLL,crude rate,7369.30280595761
2013,Asian or Pacific Islander,All Origins,666,F,us,nvss,Deaths,age-adjusted rate,1656.60686708054
2013,Asian or Pacific Islander,All Origins,666,F,us,nvss,YLL,crude rate,3212.80459686136
2013,Asian or Pacific Islander,All Origins,666,F,us,wonder,Deaths,age-adjusted rate,1653.57586912242
2013,Asian or Pacific Islander,All Origins,666,F,us,wonder,YLL,crude rate,3204.23875288898
2013,Asian or Pacific Islander,All Origins,666,M,us,nvss,Deaths,age-adjusted rate,1982.07453249691
2013,Asian or Pacific Islander,All Origins,666,M,us,nvss,YLL,crude rate,4179.54707140512
2013,Asian or Pacific Islander,All Origins,666,M,us,wonder,Deaths,age-adjusted rate,1974.25501431592
2013,Asian or Pacific Islander,All Origins,666,M,us,wonder,YLL,crude rate,4165.06405306864
2013,Black or African American,All Origins,666,A,us,nvss,Deaths,age-adjusted rate,8829.89786707388
2013,Black or African American,All Origins,666,A,us,nvss,YLL,crude rate,19542.0064588028
2013,Black or African American,All Origins,666,A,us,wonder,Deaths,age-adjusted rate,8815.9716154486
2013,Black or African American,All Origins,666,A,us,wonder,YLL,crude rate,19505.0928683789
2013,Black or African American,All Origins,666,F,us,nvss,Deaths,age-adjusted rate,4138.54831077605
2013,Black or African American,All Origins,666,F,us,nvss,YLL,crude rate,8478.23348039943
2013,Black or African American,All Origins,666,F,us,wonder,Deaths,age-adjusted rate,4133.21961172881
2013,Black or African American,All Origins,666,F,us,wonder,YLL,crude rate,8465.13111180778
2013,Black or African American,All Origins,666,M,us,nvss,Deaths,age-adjusted rate,4691.34955629783
2013,Black or African American,All Origins,666,M,us,nvss,YLL,crude rate,11063.7729784034
2013,Black or African American,All Origins,666,M,us,wonder,Deaths,age-adjusted rate,4682.75200371979
2013,Black or African American,All Origins,666,M,us,wonder,YLL,crude rate,11039.9617565711
2013,White,Hispanic or Latino,666,A,us,nvss,Deaths,age-adjusted rate,5469.22406972616
2013,White,Hispanic or Latino,666,A,us,nvss,YLL,crude rate,9393.98097343969
2013,White,Hispanic or Latino,666,A,us,wonder,Deaths,age-adjusted rate,5430.03614035257
2013,White,Hispanic or Latino,666,A,us,wonder,YLL,crude rate,9300.29481395288
2013,White,Hispanic or Latino,666,F,us,nvss,Deaths,age-adjusted rate,2405.74157344802
2013,White,Hispanic or Latino,666,F,us,nvss,YLL,crude rate,3691.989680788
2013,White,Hispanic or Latino,666,F,us,wonder,Deaths,age-adjusted rate,2391.39633296171
2013,White,Hispanic or Latino,666,F,us,wonder,YLL,crude rate,3668.19268559719
2013,White,Hispanic or Latino,666,M,us,nvss,Deaths,age-adjusted rate,3063.48249627814
2013,White,Hispanic or Latino,666,M,us,nvss,YLL,crude rate,5701.9912926517
2013,White,Hispanic or Latino,666,M,us,wonder,Deaths,age-adjusted rate,3038.63980739086
2013,White,Hispanic or Latino,666,M,us,wonder,YLL,crude rate,5632.10212835569
2013,White,Not Hispanic or Latino,666,A,us,nvss,Deaths,age-adjusted rate,7014.32638025523
2013,White,Not Hispanic or Latino,666,A,us,nvss,YLL,crude rate,20642.1445901827
2013,White,Not Hispanic or Latino,666,A,us,wonder,Deaths,age-adjusted rate,7005.91147520653
2013,White,Not Hispanic or Latino,666,A,us,wonder,YLL,crude rate,20612.6397435561
2013,White,Not Hispanic or Latino,666,F,us,nvss,Deaths,age-adjusted rate,3092.60517989297
2013,White,Not Hispanic or Latino,666,F,us,nvss,YLL,crude rate,9128.68336086723
2013,White,Not Hispanic or Latino,666,F,us,wonder,Deaths,age-adjusted rate,3090.29605291479
2013,White,Not Hispanic or Latino,666,F,us,wonder,YLL,crude rate,9120.29632391296
2013,White,Not Hispanic or Latino,666,M,us,nvss,Deaths,age-adjusted rate,3921.72120036226
2013,White,Not Hispanic or Latino,666,M,us,nvss,YLL,crude rate,11513.4612293155
2013,White,Not Hispanic or Latino,666,M,us,wonder,Deaths,age-adjusted rate,3915.61542229174
2013,White,Not Hispanic or Latino,666,M,us,wonder,YLL,crude rate,11492.3434196432
2014,All,All Origins,1,A,us,nvss,YLL,crude rate,18216.5165718572
2014,All,All Origins,1,F,us,nvss,YLL,crude rate,8292.98344411627
2014,All,All Origins,1,M,us,nvss,YLL,crude rate,9923.53312774087
2014,All,All Origins,2,A,us,nvss,YLL,crude rate,18540.4670838281
2014,All,All Origins,2,F,us,nvss,YLL,crude rate,7801.24587800159
2014,All,All Origins,2,M,us,nvss,YLL,crude rate,10739.2212058265
2014,All,All Origins,3,A,us,nvss,YLL,crude rate,19176.6084030414
2014,All,All Origins,3,F,us,nvss,YLL,crude rate,8710.12628331714
2014,All,All Origins,3,M,us,nvss,YLL,crude rate,10466.4821197243
2014,All,All Origins,4,A,us,nvss,YLL,crude rate,7979.06978546878
2014,All,All Origins,4,F,us,nvss,YLL,crude rate,3431.23837920863
2014,All,All Origins,4,M,us,nvss,YLL,crude rate,4547.83140626015
2014,All,All Origins,5,A,us,nvss,YLL,crude rate,10547.2117295317
2014,All,All Origins,5,F,us,nvss,YLL,crude rate,5327.29593188203
2014,All,All Origins,5,M,us,nvss,YLL,crude rate,5219.91579764966
2014,All,All Origins,6,A,us,nvss,YLL,crude rate,6762.15219687883
2014,All,All Origins,6,F,us,nvss,YLL,crude rate,2828.27326389338
2014,All,All Origins,6,M,us,nvss,YLL,crude rate,3933.87893298547
2014,All,All Origins,7,A,us,nvss,YLL,crude rate,5890.60983386315
2014,All,All Origins,7,F,us,nvss,YLL,crude rate,2249.74519308401
2014,All,All Origins,7,M,us,nvss,YLL,crude rate,3640.86464077914
2014,American Indian or Alaska Native,All Origins,666,A,us,nvss,Deaths,age-adjusted rate,6195.26889217581
2014,American Indian or Alaska Native,All Origins,666,A,us,nvss,YLL,crude rate,12653.87187523
2014,American Indian or Alaska Native,All Origins,666,A,us,wonder,Deaths,age-adjusted rate,6189.49856193031
2014,American Indian or Alaska Native,All Origins,666,A,us,wonder,YLL,crude rate,12640.3362094278
2014,American Indian or Alaska Native,All Origins,666,F,us,nvss,Deaths,age-adjusted rate,2834.40137160082
2014,American Indian or Alaska Native,All Origins,666,F,us,nvss,YLL,crude rate,5213.00671675167
2014,American Indian or Alaska Native,All Origins,666,F,us,wonder,Deaths,age-adjusted rate,2833.01229723354
2014,American Indian or Alaska Native,All Origins,666,F,us,wonder,YLL,crude rate,5209.53898213144
2014,American Indian or Alaska Native,All Origins,666,M,us,nvss,Deaths,age-adjusted rate,3360.86752057499
2014,American Indian or Alaska Native,All Origins,666,M,us,nvss,YLL,crude rate,7440.86515847836
2014,American Indian or Alaska Native,All Origins,666,M,us,wonder,Deaths,age-adjusted rate,3356.48626469677
2014,American Indian or Alaska Native,All Origins,666,M,us,wonder,YLL,crude rate,7430.79722729635
2014,Asian or Pacific Islander,All Origins,666,A,us,nvss,Deaths,age-adjusted rate,3553.77056608023
2014,Asian or Pacific Islander,All Origins,666,A,us,nvss,YLL,crude rate,7357.25196716047
2014,Asian or Pacific Islander,All Origins,666,A,us,wonder,Deaths,age-adjusted rate,3538.00537715773
2014,Asian or Pacific Islander,All Origins,666,A,us,wonder,YLL,crude rate,7315.46187271496
2014,Asian or Pacific Islander,All Origins,666,F,us,nvss,Deaths,age-adjusted rate,1613.38034914424
2014,Asian or Pacific Islander,All Origins,666,F,us,nvss,YLL,crude rate,3193.09792417312
2014,Asian or Pacific Islander,All Origins,666,F,us,wonder,Deaths,age-adjusted rate,1609.45257390538
2014,Asian or Pacific Islander,All Origins,666,F,us,wonder,YLL,crude rate,3182.67053832324
2014,Asian or Pacific Islander,All Origins,666,M,us,nvss,Deaths,age-adjusted rate,1940.39021693599
2014,Asian or Pacific Islander,All Origins,666,M,us,nvss,YLL,crude rate,4164.15404298735
2014,Asian or Pacific Islander,All Origins,666,M,us,wonder,Deaths,age-adjusted rate,1928.55280325235
2014,Asian or Pacific Islander,All Origins,666,M,us,wonder,YLL,crude rate,4132.79133439171
2014,Black or African American,All Origins,666,A,us,nvss,Deaths,age-adjusted rate,8739.74695883344
2014,Black or African American,All Origins,666,A,us,nvss,YLL,crude rate,19645.2826607281
2014,Black or African American,All Origins,666,A,us,wonder,Deaths,age-adjusted rate,8724.23292714784
2014,Black or African American,All Origins,666,A,us,wonder,YLL,crude rate,19604.8107145206
2014,Black or African American,All Origins,666,F,us,nvss,Deaths,age-adjusted rate,4100.3014697204
2014,Black or African American,All Origins,666,F,us,nvss,YLL,crude rate,8550.4013292094
2014,Black or African American,All Origins,666,F,us,wonder,Deaths,age-adjusted rate,4094.45283549087
2014,Black or African American,All Origins,666,F,us,wonder,YLL,crude rate,8535.93616884464
2014,Black or African American,All Origins,666,M,us,nvss,Deaths,age-adjusted rate,4639.44548911304
2014,Black or African American,All Origins,666,M,us,nvss,YLL,crude rate,11094.8813315187
2014,Black or African American,All Origins,666,M,us,wonder,Deaths,age-adjusted rate,4629.78009165697
2014,Black or African American,All Origins,666,M,us,wonder,YLL,crude rate,11068.8745456759
2014,White,Hispanic or Latino,666,A,us,nvss,Deaths,age-adjusted rate,5385.08798707324
2014,White,Hispanic or Latino,666,A,us,nvss,YLL,crude rate,9483.08176807536
2014,White,Hispanic or Latino,666,A,us,wonder,Deaths,age-adjusted rate,5344.48863165395
2014,White,Hispanic or Latino,666,A,us,wonder,YLL,crude rate,9392.86649891454
2014,White,Hispanic or Latino,666,F,us,nvss,Deaths,age-adjusted rate,2366.05924117767
2014,White,Hispanic or Latino,666,F,us,nvss,YLL,crude rate,3726.11433252268
2014,White,Hispanic or Latino,666,F,us,wonder,Deaths,age-adjusted rate,2350.89893361345
2014,White,Hispanic or Latino,666,F,us,wonder,YLL,crude rate,3701.19214137069
2014,White,Hispanic or Latino,666,M,us,nvss,Deaths,age-adjusted rate,3019.02874589555
2014,White,Hispanic or Latino,666,M,us,nvss,YLL,crude rate,5756.96743555268
2014,White,Hispanic or Latino,666,M,us,wonder,Deaths,age-adjusted rate,2993.5896980405
2014,White,Hispanic or Latino,666,M,us,wonder,YLL,crude rate,5691.67435754384
2014,White,Not Hispanic or Latino,666,A,us,nvss,Deaths,age-adjusted rate,6997.01466787465
2014,White,Not Hispanic or Latino,666,A,us,nvss,YLL,crude rate,20839.7756312512
2014,White,Not Hispanic or Latino,666,A,us,wonder,Deaths,age-adjusted rate,6988.03482787996
2014,White,Not Hispanic or Latino,666,A,us,wonder,YLL,crude rate,20808.7674248239
2014,White,Not Hispanic or Latino,666,F,us,nvss,Deaths,age-adjusted rate,3073.38701771824
2014,White,Not Hispanic or Latino,666,F,us,nvss,YLL,crude rate,9181.78847668967
2014,White,Not Hispanic or Latino,666,F,us,wonder,Deaths,age-adjusted rate,3070.70327150944
2014,White,Not Hispanic or Latino,666,F,us,wonder,YLL,crude rate,9172.34998963961
2014,White,Not Hispanic or Latino,666,M,us,nvss,Deaths,age-adjusted rate,3923.6276501564
2014,White,Not Hispanic or Latino,666,M,us,nvss,YLL,crude rate,11657.9871545616
2014,White,Not Hispanic or Latino,666,M,us,wonder,Deaths,age-adjusted rate,3917.33155637051
2014,White,Not Hispanic or Latino,666,M,us,wonder,YLL,crude rate,11636.4174351843
2015,All,All Origins,1,A,us,nvss,YLL,crude rate,17720.5056044677
2015,All,All Origins,1,F,us,nvss,YLL,crude rate,8044.99521498099
2015,All,All Origins,1,M,us,nvss,YLL,crude rate,9675.51038948664
2015,All,All Origins,2,A,us,nvss,YLL,crude rate,18958.8614007817
2015,All,All Origins,2,F,us,nvss,YLL,crude rate,7938.32032873981
2015,All,All Origins,2,M,us,nvss,YLL,crude rate,11020.5410720419
2015,All,All Origins,3,A,us,nvss,YLL,crude rate,19113.4688995246
2015,All,All Origins,3,F,us,nvss,YLL,crude rate,8618.86354611001
2015,All,All Origins,3,M,us,nvss,YLL,crude rate,10494.6053534146
2015,All,All Origins,4,A,us,nvss,YLL,crude rate,8020.37592964714
2015,All,All Origins,4,F,us,nvss,YLL,crude rate,3472.33337831606
2015,All,All Origins,4,M,us,nvss,YLL,crude rate,4548.04255133108
2015,All,All Origins,5,A,us,nvss,YLL,crude rate,10508.2826065821
2015,All,All Origins,5,F,us,nvss,YLL,crude rate,5272.97585087442
2015,All,All Origins,5,M,us,nvss,YLL,crude rate,5235.30675570768
2015,All,All Origins,6,A,us,nvss,YLL,crude rate,6818.99177129719
2015,All,All Origins,6,F,us,nvss,YLL,crude rate,2881.86818001731
2015,All,All Origins,6,M,us,nvss,YLL,crude rate,3937.12359127988
2015,All,All Origins,7,A,us,nvss,YLL,crude rate,5925.71604193915
2015,All,All Origins,7,F,us,nvss,YLL,crude rate,2272.07465387093
2015,All,All Origins,7,M,us,nvss,YLL,crude rate,3653.64138806822
2015,American Indian or Alaska Native,All Origins,666,A,us,nvss,Deaths,age-adjusted rate,6311.74651702542
2015,American Indian or Alaska Native,All Origins,666,A,us,nvss,YLL,crude rate,13164.7164291888
2015,American Indian or Alaska Native,All Origins,666,A,us,wonder,Deaths,age-adjusted rate,6304.56271770961
2015,American Indian or Alaska Native,All Origins,666,A,us,wonder,YLL,crude rate,13148.1041370417
2015,American Indian or Alaska Native,All Origins,666,F,us,nvss,Deaths,age-adjusted rate,2846.55863532107
2015,American Indian or Alaska Native,All Origins,666,F,us,nvss,YLL,crude rate,5409.30965238041
2015,American Indian or Alaska Native,All Origins,666,F,us,wonder,Deaths,age-adjusted rate,2842.84789223758
2015,American Indian or Alaska Native,All Origins,666,F,us,wonder,YLL,crude rate,5401.15264877855
2015,American Indian or Alaska Native,All Origins,666,M,us,nvss,Deaths,age-adjusted rate,3465.18788170435
2015,American Indian or Alaska Native,All Origins,666,M,us,nvss,YLL,crude rate,7755.40677680836
2015,American Indian or Alaska Native,All Origins,666,M,us,wonder,Deaths,age-adjusted rate,3461.71482547203
2015,American Indian or Alaska Native,All Origins,666,M,us,wonder,YLL,crude rate,7746.95148826319
2015,Asian or Pacific Islander,All Origins,666,A,us,nvss,Deaths,age-adjusted rate,3625.32067542197
2015,Asian or Pacific Islander,All Origins,666,A,us,nvss,YLL,crude rate,7645.53334409274
2015,Asian or Pacific Islander,All Origins,666,A,us,wonder,Deaths,age-adjusted rate,3609.32214747083
2015,Asian or Pacific Islander,All Origins,666,A,us,wonder,YLL,crude rate,7610.96726056776
2015,Asian or Pacific Islander,All Origins,666,F,us,nvss,Deaths,age-adjusted rate,1647.87193280881
2015,Asian or Pacific Islander,All Origins,666,F,us,nvss,YLL,crude rate,3348.19943552719
2015,Asian or Pacific Islander,All Origins,666,F,us,wonder,Deaths,age-adjusted rate,1643.13398667053
2015,Asian or Pacific Islander,All Origins,666,F,us,wonder,YLL,crude rate,3338.25273316305
2015,Asian or Pacific Islander,All Origins,666,M,us,nvss,Deaths,age-adjusted rate,1977.44874261316
2015,Asian or Pacific Islander,All Origins,666,M,us,nvss,YLL,crude rate,4297.33390856556
2015,Asian or Pacific Islander,All Origins,666,M,us,wonder,Deaths,age-adjusted rate,1966.1881608003
2015,Asian or Pacific Islander,All Origins,666,M,us,wonder,YLL,crude rate,4272.7145274047
2015,Black or African American,All Origins,666,A,us,nvss,Deaths,age-adjusted rate,8779.66446446975
2015,Black or African American,All Origins,666,A,us,nvss,YLL,crude rate,20166.0570935608
2015,Black or African American,All Origins,666,A,us,wonder,Deaths,age-adjusted rate,8761.20203662925
2015,Black or African American,All Origins,666,A,us,wonder,YLL,crude rate,20116.4170023701
2015,Black or African American,All Origins,666,F,us,nvss,Deaths,age-adjusted rate,4075.40397383496
2015,Black or African American,All Origins,666,F,us,nvss,YLL,crude rate,8654.54293912986
2015,Black or African American,All Origins,666,F,us,wonder,Deaths,age-adjusted rate,4068.56561923293
2015,Black or African American,All Origins,666,F,us,wonder,YLL,crude rate,8637.29076411743
2015,Black or African American,All Origins,666,M,us,nvss,Deaths,age-adjusted rate,4704.2604906348
2015,Black or African American,All Origins,666,M,us,nvss,YLL,crude rate,11511.5141544309
2015,Black or African American,All Origins,666,M,us,wonder,Deaths,age-adjusted rate,4692.63641739633
2015,Black or African American,All Origins,666,M,us,wonder,YLL,crude rate,11479.1262382527
2015,White,Hispanic or Latino,666,A,us,nvss,Deaths,age-adjusted rate,5478.84276657704
2015,White,Hispanic or Latino,666,A,us,nvss,YLL,crude rate,9794.35526783555
2015,White,Hispanic or Latino,666,A,us,wonder,Deaths,age-adjusted rate,5435.60964587593
2015,White,Hispanic or Latino,666,A,us,wonder,YLL,crude rate,9702.54331520361
2015,White,Hispanic or Latino,666,F,us,nvss,Deaths,age-adjusted rate,2399.72163626174
2015,White,Hispanic or Latino,666,F,us,nvss,YLL,crude rate,3822.46746416705
2015,White,Hispanic or Latino,666,F,us,wonder,Deaths,age-adjusted rate,2381.82976946384
2015,White,Hispanic or Latino,666,F,us,wonder,YLL,crude rate,3796.24973878932
2015,White,Hispanic or Latino,666,M,us,nvss,Deaths,age-adjusted rate,3079.12113031531
2015,White,Hispanic or Latino,666,M,us,nvss,YLL,crude rate,5971.88780366849
2015,White,Hispanic or Latino,666,M,us,wonder,Deaths,age-adjusted rate,3053.77987641209
2015,White,Hispanic or Latino,666,M,us,wonder,YLL,crude rate,5906.2935764143
2015,White,Not Hispanic or Latino,666,A,us,nvss,Deaths,age-adjusted rate,7066.95193296647
2015,White,Not Hispanic or Latino,666,A,us,nvss,YLL,crude rate,21342.1290472948
2015,White,Not Hispanic or Latino,666,A,us,wonder,Deaths,age-adjusted rate,7056.89909298682
2015,White,Not Hispanic or Latino,666,A,us,wonder,YLL,crude rate,21306.5528116891
2015,White,Not Hispanic or Latino,666,F,us,nvss,Deaths,age-adjusted rate,3101.477065379
2015,White,Not Hispanic or Latino,666,F,us,nvss,YLL,crude rate,9401.68415268137
2015,White,Not Hispanic or Latino,666,F,us,wonder,Deaths,age-adjusted rate,3098.54054335051
2015,White,Not Hispanic or Latino,666,F,us,wonder,YLL,crude rate,9390.96256914424
2015,White,Not Hispanic or Latino,666,M,us,nvss,Deaths,age-adjusted rate,3965.47486758746
2015,White,Not Hispanic or Latino,666,M,us,nvss,YLL,crude rate,11940.4448946135
2015,White,Not Hispanic or Latino,666,M,us,wonder,Deaths,age-adjusted rate,3958.3585496363
2015,White,Not Hispanic or Latino,666,M,us,wonder,YLL,crude rate,11915.5902425449
2016,All,All Origins,1,A,us,nvss,YLL,crude rate,17858.8315624455
2016,All,All Origins,1,F,us,nvss,YLL,crude rate,8032.30669631943
2016,All,All Origins,1,M,us,nvss,YLL,crude rate,9826.5248661261
2016,All,All Origins,2,A,us,nvss,YLL,crude rate,20043.7584367224
2016,All,All Origins,2,F,us,nvss,YLL,crude rate,8292.62414337019
2016,All,All Origins,2,M,us,nvss,YLL,crude rate,11751.1342933522
2016,All,All Origins,3,A,us,nvss,YLL,crude rate,20159.2659144122
2016,All,All Origins,3,F,us,nvss,YLL,crude rate,8998.83716788399
2016,All,All Origins,3,M,us,nvss,YLL,crude rate,11160.4287465282
2016,All,All Origins,4,A,us,nvss,YLL,crude rate,8388.85371392748
2016,All,All Origins,4,F,us,nvss,YLL,crude rate,3606.46758649119
2016,All,All Origins,4,M,us,nvss,YLL,crude rate,4782.38612743628
2016,All,All Origins,5,A,us,nvss,YLL,crude rate,10939.1851227347
2016,All,All Origins,5,F,us,nvss,YLL,crude rate,5502.86188707318
2016,All,All Origins,5,M,us,nvss,YLL,crude rate,5436.32323566152
2016,All,All Origins,6,A,us,nvss,YLL,crude rate,7009.94664405265
2016,All,All Origins,6,F,us,nvss,YLL,crude rate,2953.49257362612
2016,All,All Origins,6,M,us,nvss,YLL,crude rate,4056.45407042653
2016,All,All Origins,7,A,us,nvss,YLL,crude rate,6114.18302374689
2016,All,All Origins,7,F,us,nvss,YLL,crude rate,2380.97817694287
2016,All,All Origins,7,M,us,nvss,YLL,crude rate,3733.20484680401
2016,American Indian or Alaska Native,All Origins,666,A,us,nvss,Deaths,age-adjusted rate,6282.38636919667
2016,American Indian or Alaska Native,All Origins,666,A,us,nvss,YLL,crude rate,13512.7628699535
2016,American Indian or Alaska Native,All Origins,666,A,us,wonder,Deaths,age-adjusted rate,6278.64792417354
2016,American Indian or Alaska Native,All Origins,666,A,us,wonder,YLL,crude rate,13501.5462433685
2016,American Indian or Alaska Native,All Origins,666,F,us,nvss,Deaths,age-adjusted rate,2814.95549398555
2016,American Indian or Alaska Native,All Origins,666,F,us,nvss,YLL,crude rate,5480.66426709091
2016,American Indian or Alaska Native,All Origins,666,F,us,wonder,Deaths,age-adjusted rate,2813.76163992634
2016,American Indian or Alaska Native,All Origins,666,F,us,wonder,YLL,crude rate,5477.1018509977
2016,American Indian or Alaska Native,All Origins,666,M,us,nvss,Deaths,age-adjusted rate,3467.43087521112
2016,American Indian or Alaska Native,All Origins,666,M,us,nvss,YLL,crude rate,8032.09860286261
2016,American Indian or Alaska Native,All Origins,666,M,us,wonder,Deaths,age-adjusted rate,3464.88628424721
2016,American Indian or Alaska Native,All Origins,666,M,us,wonder,YLL,crude rate,8024.44439237073
2016,Asian or Pacific Islander,All Origins,666,A,us,nvss,Deaths,age-adjusted rate,3563.87080481084
2016,Asian or Pacific Islander,All Origins,666,A,us,nvss,YLL,crude rate,7805.24026402129
2016,Asian or Pacific Islander,All Origins,666,A,us,wonder,Deaths,age-adjusted rate,3550.93723671338
2016,Asian or Pacific Islander,All Origins,666,A,us,wonder,YLL,crude rate,7777.90098187345
2016,Asian or Pacific Islander,All Origins,666,F,us,nvss,Deaths,age-adjusted rate,1604.59025207882
2016,Asian or Pacific Islander,All Origins,666,F,us,nvss,YLL,crude rate,3396.65879351252
2016,Asian or Pacific Islander,All Origins,666,F,us,wonder,Deaths,age-adjusted rate,1602.69993860063
2016,Asian or Pacific Islander,All Origins,666,F,us,wonder,YLL,crude rate,3392.88419392809
2016,Asian or Pacific Islander,All Origins,666,M,us,nvss,Deaths,age-adjusted rate,1959.28055273201
2016,Asian or Pacific Islander,All Origins,666,M,us,nvss,YLL,crude rate,4408.58147050877
2016,Asian or Pacific Islander,All Origins,666,M,us,wonder,Deaths,age-adjusted rate,1948.23729811274
2016,Asian or Pacific Islander,All Origins,666,M,us,wonder,YLL,crude rate,4385.01678794536
2016,Black or African American,All Origins,666,A,us,nvss,Deaths,age-adjusted rate,8853.14858245176
2016,Black or African American,All Origins,666,A,us,nvss,YLL,crude rate,20790.455682174
2016,Black or African American,All Origins,666,A,us,wonder,Deaths,age-adjusted rate,8834.77992130671
2016,Black or African American,All Origins,666,A,us,wonder,YLL,crude rate,20738.192571286
2016,Black or African American,All Origins,666,F,us,nvss,Deaths,age-adjusted rate,4095.50380455998
2016,Black or African American,All Origins,666,F,us,nvss,YLL,crude rate,8889.9287874211
2016,Black or African American,All Origins,666,F,us,wonder,Deaths,age-adjusted rate,4089.03648862931
2016,Black or African American,All Origins,666,F,us,wonder,YLL,crude rate,8872.41321161748
2016,Black or African American,All Origins,666,M,us,nvss,Deaths,age-adjusted rate,4757.64477789179
2016,Black or African American,All Origins,666,M,us,nvss,YLL,crude rate,11900.5268947529
2016,Black or African American,All Origins,666,M,us,wonder,Deaths,age-adjusted rate,4745.74343267741
2016,Black or African American,All Origins,666,M,us,wonder,YLL,crude rate,11865.7793596686
2016,White,Hispanic or Latino,666,A,us,nvss,Deaths,age-adjusted rate,5448.89900499327
2016,White,Hispanic or Latino,666,A,us,nvss,YLL,crude rate,10116.7643393763
2016,White,Hispanic or Latino,666,A,us,wonder,Deaths,age-adjusted rate,5404.4036419611
2016,White,Hispanic or Latino,666,A,us,wonder,YLL,crude rate,10013.8865769658
2016,White,Hispanic or Latino,666,F,us,nvss,Deaths,age-adjusted rate,2377.7105269083
2016,White,Hispanic or Latino,666,F,us,nvss,YLL,crude rate,3912.13819926672
2016,White,Hispanic or Latino,666,F,us,wonder,Deaths,age-adjusted rate,2360.66966841132
2016,White,Hispanic or Latino,666,F,us,wonder,YLL,crude rate,3883.14192476586
2016,White,Hispanic or Latino,666,M,us,nvss,Deaths,age-adjusted rate,3071.18847808497
2016,White,Hispanic or Latino,666,M,us,nvss,YLL,crude rate,6204.62614010959
2016,White,Hispanic or Latino,666,M,us,wonder,Deaths,age-adjusted rate,3043.73397354978
2016,White,Hispanic or Latino,666,M,us,wonder,YLL,crude rate,6130.74465219994
2016,White,Not Hispanic or Latino,666,A,us,nvss,Deaths,age-adjusted rate,7047.51747201328
2016,White,Not Hispanic or Latino,666,A,us,nvss,YLL,crude rate,21661.0156019677
2016,White,Not Hispanic or Latino,666,A,us,wonder,Deaths,age-adjusted rate,7036.92997195337
2016,White,Not Hispanic or Latino,666,A,us,wonder,YLL,crude rate,21623.1478437211
2016,White,Not Hispanic or Latino,666,F,us,nvss,Deaths,age-adjusted rate,3072.05013796935
2016,White,Not Hispanic or Latino,666,F,us,nvss,YLL,crude rate,9456.89131582841
2016,White,Not Hispanic or Latino,666,F,us,wonder,Deaths,age-adjusted rate,3069.12660093562
2016,White,Not Hispanic or Latino,666,F,us,wonder,YLL,crude rate,9446.30201895491
2016,White,Not Hispanic or Latino,666,M,us,nvss,Deaths,age-adjusted rate,3975.46733404392
2016,White,Not Hispanic or Latino,666,M,us,nvss,YLL,crude rate,12204.1242861393
2016,White,Not Hispanic or Latino,666,M,us,wonder,Deaths,age-adjusted rate,3967.80337101775
2016,White,Not Hispanic or Latino,666,M,us,wonder,YLL,crude rate,12176.8458247662
