Year,Race,Hispanic.Origin,nation,measure1,measure2,attr,mean,lower,upper,source
2000,American Indian or Alaska Native,All Origins,us,Deaths,age-adjusted rate,attributable,35.2134880436787,25.836934683294,48.1334447057215,wonder
2000,American Indian or Alaska Native,All Origins,us,YLL,crude rate,attributable,179.588429624527,132.503770230318,245.374158156143,wonder
2000,American Indian or Alaska Native,Hispanic or Latino,us,Deaths,age-adjusted rate,attributable,9.36343748651915,7.39695790910731,12.0156336330622,wonder
2000,American Indian or Alaska Native,Hispanic or Latino,us,YLL,crude rate,attributable,24.4159866466624,19.1374185048783,31.288453356418,wonder
2000,American Indian or Alaska Native,Not Hispanic or Latino,us,Deaths,age-adjusted rate,attributable,0.00749645958125157,0.00494164089373866,0.0112253903022516,wonder
2000,American Indian or Alaska Native,Not Hispanic or Latino,us,YLL,crude rate,attributable,0.795571528875574,0.524125467308056,1.19145804851763,wonder
2000,Asian or Pacific Islander,All Origins,us,Deaths,age-adjusted rate,attributable,34.3280426076745,27.0872029674058,43.471514656661,wonder
2000,Asian or Pacific Islander,All Origins,us,YLL,crude rate,attributable,197.325339222154,158.769007233768,249.58791382789,wonder
2000,Asian or Pacific Islander,Hispanic or Latino,us,Deaths,age-adjusted rate,attributable,26.3203448097706,20.7490207932764,33.8303502372116,wonder
2000,Asian or Pacific Islander,Hispanic or Latino,us,YLL,crude rate,attributable,75.3039812201076,59.3533324961982,96.5957620906079,wonder
2000,Black or African American,All Origins,us,Deaths,age-adjusted rate,attributable,90.1006178294536,72.1749148383253,112.932505191495,wonder
2000,Black or African American,All Origins,us,YLL,crude rate,attributable,589.322386398211,477.719985323083,738.519338808856,wonder
2000,Black or African American,Hispanic or Latino,us,Deaths,age-adjusted rate,attributable,17.7423228555699,14.052765275738,22.3713758175064,wonder
2000,Black or African American,Hispanic or Latino,us,YLL,crude rate,attributable,65.0782284294792,52.0206990525982,81.0477740003971,wonder
2000,Black or African American,Not Hispanic or Latino,us,Deaths,age-adjusted rate,attributable,395.948686862768,313.564697129124,495.08085217176,wonder
2000,Black or African American,Not Hispanic or Latino,us,YLL,crude rate,attributable,627.016047602854,506.63986019702,786.718384898662,wonder
2000,White,All Origins,us,Deaths,age-adjusted rate,attributable,57.5513156559001,44.0727762533659,74.9326199946655,wonder
2000,White,All Origins,us,YLL,crude rate,attributable,486.041720634054,375.078680441825,637.856085583029,wonder
2000,White,Hispanic or Latino,us,Deaths,age-adjusted rate,attributable,40.8476123408804,31.3810158864363,53.0029447990351,wonder
2000,White,Hispanic or Latino,us,YLL,crude rate,attributable,169.369980771988,132.703649640022,216.69908607551,wonder
2000,White,Not Hispanic or Latino,us,Deaths,age-adjusted rate,attributable,58.514769201048,44.7825544560249,76.2743899589409,wonder
2000,White,Not Hispanic or Latino,us,YLL,crude rate,attributable,537.164389866809,414.181517491496,705.879008790515,wonder
2001,American Indian or Alaska Native,All Origins,us,Deaths,age-adjusted rate,attributable,33.2446798000706,23.9784202119793,46.2300300909928,wonder
2001,American Indian or Alaska Native,All Origins,us,YLL,crude rate,attributable,172.345827677522,126.044633732843,237.794316272861,wonder
2001,American Indian or Alaska Native,Hispanic or Latino,us,Deaths,age-adjusted rate,attributable,5.60513493904942,4.23889955961922,7.35299342964326,wonder
2001,American Indian or Alaska Native,Hispanic or Latino,us,YLL,crude rate,attributable,28.8070673612119,23.2890155229898,36.5917236304745,wonder
2001,American Indian or Alaska Native,Not Hispanic or Latino,us,Deaths,age-adjusted rate,attributable,154.776808301063,108.973199840608,220.899105518408,wonder
2001,American Indian or Alaska Native,Not Hispanic or Latino,us,YLL,crude rate,attributable,209.266996709189,149.421885426452,294.91568916457,wonder
2001,Asian or Pacific Islander,All Origins,us,Deaths,age-adjusted rate,attributable,34.2957817429109,27.1584582419309,43.3606098440856,wonder
2001,Asian or Pacific Islander,All Origins,us,YLL,crude rate,attributable,200.30957993222,161.384955254675,252.540698002597,wonder
2001,Asian or Pacific Islander,Hispanic or Latino,us,Deaths,age-adjusted rate,attributable,17.0209434036225,13.3567489010636,22.0676512446535,wonder
2001,Asian or Pacific Islander,Hispanic or Latino,us,YLL,crude rate,attributable,63.3048853856992,50.0976956753135,81.3399016469457,wonder
2001,Asian or Pacific Islander,Not Hispanic or Latino,us,Deaths,age-adjusted rate,attributable,149.995072614136,117.571098493859,189.435875399265,wonder
2001,Asian or Pacific Islander,Not Hispanic or Latino,us,YLL,crude rate,attributable,212.179740098969,171.394081651022,268.323063302202,wonder
2001,Black or African American,All Origins,us,Deaths,age-adjusted rate,attributable,83.4053548296903,66.1442888654821,105.556021302982,wonder
2001,Black or African American,All Origins,us,YLL,crude rate,attributable,549.373204863463,440.245216414681,696.830071305701,wonder
2001,Black or African American,Hispanic or Latino,us,Deaths,age-adjusted rate,attributable,17.3951396273295,13.629318159553,22.153854895633,wonder
2001,Black or African American,Hispanic or Latino,us,YLL,crude rate,attributable,64.092910959092,51.2960027152796,80.7221144085754,wonder
2001,Black or African American,Not Hispanic or Latino,us,Deaths,age-adjusted rate,attributable,365.289766530753,285.475814832748,462.198382576221,wonder
2001,Black or African American,Not Hispanic or Latino,us,YLL,crude rate,attributable,584.770999642768,467.090205203308,741.447255346507,wonder
2001,White,All Origins,us,Deaths,age-adjusted rate,attributable,53.2098827689257,40.2508388006724,70.0639245765301,wonder
2001,White,All Origins,us,YLL,crude rate,attributable,453.531904767921,346.300710023852,602.482589417712,wonder
2001,White,Hispanic or Latino,us,Deaths,age-adjusted rate,attributable,39.9894329737756,30.59263601598,51.9443176799594,wonder
2001,White,Hispanic or Latino,us,YLL,crude rate,attributable,167.681191815626,130.522011903741,215.831415174788,wonder
2001,White,Not Hispanic or Latino,us,Deaths,age-adjusted rate,attributable,54.0154445654973,40.8171033753988,71.2327793084229,wonder
2001,White,Not Hispanic or Latino,us,YLL,crude rate,attributable,501.68711346345,382.620446780765,667.638777204543,wonder
2002,American Indian or Alaska Native,All Origins,us,Deaths,age-adjusted rate,attributable,32.4804148628092,23.4234891899315,45.3906244529834,wonder
2002,American Indian or Alaska Native,All Origins,us,YLL,crude rate,attributable,163.526798048428,119.338845944381,226.488089509315,wonder
2002,American Indian or Alaska Native,Hispanic or Latino,us,Deaths,age-adjusted rate,attributable,5.37895179821296,4.14893449555131,6.87808519320981,wonder
2002,American Indian or Alaska Native,Hispanic or Latino,us,YLL,crude rate,attributable,18.4594878014839,14.6842796037556,23.7296670627706,wonder
2002,American Indian or Alaska Native,Not Hispanic or Latino,us,Deaths,age-adjusted rate,attributable,151.111952113001,104.153718718484,218.237523200781,wonder
2002,American Indian or Alaska Native,Not Hispanic or Latino,us,YLL,crude rate,attributable,204.269207501715,145.013160834287,289.622914960489,wonder
2002,Asian or Pacific Islander,All Origins,us,Deaths,age-adjusted rate,attributable,31.9014142787577,25.1362871847778,40.3463640058871,wonder
2002,Asian or Pacific Islander,All Origins,us,YLL,crude rate,attributable,188.425818247245,150.879700662572,238.692143501875,wonder
2002,Asian or Pacific Islander,Hispanic or Latino,us,Deaths,age-adjusted rate,attributable,21.6318770546162,16.7450841600162,28.8068623673584,wonder
2002,Asian or Pacific Islander,Hispanic or Latino,us,YLL,crude rate,attributable,75.0426631686633,58.4775226778723,97.8036851562479,wonder
2002,Asian or Pacific Islander,Not Hispanic or Latino,us,Deaths,age-adjusted rate,attributable,139.428373251493,108.857918800422,176.383874459421,wonder
2002,Asian or Pacific Islander,Not Hispanic or Latino,us,YLL,crude rate,attributable,199.487754751796,160.50214320385,253.561369206858,wonder
2002,Black or African American,All Origins,us,Deaths,age-adjusted rate,attributable,77.6418108089831,60.8158925126296,99.1655334312253,wonder
2002,Black or African American,All Origins,us,YLL,crude rate,attributable,517.133458763003,408.447276255463,663.244818243671,wonder
2002,Black or African American,Hispanic or Latino,us,Deaths,age-adjusted rate,attributable,17.0512230043573,13.1690333180805,21.98201506469,wonder
2002,Black or African American,Hispanic or Latino,us,YLL,crude rate,attributable,63.4716315010706,50.1816891655626,80.500587376324,wonder
2002,Black or African American,Not Hispanic or Latino,us,Deaths,age-adjusted rate,attributable,339.95721800034,262.571697074662,434.873459933847,wonder
2002,Black or African American,Not Hispanic or Latino,us,YLL,crude rate,attributable,551.026848346119,434.072746277235,706.115991109123,wonder
2002,White,All Origins,us,Deaths,age-adjusted rate,attributable,50.4675856161981,37.8472068952319,67.0718990053346,wonder
2002,White,All Origins,us,YLL,crude rate,attributable,435.090716049829,328.933580851793,583.275183452157,wonder
2002,White,Hispanic or Latino,us,Deaths,age-adjusted rate,attributable,38.759822669543,29.5984889785724,50.7038753708092,wonder
2002,White,Hispanic or Latino,us,YLL,crude rate,attributable,164.619582909097,127.650243704947,212.867192320859,wonder
2002,White,Not Hispanic or Latino,us,Deaths,age-adjusted rate,attributable,51.1820630387323,38.3365259120045,68.1461025896187,wonder
2002,White,Not Hispanic or Latino,us,YLL,crude rate,attributable,482.276140127171,364.023843002085,647.888349671288,wonder
2003,American Indian or Alaska Native,All Origins,us,Deaths,age-adjusted rate,attributable,31.692847090006,22.4950783317086,44.9062705734263,wonder
2003,American Indian or Alaska Native,All Origins,us,YLL,crude rate,attributable,170.948658171134,122.16745950597,240.17997756585,wonder
2003,American Indian or Alaska Native,Hispanic or Latino,us,Deaths,age-adjusted rate,attributable,6.28227923800878,4.86260786940095,8.08821666147283,wonder
2003,American Indian or Alaska Native,Hispanic or Latino,us,YLL,crude rate,attributable,21.2014636851252,16.7846419121837,27.3148169881334,wonder
2003,American Indian or Alaska Native,Not Hispanic or Latino,us,Deaths,age-adjusted rate,attributable,150.790687938538,102.841226052629,219.221379037374,wonder
2003,American Indian or Alaska Native,Not Hispanic or Latino,us,YLL,crude rate,attributable,219.216069304443,152.75281221929,315.434714211334,wonder
2003,Asian or Pacific Islander,All Origins,us,Deaths,age-adjusted rate,attributable,28.6706112359482,22.0505967102813,37.2046652517883,wonder
2003,Asian or Pacific Islander,All Origins,us,YLL,crude rate,attributable,177.440118468178,139.528302610653,230.158339137996,wonder
2003,Asian or Pacific Islander,Hispanic or Latino,us,Deaths,age-adjusted rate,attributable,19.8443191070218,15.0185071130608,26.2264156703068,wonder
2003,Asian or Pacific Islander,Hispanic or Latino,us,YLL,crude rate,attributable,68.6879932793071,52.5353879521059,90.2345707513533,wonder
2003,Asian or Pacific Islander,Not Hispanic or Latino,us,Deaths,age-adjusted rate,attributable,124.9512442856,95.3511889881756,162.19675339524,wonder
2003,Asian or Pacific Islander,Not Hispanic or Latino,us,YLL,crude rate,attributable,187.759177536113,147.564963083438,244.015503620045,wonder
2003,Black or African American,All Origins,us,Deaths,age-adjusted rate,attributable,74.0546962325672,57.7709905843893,94.9123509061879,wonder
2003,Black or African American,All Origins,us,YLL,crude rate,attributable,503.665893579344,395.712160161449,648.289586654698,wonder
2003,Black or African American,Hispanic or Latino,us,Deaths,age-adjusted rate,attributable,15.5743453665322,12.1377546993413,19.898305640864,wonder
2003,Black or African American,Hispanic or Latino,us,YLL,crude rate,attributable,54.966226636175,42.3661682267331,69.2935029535313,wonder
2003,Black or African American,Not Hispanic or Latino,us,Deaths,age-adjusted rate,attributable,324.329094405737,249.415732790009,416.83710502086,wonder
2003,Black or African American,Not Hispanic or Latino,us,YLL,crude rate,attributable,538.152321092004,421.466290042809,692.086511812443,wonder
2003,White,All Origins,us,Deaths,age-adjusted rate,attributable,47.255235878544,35.0946413990053,63.3836707734588,wonder
2003,White,All Origins,us,YLL,crude rate,attributable,412.620582836761,309.088998021778,558.196602123053,wonder
2003,White,Hispanic or Latino,us,Deaths,age-adjusted rate,attributable,35.3516396384621,26.6388764819438,46.5653442472715,wonder
2003,White,Hispanic or Latino,us,YLL,crude rate,attributable,153.203859949583,117.454278171067,199.958152384939,wonder
2003,White,Not Hispanic or Latino,us,Deaths,age-adjusted rate,attributable,48.0515911302618,35.6416676788927,64.5676180692813,wonder
2003,White,Not Hispanic or Latino,us,YLL,crude rate,attributable,459.465961560465,343.650125169854,622.921847858478,wonder
2000,American Indian or Alaska Native,All Origins,us,Deaths,age-adjusted rate,attributable,33.9741109637174,24.7476641771042,46.3762722170338,nvss
2000,American Indian or Alaska Native,All Origins,us,YLL,crude rate,attributable,168.774307398337,123.687522911628,232.432467779244,nvss
2000,American Indian or Alaska Native,Hispanic or Latino,us,Deaths,age-adjusted rate,attributable,8.93525011417941,7.0334525776986,11.4357147209384,nvss
2000,American Indian or Alaska Native,Hispanic or Latino,us,YLL,crude rate,attributable,22.4540707352781,17.8635682201702,28.6954452697926,nvss
2000,American Indian or Alaska Native,Not Hispanic or Latino,us,Deaths,age-adjusted rate,attributable,0.0048980754361979,0.00342808967915589,0.00723207039325938,nvss
2000,American Indian or Alaska Native,Not Hispanic or Latino,us,YLL,crude rate,attributable,0.517151634529543,0.361946687833269,0.763580935741981,nvss
2000,Asian or Pacific Islander,All Origins,us,Deaths,age-adjusted rate,attributable,32.9707322813586,26.0732859195123,41.708380329049,nvss
2000,Asian or Pacific Islander,All Origins,us,YLL,crude rate,attributable,187.986355354444,149.425998897064,239.930525956925,nvss
2000,Asian or Pacific Islander,Hispanic or Latino,us,Deaths,age-adjusted rate,attributable,25.0587127534763,19.6436872693412,32.1432940224255,nvss
2000,Asian or Pacific Islander,Hispanic or Latino,us,YLL,crude rate,attributable,68.1948565202808,53.5510565278316,88.1178308300369,nvss
2000,Black or African American,All Origins,us,Deaths,age-adjusted rate,attributable,87.4833676490169,69.6671510388649,109.681075785573,nvss
2000,Black or African American,All Origins,us,YLL,crude rate,attributable,562.023246615255,451.450559484053,709.529926829644,nvss
2000,Black or African American,Hispanic or Latino,us,Deaths,age-adjusted rate,attributable,17.0235616241742,13.4039543822812,21.4391203748196,nvss
2000,Black or African American,Hispanic or Latino,us,YLL,crude rate,attributable,63.2871916003811,50.5412010071546,79.540226509161,nvss
2000,Black or African American,Not Hispanic or Latino,us,Deaths,age-adjusted rate,attributable,385.859166184359,303.510243886273,485.558376909996,nvss
2000,Black or African American,Not Hispanic or Latino,us,YLL,crude rate,attributable,598.398405864212,479.034949123947,757.038265878036,nvss
2000,White,All Origins,us,Deaths,age-adjusted rate,attributable,55.8139454661399,42.3214322797136,73.0556208722308,nvss
2000,White,All Origins,us,YLL,crude rate,attributable,468.338346942021,358.366361917819,619.340650002501,nvss
2000,White,Hispanic or Latino,us,Deaths,age-adjusted rate,attributable,39.3488839528678,30.0608072686685,50.7900297377141,nvss
2000,White,Hispanic or Latino,us,YLL,crude rate,attributable,157.085299183013,120.952172259958,203.159989276525,nvss
2000,White,Not Hispanic or Latino,us,Deaths,age-adjusted rate,attributable,56.7767985740205,43.0324447496019,74.4073744004308,nvss
2000,White,Not Hispanic or Latino,us,YLL,crude rate,attributable,518.599720457615,396.673972583707,686.59071038847,nvss
2001,American Indian or Alaska Native,All Origins,us,Deaths,age-adjusted rate,attributable,31.5694030302905,22.756999255365,43.8737767622149,nvss
2001,American Indian or Alaska Native,All Origins,us,YLL,crude rate,attributable,158.899267833338,114.581068049058,220.332361471314,nvss
2001,American Indian or Alaska Native,Hispanic or Latino,us,Deaths,age-adjusted rate,attributable,5.30223150761593,4.06860233066553,6.94148017624563,nvss
2001,American Indian or Alaska Native,Hispanic or Latino,us,YLL,crude rate,attributable,17.2566973052866,13.1412383451542,22.3706312761301,nvss
2001,American Indian or Alaska Native,Not Hispanic or Latino,us,Deaths,age-adjusted rate,attributable,147.629876302004,103.708807232755,211.592734810839,nvss
2001,American Indian or Alaska Native,Not Hispanic or Latino,us,YLL,crude rate,attributable,195.200029600287,138.205065116732,275.151904768432,nvss
2001,Asian or Pacific Islander,All Origins,us,Deaths,age-adjusted rate,attributable,32.6585647449034,25.8996029026778,41.3422376732652,nvss
2001,Asian or Pacific Islander,All Origins,us,YLL,crude rate,attributable,188.590847815123,150.172272311235,240.08575436219,nvss
2001,Asian or Pacific Islander,Hispanic or Latino,us,Deaths,age-adjusted rate,attributable,17.349628821686,13.5181911818575,22.6787167571129,nvss
2001,Asian or Pacific Islander,Hispanic or Latino,us,YLL,crude rate,attributable,57.2649833410742,44.8247692776529,74.2849664437758,nvss
2001,Asian or Pacific Islander,Not Hispanic or Latino,us,Deaths,age-adjusted rate,attributable,143.80943411614,112.787902379681,182.815583698935,nvss
2001,Asian or Pacific Islander,Not Hispanic or Latino,us,YLL,crude rate,attributable,199.828914256078,159.630336672686,255.121889838567,nvss
2001,Black or African American,All Origins,us,Deaths,age-adjusted rate,attributable,81.3960493971392,64.1006277343515,103.017131733897,nvss
2001,Black or African American,All Origins,us,YLL,crude rate,attributable,525.319531278682,417.221253289876,670.97763227338,nvss
2001,Black or African American,Hispanic or Latino,us,Deaths,age-adjusted rate,attributable,16.9579211796686,13.155772301205,21.401822331949,nvss
2001,Black or African American,Hispanic or Latino,us,YLL,crude rate,attributable,58.4392812032263,46.1779643909717,74.5971053862081,nvss
2001,Black or African American,Not Hispanic or Latino,us,Deaths,age-adjusted rate,attributable,357.341091325267,278.092766115999,454.810271126971,nvss
2001,Black or African American,Not Hispanic or Latino,us,YLL,crude rate,attributable,559.655031401409,443.01339186697,715.340029826312,nvss
2001,White,All Origins,us,Deaths,age-adjusted rate,attributable,51.6483574167223,38.6902444573507,68.3910059290064,nvss
2001,White,All Origins,us,YLL,crude rate,attributable,437.769159598812,331.550715118683,585.991290337793,nvss
2001,White,Hispanic or Latino,us,Deaths,age-adjusted rate,attributable,38.4891273680434,29.28250549471,49.7251389278115,nvss
2001,White,Hispanic or Latino,us,YLL,crude rate,attributable,156.563893070274,120.177507355494,203.735557382769,nvss
2001,White,Not Hispanic or Latino,us,Deaths,age-adjusted rate,attributable,52.4571568009592,39.2624216602028,69.5788248836692,nvss
2001,White,Not Hispanic or Latino,us,YLL,crude rate,attributable,485.10207591812,367.084818733806,650.376004927631,nvss
2002,American Indian or Alaska Native,All Origins,us,Deaths,age-adjusted rate,attributable,31.1048264732749,22.1950667574779,43.4742249205706,nvss
2002,American Indian or Alaska Native,All Origins,us,YLL,crude rate,attributable,155.264460552433,112.225741603479,215.059499674497,nvss
2002,American Indian or Alaska Native,Hispanic or Latino,us,Deaths,age-adjusted rate,attributable,4.80917937695874,3.77800542852862,6.09636240530524,nvss
2002,American Indian or Alaska Native,Hispanic or Latino,us,YLL,crude rate,attributable,17.7768020056919,14.1187734028868,22.7916779125412,nvss
2002,American Indian or Alaska Native,Not Hispanic or Latino,us,Deaths,age-adjusted rate,attributable,146.084157404721,101.605179255736,211.608041148995,nvss
2002,American Indian or Alaska Native,Not Hispanic or Latino,us,YLL,crude rate,attributable,194.223807410089,136.713107100629,275.06590229487,nvss
2002,Asian or Pacific Islander,All Origins,us,Deaths,age-adjusted rate,attributable,30.4126809839265,24.0557958854412,38.5154803244843,nvss
2002,Asian or Pacific Islander,All Origins,us,YLL,crude rate,attributable,179.179862663803,142.05446622016,229.110781232651,nvss
2002,Asian or Pacific Islander,Hispanic or Latino,us,Deaths,age-adjusted rate,attributable,19.9648833314249,15.2669241492929,26.7448549339903,nvss
2002,Asian or Pacific Islander,Hispanic or Latino,us,YLL,crude rate,attributable,68.5879153699869,52.8602090829223,89.9380756805009,nvss
2002,Asian or Pacific Islander,Not Hispanic or Latino,us,Deaths,age-adjusted rate,attributable,134.278235201981,104.862517321392,171.217278082329,nvss
2002,Asian or Pacific Islander,Not Hispanic or Latino,us,YLL,crude rate,attributable,189.852272244298,151.208069785789,243.495260463985,nvss
2002,Black or African American,All Origins,us,Deaths,age-adjusted rate,attributable,75.7378017411497,58.9714512088726,96.7098815621287,nvss
2002,Black or African American,All Origins,us,YLL,crude rate,attributable,495.687450326131,387.964222955426,640.905436206912,nvss
2002,Black or African American,Hispanic or Latino,us,Deaths,age-adjusted rate,attributable,16.3146142461965,12.4478530584412,20.976212142237,nvss
2002,Black or African American,Hispanic or Latino,us,YLL,crude rate,attributable,59.1344806460477,46.4982390245702,75.655917022525,nvss
2002,Black or African American,Not Hispanic or Latino,us,Deaths,age-adjusted rate,attributable,332.493495283913,255.734573719863,427.949935421216,nvss
2002,Black or African American,Not Hispanic or Latino,us,YLL,crude rate,attributable,528.627648736312,412.661833664502,682.92974729784,nvss
2002,White,All Origins,us,Deaths,age-adjusted rate,attributable,48.863457171867,36.2655072036669,65.3104458119031,nvss
2002,White,All Origins,us,YLL,crude rate,attributable,419.143912855772,314.172468921179,566.418250746793,nvss
2002,White,Hispanic or Latino,us,Deaths,age-adjusted rate,attributable,37.2063118427768,28.1294931656596,48.3955037205529,nvss
2002,White,Hispanic or Latino,us,YLL,crude rate,attributable,153.760008183731,117.534278032927,200.99006801199,nvss
2002,White,Not Hispanic or Latino,us,Deaths,age-adjusted rate,attributable,49.5834032080939,36.7623719742252,66.4055782253528,nvss
2002,White,Not Hispanic or Latino,us,YLL,crude rate,attributable,465.406308906607,348.409138773227,630.14069663427,nvss
2003,American Indian or Alaska Native,All Origins,us,Deaths,age-adjusted rate,attributable,18.6772201815463,12.9167407368191,26.8813866383364,nvss
2003,American Indian or Alaska Native,All Origins,us,YLL,crude rate,attributable,119.780640854037,84.6241391323522,170.340666296687,nvss
2003,American Indian or Alaska Native,Hispanic or Latino,us,Deaths,age-adjusted rate,attributable,3.6573996234148,2.68247144904413,4.98007186087055,nvss
2003,American Indian or Alaska Native,Hispanic or Latino,us,YLL,crude rate,attributable,14.5477404553408,11.3589101542853,19.0522122196687,nvss
2003,American Indian or Alaska Native,Not Hispanic or Latino,us,Deaths,age-adjusted rate,attributable,0.013358411391291,0.00641974959926175,0.0222503301555229,nvss
2003,American Indian or Alaska Native,Not Hispanic or Latino,us,YLL,crude rate,attributable,1.14795685990253,0.576353275005082,1.89926991383295,nvss
2003,Asian or Pacific Islander,All Origins,us,Deaths,age-adjusted rate,attributable,18.3096204795382,13.980715258382,24.3093306982801,nvss
2003,Asian or Pacific Islander,All Origins,us,YLL,crude rate,attributable,128.827777134386,100.970730319495,167.842407685744,nvss
2003,Asian or Pacific Islander,Hispanic or Latino,us,Deaths,age-adjusted rate,attributable,12.312348402772,9.24219781458861,16.6011491268123,nvss
2003,Asian or Pacific Islander,Hispanic or Latino,us,YLL,crude rate,attributable,53.289649459887,40.0938860239932,71.0688122801871,nvss
2003,Asian or Pacific Islander,Not Hispanic or Latino,us,Deaths,age-adjusted rate,attributable,0.0226230720426822,0.0166750323074536,0.0299895733465173,nvss
2003,Asian or Pacific Islander,Not Hispanic or Latino,us,YLL,crude rate,attributable,1.96452050609824,1.5132769439664,2.56499024064543,nvss
2003,Black or African American,All Origins,us,Deaths,age-adjusted rate,attributable,43.9271827833859,33.6725552155747,57.559839443346,nvss
2003,Black or African American,All Origins,us,YLL,crude rate,attributable,367.651673078393,287.504177069666,476.134606659633,nvss
2003,Black or African American,Hispanic or Latino,us,Deaths,age-adjusted rate,attributable,9.36547747807827,7.046861199397,12.5704246913375,nvss
2003,Black or African American,Hispanic or Latino,us,YLL,crude rate,attributable,39.0967594837342,30.6689182410504,50.6648379745886,nvss
2003,Black or African American,Not Hispanic or Latino,us,Deaths,age-adjusted rate,attributable,0.044036367503936,0.0346780577734004,0.0560511340323695,nvss
2003,Black or African American,Not Hispanic or Latino,us,YLL,crude rate,attributable,4.48793390525062,3.48179169071696,5.7654638737415,nvss
2003,White,All Origins,us,Deaths,age-adjusted rate,attributable,29.4247300355662,21.7444117862224,40.0869778927175,nvss
2003,White,All Origins,us,YLL,crude rate,attributable,303.028126004506,226.484092825212,410.412511701793,nvss
2003,White,Hispanic or Latino,us,Deaths,age-adjusted rate,attributable,22.4658776715456,16.485363677739,30.3834255174204,nvss
2003,White,Hispanic or Latino,us,YLL,crude rate,attributable,110.509368253172,84.6378424582918,146.65172955507,nvss
2003,White,Not Hispanic or Latino,us,Deaths,age-adjusted rate,attributable,29.8746701397039,22.0813538877021,40.7171369352205,nvss
2003,White,Not Hispanic or Latino,us,YLL,crude rate,attributable,337.796769965424,252.07427627788,458.247137426831,nvss
2000,American Indian or Alaska Native,All Origins,us,Deaths,prop. of overall burden,attributable,1.96163663287176,1.4392972798661,2.68136823832764,wonder
2000,American Indian or Alaska Native,All Origins,us,YLL,prop. of overall burden,attributable,1.42670444394913,1.05264976269825,1.94932603733751,wonder
2000,American Indian or Alaska Native,Hispanic or Latino,us,Deaths,prop. of overall burden,attributable,3.34629343020953,2.64351544936558,4.29413193007475,wonder
2000,American Indian or Alaska Native,Hispanic or Latino,us,YLL,prop. of overall burden,attributable,1.35744640520678,1.06397584215324,1.73953234607275,wonder
2000,American Indian or Alaska Native,Not Hispanic or Latino,us,Deaths,prop. of overall burden,attributable,0.0239279336129345,0.0157732132032118,0.0358302997595448,wonder
2000,American Indian or Alaska Native,Not Hispanic or Latino,us,YLL,prop. of overall burden,attributable,0.0441056794130912,0.0290569848144241,0.0660532269126547,wonder
2000,Asian or Pacific Islander,All Origins,us,Deaths,prop. of overall burden,attributable,3.00242031974691,2.36911756151998,3.80213228080051,wonder
2000,Asian or Pacific Islander,All Origins,us,YLL,prop. of overall burden,attributable,2.60799416858741,2.09840584412684,3.2987340925344,wonder
2000,Asian or Pacific Islander,Hispanic or Latino,us,Deaths,prop. of overall burden,attributable,2.89590695388882,2.28291969713586,3.72219844430257,wonder
2000,Asian or Pacific Islander,Hispanic or Latino,us,YLL,prop. of overall burden,attributable,1.73083498777749,1.36421505026854,2.22021893117135,wonder
2000,Black or African American,All Origins,us,Deaths,prop. of overall burden,attributable,3.21191423297975,2.57289729879674,4.02582723103201,wonder
2000,Black or African American,All Origins,us,YLL,prop. of overall burden,attributable,2.58590427320943,2.09620095885816,3.24056977666414,wonder
2000,Black or African American,Hispanic or Latino,us,Deaths,prop. of overall burden,attributable,3.04422151333182,2.41116852186995,3.83847279191542,wonder
2000,Black or African American,Hispanic or Latino,us,YLL,prop. of overall burden,attributable,1.81520644125198,1.45099690445681,2.26063992467278,wonder
2000,Black or African American,Not Hispanic or Latino,us,Deaths,prop. of overall burden,attributable,3.34563930445479,2.64952103646768,4.18327427988892,wonder
2000,Black or African American,Not Hispanic or Latino,us,YLL,prop. of overall burden,attributable,2.63152222134333,2.12631567473245,3.3017765968112,wonder
2000,White,All Origins,us,Deaths,prop. of overall burden,attributable,2.90498465030295,2.2246361712695,3.78233074970843,wonder
2000,White,All Origins,us,YLL,prop. of overall burden,attributable,2.647425415809,2.04301974372571,3.47434456942921,wonder
2000,White,Hispanic or Latino,us,Deaths,prop. of overall burden,attributable,2.51268214415745,1.93035807393951,3.26039994389126,wonder
2000,White,Hispanic or Latino,us,YLL,prop. of overall burden,attributable,1.6874283827392,1.32212275088531,2.15896693552638,wonder
2000,White,Not Hispanic or Latino,us,Deaths,prop. of overall burden,attributable,2.93187398328758,2.2438233647246,3.82171719319958,wonder
2000,White,Not Hispanic or Latino,us,YLL,prop. of overall burden,attributable,2.73080601625504,2.10559262885588,3.58850787639001,wonder
2001,American Indian or Alaska Native,All Origins,us,Deaths,prop. of overall burden,attributable,1.84155209328569,1.32825794083781,2.56086114225553,wonder
2001,American Indian or Alaska Native,All Origins,us,YLL,prop. of overall burden,attributable,1.32574427246356,0.969579324883636,1.82919689482131,wonder
2001,American Indian or Alaska Native,Hispanic or Latino,us,Deaths,prop. of overall burden,attributable,2.15848332571022,1.63235927739327,2.831566748085,wonder
2001,American Indian or Alaska Native,Hispanic or Latino,us,YLL,prop. of overall burden,attributable,1.49371418816653,1.20759022356995,1.89736692287892,wonder
2001,American Indian or Alaska Native,Not Hispanic or Latino,us,Deaths,prop. of overall burden,attributable,1.79973730050174,1.26713513904929,2.5686041998982,wonder
2001,American Indian or Alaska Native,Not Hispanic or Latino,us,YLL,prop. of overall burden,attributable,1.26267410903409,0.901580989921831,1.7794607411198,wonder
2001,Asian or Pacific Islander,All Origins,us,Deaths,prop. of overall burden,attributable,3.00370432234651,2.37860093177252,3.79762304835586,wonder
2001,Asian or Pacific Islander,All Origins,us,YLL,prop. of overall burden,attributable,2.61523601941368,2.10703725761047,3.29716396992967,wonder
2001,Asian or Pacific Islander,Hispanic or Latino,us,Deaths,prop. of overall burden,attributable,2.28086104477845,1.78984722120865,2.95713609287807,wonder
2001,Asian or Pacific Islander,Hispanic or Latino,us,YLL,prop. of overall burden,attributable,1.78749975155302,1.4145767428122,2.2967430254302,wonder
2001,Asian or Pacific Islander,Not Hispanic or Latino,us,Deaths,prop. of overall burden,attributable,3.17943804305859,2.49214868729184,4.01546276465996,wonder
2001,Asian or Pacific Islander,Not Hispanic or Latino,us,YLL,prop. of overall burden,attributable,2.66730716653775,2.15459148963369,3.37308373249724,wonder
2001,Black or African American,All Origins,us,Deaths,prop. of overall burden,attributable,3.0090452930587,2.38631154414253,3.80818293626726,wonder
2001,Black or African American,All Origins,us,YLL,prop. of overall burden,attributable,2.43431557485625,1.95076093552937,3.08770846592208,wonder
2001,Black or African American,Hispanic or Latino,us,Deaths,prop. of overall burden,attributable,2.94183195619839,2.30496360259015,3.74661656538601,wonder
2001,Black or African American,Hispanic or Latino,us,YLL,prop. of overall burden,attributable,1.7870830848214,1.43027079593776,2.25075009188858,wonder
2001,Black or African American,Not Hispanic or Latino,us,Deaths,prop. of overall burden,attributable,3.1333929657101,2.44876257709778,3.96465845315432,wonder
2001,Black or African American,Not Hispanic or Latino,us,YLL,prop. of overall burden,attributable,2.47489139735885,1.97683799530831,3.13798296251591,wonder
2001,White,All Origins,us,Deaths,prop. of overall burden,attributable,2.71478300828328,2.05360898312351,3.57468090580131,wonder
2001,White,All Origins,us,YLL,prop. of overall burden,attributable,2.46967679035942,1.88575669548218,3.28077749776383,wonder
2001,White,Hispanic or Latino,us,Deaths,prop. of overall burden,attributable,2.44091624758164,1.86734486474782,3.17063082834165,wonder
2001,White,Hispanic or Latino,us,YLL,prop. of overall burden,attributable,1.64965979644679,1.28408507392828,2.1233652061321,wonder
2001,White,Not Hispanic or Latino,us,Deaths,prop. of overall burden,attributable,2.73600656760022,2.0674802142949,3.60810419286546,wonder
2001,White,Not Hispanic or Latino,us,YLL,prop. of overall burden,attributable,2.54472337882709,1.94077776767773,3.38648524024268,wonder
2002,American Indian or Alaska Native,All Origins,us,Deaths,prop. of overall burden,attributable,1.80571722275442,1.30220620721478,2.52344782763778,wonder
2002,American Indian or Alaska Native,All Origins,us,YLL,prop. of overall burden,attributable,1.26362753086073,0.922172102897829,1.75015097666906,wonder
2002,American Indian or Alaska Native,Hispanic or Latino,us,Deaths,prop. of overall burden,attributable,2.32234382606143,1.79128811187302,2.96958948189165,wonder
2002,American Indian or Alaska Native,Hispanic or Latino,us,YLL,prop. of overall burden,attributable,1.18004861634948,0.938713143877578,1.51695220826254,wonder
2002,American Indian or Alaska Native,Not Hispanic or Latino,us,Deaths,prop. of overall burden,attributable,1.74220433064718,1.20081209505293,2.51611042484443,wonder
2002,American Indian or Alaska Native,Not Hispanic or Latino,us,YLL,prop. of overall burden,attributable,1.2024438709455,0.853629328591576,1.70488397756517,wonder
2002,Asian or Pacific Islander,All Origins,us,Deaths,prop. of overall burden,attributable,2.87772131502593,2.26746152318439,3.63951236358971,wonder
2002,Asian or Pacific Islander,All Origins,us,YLL,prop. of overall burden,attributable,2.52402898872996,2.02108576110057,3.19736379645327,wonder
2002,Asian or Pacific Islander,Hispanic or Latino,us,Deaths,prop. of overall burden,attributable,2.63982792919151,2.04347226690807,3.5154212294074,wonder
2002,Asian or Pacific Islander,Hispanic or Latino,us,YLL,prop. of overall burden,attributable,1.95889442913068,1.52648225111075,2.55304230835225,wonder
2002,Asian or Pacific Islander,Not Hispanic or Latino,us,Deaths,prop. of overall burden,attributable,3.06120096258709,2.3900154469708,3.87257251654292,wonder
2002,Asian or Pacific Islander,Not Hispanic or Latino,us,YLL,prop. of overall burden,attributable,2.57495680621848,2.0717366164636,3.27293058286024,wonder
2002,Black or African American,All Origins,us,Deaths,prop. of overall burden,attributable,2.84084034321897,2.22519592418828,3.62837297447035,wonder
2002,Black or African American,All Origins,us,YLL,prop. of overall burden,attributable,2.30439890306798,1.82008230064175,2.95548587260659,wonder
2002,Black or African American,Hispanic or Latino,us,Deaths,prop. of overall burden,attributable,2.76081841498547,2.13224058372956,3.55917883271925,wonder
2002,Black or African American,Hispanic or Latino,us,YLL,prop. of overall burden,attributable,1.72676544526765,1.36520843701322,2.19004347797237,wonder
2002,Black or African American,Not Hispanic or Latino,us,Deaths,prop. of overall burden,attributable,2.96249215653834,2.28813083507428,3.78962159332479,wonder
2002,Black or African American,Not Hispanic or Latino,us,YLL,prop. of overall burden,attributable,2.34214749005329,1.84503240857543,3.00135610674255,wonder
2002,White,All Origins,us,Deaths,prop. of overall burden,attributable,2.59023703341834,1.94249904596211,3.44244953635253,wonder
2002,White,All Origins,us,YLL,prop. of overall burden,attributable,2.36297760291932,1.78643822018906,3.16776741951501,wonder
2002,White,Hispanic or Latino,us,Deaths,prop. of overall burden,attributable,2.39608847980096,1.82974517364863,3.13445633363863,wonder
2002,White,Hispanic or Latino,us,YLL,prop. of overall burden,attributable,1.62728931007534,1.26184183764016,2.10422417799932,wonder
2002,White,Not Hispanic or Latino,us,Deaths,prop. of overall burden,attributable,2.60603668991253,1.95198057989303,3.46979455456293,wonder
2002,White,Not Hispanic or Latino,us,YLL,prop. of overall burden,attributable,2.43191773968708,1.8356206492662,3.26703114627798,wonder
2003,American Indian or Alaska Native,All Origins,us,Deaths,prop. of overall burden,attributable,1.75257564530382,1.2439502929917,2.48326178790129,wonder
2003,American Indian or Alaska Native,All Origins,us,YLL,prop. of overall burden,attributable,1.29489650112529,0.925390216911095,1.81930771447779,wonder
2003,American Indian or Alaska Native,Hispanic or Latino,us,Deaths,prop. of overall burden,attributable,2.43079614839497,1.88148409713819,3.1295657456837,wonder
2003,American Indian or Alaska Native,Hispanic or Latino,us,YLL,prop. of overall burden,attributable,1.15511297614337,0.914472602487619,1.48818496744216,wonder
2003,American Indian or Alaska Native,Not Hispanic or Latino,us,Deaths,prop. of overall burden,attributable,1.71199604439417,1.16760374668833,2.48892115878928,wonder
2003,American Indian or Alaska Native,Not Hispanic or Latino,us,YLL,prop. of overall burden,attributable,1.24304184873761,0.866168883984668,1.78863963555855,wonder
2003,Asian or Pacific Islander,All Origins,us,Deaths,prop. of overall burden,attributable,2.62245630419695,2.01693385182094,3.40305297756456,wonder
2003,Asian or Pacific Islander,All Origins,us,YLL,prop. of overall burden,attributable,2.37100779183869,1.86441879958063,3.07544438182229,wonder
2003,Asian or Pacific Islander,Hispanic or Latino,us,Deaths,prop. of overall burden,attributable,2.11268228721416,1.59891270579982,2.79213832154952,wonder
2003,Asian or Pacific Islander,Hispanic or Latino,us,YLL,prop. of overall burden,attributable,1.65072518283252,1.26254216700989,2.16853734095351,wonder
2003,Asian or Pacific Islander,Not Hispanic or Latino,us,Deaths,prop. of overall burden,attributable,2.79018001021966,2.12920633953339,3.62187781028829,wonder
2003,Asian or Pacific Islander,Not Hispanic or Latino,us,YLL,prop. of overall burden,attributable,2.41864404220248,1.9008770888493,3.14331715647904,wonder
2003,Black or African American,All Origins,us,Deaths,prop. of overall burden,attributable,2.75482413943115,2.14907261142388,3.53072591892613,wonder
2003,Black or African American,All Origins,us,YLL,prop. of overall burden,attributable,2.26081415050515,1.77624028671505,2.90998912139598,wonder
2003,Black or African American,Hispanic or Latino,us,Deaths,prop. of overall burden,attributable,2.6868442442812,2.09397284989601,3.43280226063253,wonder
2003,Black or African American,Hispanic or Latino,us,YLL,prop. of overall burden,attributable,1.57846701580278,1.21663070624241,1.98990390127302,wonder
2003,Black or African American,Not Hispanic or Latino,us,Deaths,prop. of overall burden,attributable,2.87661314653791,2.2121745729033,3.69710617070868,wonder
2003,Black or African American,Not Hispanic or Latino,us,YLL,prop. of overall burden,attributable,2.29837858568216,1.8000277201363,2.9558114976842,wonder
2003,White,All Origins,us,Deaths,prop. of overall burden,attributable,2.46230192446185,1.82865668636531,3.30269718526168,wonder
2003,White,All Origins,us,YLL,prop. of overall burden,attributable,2.25093080819288,1.68614455279351,3.04507816868757,wonder
2003,White,Hispanic or Latino,us,Deaths,prop. of overall burden,attributable,2.2204925693241,1.67323009309426,2.92484314579257,wonder
2003,White,Hispanic or Latino,us,YLL,prop. of overall burden,attributable,1.50104630599338,1.15078243087229,1.95913109558367,wonder
2003,White,Not Hispanic or Latino,us,Deaths,prop. of overall burden,attributable,2.48135038884041,1.84051066517637,3.33422641028447,wonder
2003,White,Not Hispanic or Latino,us,YLL,prop. of overall burden,attributable,2.32331863807379,1.73768855057709,3.1498436451696,wonder
2000,American Indian or Alaska Native,All Origins,us,Deaths,prop. of overall burden,attributable,1.89548045847943,1.38071939221039,2.58742069272654,nvss
2000,American Indian or Alaska Native,All Origins,us,YLL,prop. of overall burden,attributable,1.44710489640227,1.06052172743829,1.99292278185655,nvss
2000,American Indian or Alaska Native,Hispanic or Latino,us,Deaths,prop. of overall burden,attributable,3.21075590483954,2.52737182582254,4.10926253849867,nvss
2000,American Indian or Alaska Native,Hispanic or Latino,us,YLL,prop. of overall burden,attributable,1.57053012255983,1.24945148329392,2.00707754543902,nvss
2000,American Indian or Alaska Native,Not Hispanic or Latino,us,Deaths,prop. of overall burden,attributable,0.0232746843023198,0.0162896031475433,0.0343653660397534,nvss
2000,American Indian or Alaska Native,Not Hispanic or Latino,us,YLL,prop. of overall burden,attributable,0.0746477673156523,0.0522448549517355,0.110218373513966,nvss
2000,Asian or Pacific Islander,All Origins,us,Deaths,prop. of overall burden,attributable,2.86735449434798,2.2675066154355,3.62723856928377,nvss
2000,Asian or Pacific Islander,All Origins,us,YLL,prop. of overall burden,attributable,2.65256462305081,2.10846216839009,3.38551818797346,nvss
2000,Asian or Pacific Islander,Hispanic or Latino,us,Deaths,prop. of overall burden,attributable,2.79755106621204,2.19301840462885,3.58847269405444,nvss
2000,Asian or Pacific Islander,Hispanic or Latino,us,YLL,prop. of overall burden,attributable,1.95590828053147,1.53590696188128,2.52732249582026,nvss
2000,Black or African American,All Origins,us,Deaths,prop. of overall burden,attributable,3.13286016142636,2.49484499642699,3.92778058304284,nvss
2000,Black or African American,All Origins,us,YLL,prop. of overall burden,attributable,2.71309188780654,2.17931706216485,3.42516061431759,nvss
2000,Black or African American,Hispanic or Latino,us,Deaths,prop. of overall burden,attributable,2.91280820123312,2.29347707110951,3.66833022569846,nvss
2000,Black or African American,Hispanic or Latino,us,YLL,prop. of overall burden,attributable,2.20163016873193,1.75822358501726,2.76703955226994,nvss
2000,Black or African American,Not Hispanic or Latino,us,Deaths,prop. of overall burden,attributable,3.26312401334879,2.5667177351683,4.10625777079673,nvss
2000,Black or African American,Not Hispanic or Latino,us,YLL,prop. of overall burden,attributable,2.75741731477892,2.20739101266648,3.48842911649734,nvss
2000,White,All Origins,us,Deaths,prop. of overall burden,attributable,2.8215299693012,2.13945078642407,3.69313837241547,nvss
2000,White,All Origins,us,YLL,prop. of overall burden,attributable,2.64396028833192,2.02312374327528,3.49642965229795,nvss
2000,White,Hispanic or Latino,us,Deaths,prop. of overall burden,attributable,2.40353395299527,1.8361936519276,3.10238941197056,nvss
2000,White,Hispanic or Latino,us,YLL,prop. of overall burden,attributable,1.7389983043554,1.33898985813508,2.24906390796717,nvss
2000,White,Not Hispanic or Latino,us,Deaths,prop. of overall burden,attributable,2.85082289464488,2.16070440366181,3.73607268811776,nvss
2000,White,Not Hispanic or Latino,us,YLL,prop. of overall burden,attributable,2.71588752577382,2.07736690060034,3.59565011722492,nvss
2001,American Indian or Alaska Native,All Origins,us,Deaths,prop. of overall burden,attributable,1.7527274656248,1.26346442445587,2.43586403829181,nvss
2001,American Indian or Alaska Native,All Origins,us,YLL,prop. of overall burden,attributable,1.32896552244033,0.958307052247092,1.8427656455935,nvss
2001,American Indian or Alaska Native,Hispanic or Latino,us,Deaths,prop. of overall burden,attributable,2.06001637896259,1.58072830818829,2.69689522925787,nvss
2001,American Indian or Alaska Native,Hispanic or Latino,us,YLL,prop. of overall burden,attributable,1.12467884742756,0.856460105565574,1.45797167063696,nvss
2001,American Indian or Alaska Native,Not Hispanic or Latino,us,Deaths,prop. of overall burden,attributable,1.71588766829139,1.20539736184469,2.45932174067018,nvss
2001,American Indian or Alaska Native,Not Hispanic or Latino,us,YLL,prop. of overall burden,attributable,1.27344576865809,0.901622073215914,1.79503573633197,nvss
2001,Asian or Pacific Islander,All Origins,us,Deaths,prop. of overall burden,attributable,2.8470927703271,2.25786322070581,3.60411386440572,nvss
2001,Asian or Pacific Islander,All Origins,us,YLL,prop. of overall burden,attributable,2.60669537743871,2.07567531822598,3.3184559767095,nvss
2001,Asian or Pacific Islander,Hispanic or Latino,us,Deaths,prop. of overall burden,attributable,2.33659529394315,1.82058891419456,3.05430066498622,nvss
2001,Asian or Pacific Islander,Hispanic or Latino,us,YLL,prop. of overall burden,attributable,1.98523081201324,1.55396034224555,2.57527018518796,nvss
2001,Asian or Pacific Islander,Not Hispanic or Latino,us,Deaths,prop. of overall burden,attributable,3.02659924123577,2.37372312783897,3.84751883845409,nvss
2001,Asian or Pacific Islander,Not Hispanic or Latino,us,YLL,prop. of overall burden,attributable,2.65132085240891,2.1179679721173,3.3849455117799,nvss
2001,Black or African American,All Origins,us,Deaths,prop. of overall burden,attributable,2.94976800118472,2.32298719590302,3.733309429796,nvss
2001,Black or African American,All Origins,us,YLL,prop. of overall burden,attributable,2.55206787344636,2.02691294201139,3.25969311469895,nvss
2001,Black or African American,Hispanic or Latino,us,Deaths,prop. of overall burden,attributable,2.85468854537625,2.21463657578824,3.60277279354511,nvss
2001,Black or African American,Hispanic or Latino,us,YLL,prop. of overall burden,attributable,2.06178018831142,1.62919204613009,2.63183993409851,nvss
2001,Black or African American,Not Hispanic or Latino,us,Deaths,prop. of overall burden,attributable,3.0676469042503,2.38732805652521,3.90438534530002,nvss
2001,Black or African American,Not Hispanic or Latino,us,YLL,prop. of overall burden,attributable,2.59250390390864,2.05218193969056,3.3136873893602,nvss
2001,White,All Origins,us,Deaths,prop. of overall burden,attributable,2.63953740604379,1.97730097532764,3.49518605074025,nvss
2001,White,All Origins,us,YLL,prop. of overall burden,attributable,2.46960166033158,1.87038803119799,3.30577207605098,nvss
2001,White,Hispanic or Latino,us,Deaths,prop. of overall burden,attributable,2.33602529376354,1.77724667141213,3.01797391145111,nvss
2001,White,Hispanic or Latino,us,YLL,prop. of overall burden,attributable,1.7072814799606,1.31049904669763,2.22167408530731,nvss
2001,White,Not Hispanic or Latino,us,Deaths,prop. of overall burden,attributable,2.66305550114584,1.99320768350523,3.53225915527183,nvss
2001,White,Not Hispanic or Latino,us,YLL,prop. of overall burden,attributable,2.53365272823809,1.91725720966957,3.39686639383423,nvss
2002,American Indian or Alaska Native,All Origins,us,Deaths,prop. of overall burden,attributable,1.73464288651966,1.23776657940103,2.42445509445993,nvss
2002,American Indian or Alaska Native,All Origins,us,YLL,prop. of overall burden,attributable,1.29216667949068,0.933982982101529,1.78980249954546,nvss
2002,American Indian or Alaska Native,Hispanic or Latino,us,Deaths,prop. of overall burden,attributable,2.09000536039433,1.64187088447032,2.64939797567957,nvss
2002,American Indian or Alaska Native,Hispanic or Latino,us,YLL,prop. of overall burden,attributable,1.39761271355698,1.11001839371258,1.79188240965186,nvss
2002,American Indian or Alaska Native,Not Hispanic or Latino,us,Deaths,prop. of overall burden,attributable,1.68504293862124,1.17198944001774,2.44084397533762,nvss
2002,American Indian or Alaska Native,Not Hispanic or Latino,us,YLL,prop. of overall burden,attributable,1.22637064286047,0.863235785963391,1.73682491309678,nvss
2002,Asian or Pacific Islander,All Origins,us,Deaths,prop. of overall burden,attributable,2.73071813083807,2.15994104600091,3.45825876040303,nvss
2002,Asian or Pacific Islander,All Origins,us,YLL,prop. of overall burden,attributable,2.55486073516293,2.02550315981313,3.26680761036242,nvss
2002,Asian or Pacific Islander,Hispanic or Latino,us,Deaths,prop. of overall burden,attributable,2.46197732449587,1.88264666747116,3.29805214993542,nvss
2002,Asian or Pacific Islander,Hispanic or Latino,us,YLL,prop. of overall burden,attributable,2.09834614691028,1.61718016148598,2.75152282361517,nvss
2002,Asian or Pacific Islander,Not Hispanic or Latino,us,Deaths,prop. of overall burden,attributable,2.92488145212101,2.28414107077521,3.72949674377506,nvss
2002,Asian or Pacific Islander,Not Hispanic or Latino,us,YLL,prop. of overall burden,attributable,2.59979324799949,2.0706084484798,3.33436796194657,nvss
2002,Black or African American,All Origins,us,Deaths,prop. of overall burden,attributable,2.78388114902469,2.16760333118849,3.55474822368582,nvss
2002,Black or African American,All Origins,us,YLL,prop. of overall burden,attributable,2.4204116586096,1.89440569404551,3.12950224751676,nvss
2002,Black or African American,Hispanic or Latino,us,Deaths,prop. of overall burden,attributable,2.62647322277213,2.00396725571492,3.37693914642311,nvss
2002,Black or African American,Hispanic or Latino,us,YLL,prop. of overall burden,attributable,1.93078638105831,1.51820335058332,2.47022401545911,nvss
2002,Black or African American,Not Hispanic or Latino,us,Deaths,prop. of overall burden,attributable,2.89976113561185,2.23032687382922,3.73226125720867,nvss
2002,Black or African American,Not Hispanic or Latino,us,YLL,prop. of overall burden,attributable,2.45784499834556,1.91866397133218,3.17526990430777,nvss
2002,White,All Origins,us,Deaths,prop. of overall burden,attributable,2.51247983640494,1.86471365064753,3.35815735738606,nvss
2002,White,All Origins,us,YLL,prop. of overall burden,attributable,2.35978543975304,1.768794905502,3.18894179284575,nvss
2002,White,Hispanic or Latino,us,Deaths,prop. of overall burden,attributable,2.2871952135016,1.72921310767364,2.97503189599634,nvss
2002,White,Hispanic or Latino,us,YLL,prop. of overall burden,attributable,1.69180644658813,1.29321825369301,2.21147421087905,nvss
2002,White,Not Hispanic or Latino,us,Deaths,prop. of overall burden,attributable,2.53074752675655,1.87635934469879,3.38935494506794,nvss
2002,White,Not Hispanic or Latino,us,YLL,prop. of overall burden,attributable,2.41710525634836,1.80947603109859,3.27265952550582,nvss
2003,American Indian or Alaska Native,All Origins,us,Deaths,prop. of overall burden,attributable,1.56979622488656,1.08563537022126,2.25934581561927,nvss
2003,American Indian or Alaska Native,All Origins,us,YLL,prop. of overall burden,attributable,1.19588968903562,0.844887243133201,1.70068088628697,nvss
2003,American Indian or Alaska Native,Hispanic or Latino,us,Deaths,prop. of overall burden,attributable,2.04644569658002,1.50093856792431,2.78652804661864,nvss
2003,American Indian or Alaska Native,Hispanic or Latino,us,YLL,prop. of overall burden,attributable,1.01140671217207,0.789708752934612,1.32457238839625,nvss
2003,American Indian or Alaska Native,Not Hispanic or Latino,us,Deaths,prop. of overall burden,attributable,0.0856112466347591,0.0411428238116777,0.142597682228231,nvss
2003,American Indian or Alaska Native,Not Hispanic or Latino,us,YLL,prop. of overall burden,attributable,0.0783946959176405,0.0393595276210954,0.129702336874488,nvss
2003,Asian or Pacific Islander,All Origins,us,Deaths,prop. of overall burden,attributable,2.33879251299055,1.78583669765837,3.10516980384636,nvss
2003,Asian or Pacific Islander,All Origins,us,YLL,prop. of overall burden,attributable,2.18991179491655,1.71637668666241,2.85311193326564,nvss
2003,Asian or Pacific Islander,Hispanic or Latino,us,Deaths,prop. of overall burden,attributable,1.9214217770546,1.44230487701266,2.59071693010301,nvss
2003,Asian or Pacific Islander,Hispanic or Latino,us,YLL,prop. of overall burden,attributable,1.64174757597199,1.23521248231772,2.18948804262698,nvss
2003,Asian or Pacific Islander,Not Hispanic or Latino,us,Deaths,prop. of overall burden,attributable,0.301535292537802,0.22225587822109,0.399720902407285,nvss
2003,Asian or Pacific Islander,Not Hispanic or Latino,us,YLL,prop. of overall burden,attributable,0.294938402368969,0.227192071963502,0.385088433192527,nvss
2003,Black or African American,All Origins,us,Deaths,prop. of overall burden,attributable,2.48782742632902,1.90705392587956,3.25991648334005,nvss
2003,Black or African American,All Origins,us,YLL,prop. of overall burden,attributable,2.09486229891597,1.63818555830612,2.71299305766459,nvss
2003,Black or African American,Hispanic or Latino,us,Deaths,prop. of overall burden,attributable,2.41215611061033,1.81497732950997,3.23761674758718,nvss
2003,Black or African American,Hispanic or Latino,us,YLL,prop. of overall burden,attributable,1.398976407896,1.0974079090307,1.8129101739445,nvss
2003,Black or African American,Not Hispanic or Latino,us,Deaths,prop. of overall burden,attributable,0.188523091382842,0.148459444435555,0.239959235110659,nvss
2003,Black or African American,Not Hispanic or Latino,us,YLL,prop. of overall burden,attributable,0.19409213360929,0.150578950648921,0.249342171281214,nvss
2003,White,All Origins,us,Deaths,prop. of overall burden,attributable,2.21784915643221,1.63895557508587,3.02150164150416,nvss
2003,White,All Origins,us,YLL,prop. of overall burden,attributable,2.08837696900411,1.56085895239615,2.82843724287299,nvss
2003,White,Hispanic or Latino,us,Deaths,prop. of overall burden,attributable,2.03603069684266,1.49403050204459,2.75357980369722,nvss
2003,White,Hispanic or Latino,us,YLL,prop. of overall burden,attributable,1.37326283034021,1.05176606223904,1.822391824209,nvss
2003,White,Not Hispanic or Latino,us,Deaths,prop. of overall burden,attributable,2.23398892438781,1.65121488504921,3.04477447016812,nvss
2003,White,Not Hispanic or Latino,us,YLL,prop. of overall burden,attributable,2.15727262993395,1.60982278480739,2.92650521027087,nvss
